t,edge_id,vertex1,vertex2,length,average_width,intensity,betweenness_centrality
500.0,1.0,1.0,4.0,30.0,1.411709029421967,93.80645161290325,0.0
500.0,2.0,2.0,4.0,24.0,1.401402314028925,90.36,0.0
500.0,3.0,3.0,7.0,29.0,1.1161760458079522,80.5,0.0
500.0,4.0,5.0,7.0,13.0,1.1306019374818708,86.92857142857143,0.0
500.0,5.0,6.0,11.0,17.0,1.4063171388324869,95.0,0.0
500.0,6.0,8.0,11.0,15.0,1.2544417382415922,92.25,0.0
500.0,7.0,9.0,12.0,3.0,1.4125703849682212,111.25,0.0
500.0,8.0,14.0,31.0,37.0,1.521775658271762,94.89473684210526,0.0
500.0,9.0,15.0,31.0,24.0,1.4553910524340097,89.68,0.0
500.0,10.0,16.0,22.0,14.0,2.4047378541243645,130.26666666666668,0.0
500.0,11.0,17.0,36.0,23.0,1.6452200572599402,87.91666666666667,0.0
500.0,12.0,18.0,25.0,10.0,1.0753115567951084,113.27272727272728,0.0
500.0,13.0,19.0,25.0,9.0,1.6307135789365266,107.9,0.0
500.0,14.0,20.0,61.0,28.0,1.5078593814261323,97.6206896551724,0.0
500.0,15.0,21.0,22.0,3.0,1.1035533905932735,122.75,0.0
500.0,16.0,23.0,65.0,26.0,1.498364597137619,94.96296296296296,0.0
500.0,17.0,24.0,28.0,4.0,1.365685424949238,107.4,0.0
500.0,18.0,26.0,60.0,18.0,1.511649965880966,97.47368421052632,0.0
500.0,19.0,27.0,33.0,3.0,1.6035533905932735,101.0,0.0
500.0,20.0,30.0,29.0,2.0,1.0,107.66666666666669,0.0
500.0,21.0,37.0,34.0,4.0,1.2,98.0,0.0
500.0,22.0,39.0,40.0,2.0,1.1380711874576983,99.66666666666669,0.0
500.0,23.0,44.0,56.0,8.0,1.823801506930344,97.77777777777776,0.0
500.0,24.0,45.0,41.0,4.0,1.365685424949238,96.0,0.0
500.0,25.0,46.0,41.0,4.0,1.2,109.6,0.0
500.0,26.0,49.0,36.0,9.0,1.382842712474619,94.0,0.0
500.0,27.0,52.0,56.0,14.0,1.4209138999323174,97.86666666666666,0.0
500.0,28.0,53.0,65.0,8.0,1.2952060277213755,89.66666666666667,0.0
500.0,29.0,58.0,51.0,3.0,1.25,127.5,0.0
500.0,30.0,59.0,47.0,7.0,1.125,101.0,0.0
500.0,31.0,63.0,55.0,12.0,1.7786474996055743,141.53846153846155,0.0
500.0,32.0,66.0,69.0,4.0,1.2,96.0,0.0
500.0,33.0,70.0,75.0,3.0,1.75,95.0,0.0
500.0,34.0,79.0,98.0,14.0,1.0942809041582064,86.0,0.0
500.0,35.0,80.0,102.0,11.0,1.0690355937288494,81.5,0.0
500.0,36.0,81.0,84.0,9.0,1.223606797749979,118.3,0.0
500.0,37.0,83.0,98.0,7.0,1.3321067811865477,90.75,0.0
500.0,38.0,85.0,97.0,4.0,1.282842712474619,107.8,0.0
500.0,39.0,86.0,110.0,11.0,1.2214045207910316,86.5,0.0
500.0,40.0,87.0,102.0,16.0,1.385667599182591,93.76470588235294,0.0
500.0,41.0,91.0,76.0,5.0,2.0214983674153264,134.83333333333334,0.0
500.0,42.0,93.0,78.0,5.0,1.1666666666666667,99.5,0.0
500.0,43.0,94.0,95.0,3.0,1.1035533905932735,98.5,0.0
500.0,44.0,99.0,77.0,9.0,1.1,90.8,0.0
500.0,45.0,101.0,114.0,4.0,1.082842712474619,88.4,0.0
500.0,46.0,109.0,89.0,10.0,1.25712973861329,96.8181818181818,0.0
500.0,47.0,111.0,121.0,4.0,1.082842712474619,91.6,0.0
500.0,48.0,117.0,127.0,4.0,1.3313708498984762,93.4,0.0
500.0,49.0,119.0,103.0,6.0,1.4632343838741837,130.0,0.0
500.0,50.0,122.0,107.0,4.0,1.282842712474619,139.4,0.0
500.0,51.0,125.0,140.0,9.0,1.165685424949238,81.9,0.0
500.0,52.0,126.0,120.0,5.0,2.162472810034941,125.0,0.0
500.0,53.0,129.0,135.0,5.0,1.344082517040997,102.83333333333331,0.0
500.0,54.0,132.0,123.0,5.0,2.1559441376098207,137.0,0.0
500.0,55.0,133.0,130.0,7.0,3.8560439863110223,183.0,0.0
500.0,56.0,139.0,140.0,3.0,1.1035533905932735,85.25,0.0
500.0,57.0,142.0,130.0,7.0,3.321192664290204,171.375,0.0
500.0,58.0,143.0,157.0,9.0,1.206449510224598,105.1,0.0
500.0,59.0,144.0,136.0,4.0,1.612899020449196,110.4,0.0
500.0,60.0,146.0,153.0,4.0,1.282842712474619,89.8,0.0
500.0,61.0,147.0,167.0,11.0,1.7553745918538315,95.25,0.0
500.0,62.0,149.0,163.0,9.0,1.8414213562373096,92.7,0.0
500.0,63.0,150.0,166.0,13.0,1.177520098159898,86.07142857142857,0.0
500.0,64.0,151.0,141.0,5.0,1.0,103.5,0.0
500.0,65.0,152.0,160.0,10.0,1.2038764261017532,86.18181818181819,0.0
500.0,66.0,158.0,164.0,6.0,1.0591733660532994,85.14285714285714,0.0
500.0,67.0,165.0,160.0,9.0,1.382842712474619,97.0,0.0
500.0,68.0,169.0,171.0,4.0,1.482842712474619,115.4,0.0
500.0,69.0,170.0,209.0,18.0,1.087202855236441,81.63157894736842,0.0
500.0,70.0,173.0,162.0,4.0,1.530056307974577,129.4,0.0
500.0,71.0,176.0,167.0,6.0,1.673539520302695,104.42857142857144,0.0
500.0,72.0,178.0,175.0,2.0,1.1380711874576983,107.0,0.0
500.0,73.0,180.0,171.0,7.0,1.7803300858899105,103.375,0.0
500.0,74.0,181.0,208.0,9.0,1.0414213562373096,84.0,0.0
500.0,75.0,183.0,210.0,9.0,1.0828427124746192,79.8,0.0
500.0,76.0,184.0,185.0,2.0,1.2761423749153966,82.66666666666667,0.0
500.0,77.0,189.0,193.0,4.0,1.365685424949238,104.4,0.0
500.0,78.0,190.0,191.0,2.0,1.1380711874576983,86.66666666666667,0.0
500.0,79.0,192.0,187.0,9.0,1.1414213562373097,90.1,0.0
500.0,80.0,194.0,212.0,4.0,1.282842712474619,88.4,0.0
500.0,81.0,197.0,186.0,13.0,1.421392495472262,102.85714285714286,0.0
500.0,82.0,199.0,214.0,4.0,1.282842712474619,97.0,0.0
500.0,83.0,200.0,218.0,8.0,1.2952060277213755,86.33333333333333,0.0
500.0,84.0,202.0,213.0,3.0,1.1035533905932735,88.0,0.0
500.0,85.0,204.0,258.0,19.0,1.253553390593274,85.55,0.0
500.0,86.0,205.0,191.0,3.0,1.1035533905932735,81.25,0.0
500.0,87.0,206.0,193.0,3.0,1.1035533905932735,112.75,0.0
500.0,88.0,211.0,203.0,14.0,1.1495093791412856,89.33333333333333,0.0
500.0,89.0,215.0,222.0,2.0,1.2761423749153966,88.66666666666667,0.0
500.0,90.0,220.0,187.0,9.0,1.182842712474619,85.3,0.0
500.0,91.0,223.0,210.0,3.0,1.2071067811865477,84.0,0.0
500.0,92.0,224.0,238.0,8.0,1.1111111111111112,87.33333333333333,0.0
500.0,93.0,227.0,214.0,22.0,1.4002882924337798,117.91304347826087,0.0
500.0,94.0,228.0,245.0,6.0,1.31943828249997,104.0,0.0
500.0,95.0,230.0,229.0,2.0,1.1380711874576983,110.66666666666669,0.0
500.0,96.0,231.0,216.0,11.0,1.201184463531091,89.83333333333333,0.0
500.0,97.0,234.0,249.0,4.0,1.565685424949238,108.6,0.0
500.0,98.0,237.0,287.0,17.0,1.193626743013254,86.27777777777777,0.0
500.0,99.0,239.0,251.0,2.0,1.0,90.33333333333331,0.0
500.0,100.0,240.0,243.0,10.0,1.0753115567951084,87.63636363636364,0.0
500.0,101.0,241.0,247.0,3.0,1.1035533905932735,130.0,0.0
500.0,102.0,244.0,243.0,3.0,1.1035533905932735,92.25,0.0
500.0,103.0,246.0,232.0,4.0,1.282842712474619,84.8,0.0
500.0,104.0,252.0,232.0,4.0,1.282842712474619,84.4,0.0
500.0,105.0,257.0,311.0,24.0,1.402842712474619,85.76,0.0
500.0,106.0,259.0,251.0,7.0,1.0,89.375,0.0
500.0,107.0,261.0,249.0,6.0,1.261203874963741,112.42857142857144,0.0
500.0,108.0,263.0,280.0,7.0,1.051776695296637,82.25,0.0
500.0,109.0,265.0,268.0,3.0,1.5,92.0,0.0
500.0,110.0,267.0,290.0,8.0,1.1380711874576983,90.88888888888889,0.0
500.0,111.0,269.0,273.0,3.0,1.1035533905932735,90.25,0.0
500.0,112.0,271.0,277.0,2.0,1.0,92.66666666666669,0.0
500.0,113.0,272.0,309.0,12.0,1.0318625817210074,84.46153846153847,0.0
500.0,114.0,274.0,295.0,7.0,1.0,77.5,0.0
500.0,115.0,275.0,277.0,2.0,1.0,95.0,0.0
500.0,116.0,278.0,276.0,9.0,1.2,99.3,0.0
500.0,117.0,279.0,296.0,5.0,1.235702260395516,89.16666666666667,0.0
500.0,118.0,281.0,280.0,2.0,1.1380711874576983,87.33333333333333,0.0
500.0,119.0,282.0,325.0,22.0,1.241580399395828,88.34782608695652,0.0
500.0,120.0,284.0,283.0,2.0,1.1380711874576983,88.0,0.0
500.0,121.0,285.0,348.0,34.0,1.4052504624021025,90.68571428571428,0.0
500.0,122.0,286.0,303.0,6.0,1.0591733660532994,89.0,0.0
500.0,123.0,288.0,255.0,13.0,1.4632343838741837,107.92857142857144,0.0
500.0,124.0,300.0,233.0,22.0,1.4633414891083645,114.91304347826087,0.0
500.0,125.0,301.0,295.0,2.0,1.0,80.66666666666667,0.0
500.0,126.0,304.0,303.0,3.0,1.1035533905932735,88.0,0.0
500.0,127.0,308.0,321.0,6.0,1.1183467321065983,89.0,0.0
500.0,128.0,310.0,340.0,12.0,1.1593129086050369,95.3076923076923,0.0
500.0,129.0,313.0,323.0,4.0,1.3300563079745769,95.8,0.0
500.0,130.0,317.0,306.0,5.0,1.235702260395516,87.66666666666667,0.0
500.0,131.0,318.0,358.0,16.0,1.2878189545289511,86.82352941176471,0.0
500.0,132.0,319.0,332.0,5.0,1.0690355937288492,83.5,0.0
500.0,133.0,324.0,328.0,2.0,1.1380711874576983,87.33333333333333,0.0
500.0,134.0,326.0,337.0,7.0,1.125,85.75,0.0
500.0,135.0,327.0,331.0,2.0,1.2761423749153966,86.0,0.0
500.0,136.0,329.0,328.0,2.0,1.1380711874576983,90.0,0.0
500.0,137.0,333.0,354.0,7.0,1.7366152783740212,112.25,0.0
500.0,138.0,334.0,373.0,13.0,1.0,109.42857142857144,0.0
500.0,139.0,335.0,340.0,2.0,1.1380711874576983,96.33333333333331,0.0
500.0,140.0,338.0,348.0,3.0,1.25,87.25,0.0
500.0,141.0,341.0,364.0,15.0,1.114276695296637,84.0625,0.0
500.0,142.0,344.0,331.0,4.0,1.165685424949238,83.6,0.0
500.0,143.0,347.0,360.0,5.0,1.235702260395516,88.83333333333333,0.0
500.0,144.0,349.0,342.0,2.0,1.0,83.66666666666667,0.0
500.0,145.0,350.0,363.0,7.0,1.051776695296637,99.375,0.0
500.0,146.0,351.0,342.0,3.0,1.0,82.75,0.0
500.0,147.0,353.0,352.0,4.0,1.082842712474619,97.2,0.0
500.0,148.0,355.0,363.0,5.0,1.2071067811865477,104.83333333333331,0.0
500.0,149.0,356.0,364.0,2.0,1.1380711874576983,86.66666666666667,0.0
500.0,150.0,359.0,367.0,4.0,1.812899020449196,139.0,0.0
500.0,151.0,361.0,357.0,3.0,1.25,90.75,0.0
500.0,152.0,362.0,369.0,2.0,1.1380711874576983,109.33333333333331,0.0
500.0,153.0,365.0,403.0,16.0,1.107554536749776,80.52941176470588,0.0
500.0,154.0,368.0,371.0,5.0,1.0690355937288492,94.66666666666669,0.0
500.0,155.0,370.0,383.0,5.0,1.0690355937288492,88.0,0.0
500.0,156.0,372.0,369.0,2.0,1.1380711874576983,108.0,0.0
500.0,157.0,376.0,367.0,5.0,1.746451444103179,145.5,0.0
500.0,158.0,377.0,330.0,16.0,1.297911476602705,85.88235294117646,0.0
500.0,159.0,381.0,426.0,12.0,1.0318625817210074,84.0,0.0
500.0,160.0,382.0,413.0,9.0,2.586563623409701,111.2,0.0
500.0,161.0,390.0,408.0,16.0,1.253360928786192,100.05882352941175,0.0
500.0,162.0,392.0,416.0,8.0,2.790827429949992,121.77777777777776,0.0
500.0,163.0,395.0,379.0,5.0,1.1666666666666667,85.0,0.0
500.0,164.0,398.0,444.0,13.0,1.248479190329934,94.14285714285714,0.0
500.0,165.0,399.0,429.0,7.0,4.651074414196853,138.875,0.0
500.0,166.0,407.0,412.0,3.0,1.25,89.0,0.0
500.0,167.0,410.0,400.0,3.0,1.3535533905932735,107.25,0.0
500.0,168.0,415.0,460.0,11.0,1.0690355937288494,85.25,0.0
500.0,169.0,418.0,422.0,3.0,1.0,107.75,0.0
500.0,170.0,419.0,402.0,5.0,1.0690355937288492,83.16666666666667,0.0
500.0,171.0,424.0,443.0,5.0,1.1666666666666667,102.33333333333331,0.0
500.0,172.0,427.0,426.0,2.0,1.0,88.0,0.0
500.0,173.0,432.0,471.0,12.0,1.0769230769230769,96.76923076923076,0.0
500.0,174.0,433.0,412.0,9.0,1.4071067811865476,88.6,0.0
500.0,175.0,436.0,452.0,5.0,1.1380711874576983,83.5,0.0
500.0,176.0,438.0,425.0,3.0,1.0,84.75,0.0
500.0,177.0,439.0,472.0,10.0,1.0909090909090908,83.63636363636364,0.0
500.0,178.0,445.0,484.0,11.0,1.407743518916014,93.08333333333331,0.0
500.0,179.0,450.0,435.0,5.0,1.608380256645481,110.0,0.0
500.0,180.0,451.0,464.0,6.0,1.2020305089104422,95.0,0.0
500.0,181.0,455.0,459.0,5.0,1.0690355937288492,96.0,0.0
500.0,182.0,458.0,485.0,8.0,1.1571348402636774,97.77777777777776,0.0
500.0,183.0,461.0,460.0,2.0,1.1380711874576983,79.0,0.0
500.0,184.0,463.0,320.0,46.0,1.5654949280337909,93.25531914893617,0.0
500.0,185.0,465.0,474.0,5.0,1.235702260395516,90.0,0.0
500.0,186.0,469.0,484.0,7.0,1.4857936896715844,105.875,0.0
500.0,187.0,470.0,494.0,32.0,1.100415409060144,98.63636363636364,0.0
500.0,188.0,476.0,503.0,6.0,1.1183467321065983,86.28571428571429,0.0
500.0,189.0,477.0,537.0,13.0,1.3918058124456123,100.0,0.0
500.0,190.0,479.0,441.0,10.0,1.2259346703853249,95.54545454545456,0.0
500.0,191.0,483.0,531.0,11.0,1.117851130197758,83.0,0.0
500.0,192.0,487.0,541.0,13.0,1.0591733660532994,83.5,0.0
500.0,193.0,489.0,482.0,3.0,1.1035533905932735,89.0,0.0
500.0,194.0,491.0,523.0,7.0,1.4562851924841107,95.5,0.0
500.0,195.0,497.0,492.0,2.0,1.1380711874576983,88.0,0.0
500.0,196.0,498.0,507.0,2.0,1.1380711874576983,86.0,0.0
500.0,197.0,501.0,535.0,7.0,1.3312851924841107,106.125,0.0
500.0,198.0,505.0,568.0,15.0,1.39904851942814,87.625,0.0
500.0,199.0,508.0,507.0,2.0,1.1380711874576983,89.66666666666667,0.0
500.0,200.0,515.0,570.0,13.0,1.3918058124456123,85.42857142857143,0.0
500.0,201.0,517.0,593.0,20.0,1.1972445535109977,84.42857142857143,0.0
500.0,202.0,529.0,541.0,6.0,1.177520098159898,90.57142857142856,0.0
500.0,203.0,532.0,518.0,9.0,1.1414213562373097,94.7,0.0
500.0,204.0,533.0,521.0,3.0,1.1035533905932735,107.25,0.0
500.0,205.0,534.0,528.0,4.0,1.612899020449196,113.2,0.0
500.0,206.0,536.0,543.0,3.0,1.6035533905932735,94.0,0.0
500.0,207.0,540.0,551.0,3.0,1.25,91.5,0.0
500.0,208.0,544.0,578.0,9.0,1.165685424949238,86.7,0.0
500.0,209.0,546.0,680.0,34.0,1.9230610225532931,111.2,0.0
500.0,210.0,547.0,555.0,5.0,1.372677996249965,107.0,0.0
500.0,211.0,558.0,539.0,6.0,1.1428571428571428,91.14285714285714,0.0
500.0,212.0,560.0,581.0,6.0,1.0591733660532994,85.14285714285714,0.0
500.0,213.0,561.0,570.0,5.0,1.0690355937288492,86.5,0.0
500.0,214.0,562.0,586.0,9.0,2.047213595499958,120.8,0.0
500.0,215.0,564.0,575.0,2.0,1.1380711874576983,90.0,0.0
500.0,216.0,566.0,565.0,3.0,1.0,93.75,0.0
500.0,217.0,571.0,587.0,8.0,1.4063171388324869,91.44444444444444,0.0
500.0,218.0,579.0,575.0,2.0,1.1380711874576983,88.0,0.0
500.0,219.0,582.0,556.0,7.0,1.1035533905932735,97.0,0.0
500.0,220.0,585.0,581.0,2.0,1.1380711874576983,89.33333333333333,0.0
500.0,221.0,588.0,589.0,11.0,1.0345177968644246,91.5,0.0
500.0,222.0,591.0,556.0,11.0,1.1380711874576983,98.0,0.0
500.0,223.0,592.0,603.0,6.0,1.1428571428571428,85.85714285714286,0.0
500.0,224.0,604.0,690.0,19.0,1.4985281374238573,105.85,0.0
500.0,225.0,607.0,598.0,6.0,1.1428571428571428,88.71428571428571,0.0
500.0,226.0,610.0,685.0,16.0,3.397967297666842,172.1764705882353,0.0
500.0,227.0,613.0,670.0,12.0,1.249433899009176,94.6153846153846,0.0
500.0,228.0,622.0,617.0,5.0,3.335284429737006,209.83333333333337,0.0
500.0,229.0,623.0,611.0,11.0,4.507312016576152,199.33333333333337,0.0
500.0,230.0,625.0,638.0,6.0,1.0591733660532994,76.42857142857143,0.0
500.0,231.0,626.0,630.0,9.0,1.6828427124746193,96.6,0.0
500.0,232.0,631.0,647.0,4.0,1.082842712474619,86.8,0.0
500.0,233.0,632.0,612.0,5.0,1.304737854124365,96.16666666666669,0.0
500.0,234.0,635.0,697.0,11.0,3.305820720195262,164.33333333333334,0.0
500.0,235.0,640.0,639.0,3.0,1.1035533905932735,95.75,0.0
500.0,236.0,643.0,655.0,4.0,1.482842712474619,98.0,0.0
500.0,237.0,644.0,708.0,11.0,1.137523461656074,96.25,0.0
500.0,238.0,645.0,666.0,3.0,1.1035533905932735,91.25,0.0
500.0,239.0,646.0,677.0,5.0,1.1666666666666667,91.33333333333331,0.0
500.0,240.0,648.0,627.0,5.0,4.551189298227544,228.0,0.0
500.0,241.0,654.0,642.0,2.0,1.0,85.66666666666667,0.0
500.0,242.0,657.0,639.0,3.0,1.1035533905932735,94.0,0.0
500.0,243.0,660.0,647.0,3.0,1.3106601717798212,98.0,0.0
500.0,244.0,661.0,601.0,17.0,1.4293290034087698,97.11111111111111,0.0
500.0,245.0,667.0,659.0,4.0,1.2,98.2,0.0
500.0,246.0,674.0,669.0,2.0,1.1380711874576983,85.66666666666667,0.0
500.0,247.0,676.0,658.0,3.0,1.4125703849682212,115.25,0.0
500.0,248.0,678.0,653.0,4.0,1.082842712474619,92.8,0.0
500.0,249.0,683.0,653.0,5.0,1.0690355937288492,92.83333333333331,0.0
500.0,250.0,686.0,732.0,17.0,1.498364597137619,100.11111111111111,0.0
500.0,251.0,689.0,737.0,9.0,1.2478708664619074,95.6,0.0
500.0,252.0,691.0,712.0,13.0,1.4040610178208843,120.5,0.0
500.0,253.0,692.0,715.0,4.0,1.082842712474619,88.8,0.0
500.0,254.0,693.0,709.0,3.0,1.0,85.0,0.0
500.0,255.0,695.0,684.0,2.0,1.1380711874576983,96.0,0.0
500.0,256.0,698.0,669.0,9.0,1.1242640687119283,85.7,0.0
500.0,257.0,699.0,720.0,3.0,1.25,93.5,0.0
500.0,258.0,702.0,728.0,4.0,1.282842712474619,92.8,0.0
500.0,259.0,703.0,665.0,7.0,1.2285533905932735,89.25,0.0
500.0,260.0,711.0,685.0,7.0,2.853373535491155,133.125,0.0
500.0,261.0,713.0,612.0,23.0,1.2041456223588194,96.58333333333331,0.0
500.0,262.0,714.0,706.0,5.0,1.0,86.66666666666667,0.0
500.0,263.0,718.0,717.0,5.0,1.2750469233121475,102.33333333333331,0.0
500.0,264.0,723.0,762.0,13.0,1.1306019374818708,85.35714285714286,0.0
500.0,265.0,724.0,704.0,3.0,1.25,95.25,0.0
500.0,266.0,729.0,716.0,13.0,1.1010152544552212,93.14285714285714,0.0
500.0,267.0,730.0,709.0,3.0,1.0,88.0,0.0
500.0,268.0,733.0,736.0,7.0,1.176776695296637,99.125,0.0
500.0,269.0,738.0,721.0,6.0,1.85581496927351,128.42857142857142,0.0
500.0,270.0,739.0,706.0,6.0,1.0,83.0,0.0
500.0,271.0,740.0,732.0,2.0,1.1380711874576983,93.33333333333331,0.0
500.0,272.0,752.0,770.0,6.0,1.2020305089104422,110.42857142857144,0.0
500.0,273.0,753.0,734.0,5.0,1.2071067811865477,110.66666666666669,0.0
500.0,274.0,756.0,746.0,2.0,1.804737854124365,101.0,0.0
500.0,275.0,760.0,790.0,10.0,1.2032789070454355,95.45454545454544,0.0
500.0,276.0,768.0,602.0,36.0,1.2498010996518725,86.72972972972973,0.0
500.0,277.0,774.0,700.0,16.0,1.1214408883674107,89.6470588235294,0.0
500.0,278.0,776.0,745.0,14.0,1.3971611552825434,95.4,0.0
500.0,279.0,780.0,766.0,6.0,1.31943828249997,92.0,0.0
500.0,280.0,783.0,744.0,24.0,1.2097056274847713,86.4,0.0
500.0,281.0,785.0,796.0,3.0,2.266123775561495,147.0,0.0
500.0,282.0,787.0,771.0,6.0,1.0591733660532994,85.28571428571429,0.0
500.0,283.0,788.0,747.0,13.0,1.1306019374818708,87.92857142857143,0.0
500.0,284.0,791.0,781.0,4.0,1.4485281374238572,91.6,0.0
500.0,285.0,793.0,914.0,28.0,1.4470341392709534,94.72413793103448,0.0
500.0,286.0,794.0,797.0,4.0,1.165685424949238,86.8,0.0
500.0,287.0,795.0,796.0,3.0,1.8696771661547689,130.75,0.0
500.0,288.0,798.0,810.0,4.0,1.165685424949238,85.8,0.0
500.0,289.0,800.0,812.0,5.0,1.1380711874576983,88.66666666666667,0.0
500.0,290.0,801.0,812.0,2.0,1.1380711874576983,90.33333333333331,0.0
500.0,291.0,805.0,857.0,14.0,1.0276142374915398,83.8,0.0
500.0,292.0,807.0,806.0,4.0,1.082842712474619,89.6,0.0
500.0,293.0,808.0,797.0,2.0,1.1380711874576983,85.33333333333333,0.0
500.0,294.0,813.0,831.0,7.0,1.0,82.875,0.0
500.0,295.0,814.0,820.0,2.0,1.804737854124365,116.0,0.0
500.0,296.0,818.0,827.0,5.0,1.1666666666666667,105.33333333333331,0.0
500.0,297.0,825.0,863.0,10.0,1.0376557783975542,83.63636363636364,0.0
500.0,298.0,829.0,879.0,11.0,1.117851130197758,90.91666666666669,0.0
500.0,299.0,830.0,816.0,7.0,1.2803300858899107,100.5,0.0
500.0,300.0,834.0,804.0,19.0,1.1535533905932738,86.35,0.0
500.0,301.0,835.0,804.0,8.0,1.0460237291525665,85.33333333333333,0.0
500.0,302.0,840.0,879.0,9.0,1.182842712474619,92.3,0.0
500.0,303.0,842.0,810.0,10.0,1.1506231135902163,79.9090909090909,0.0
500.0,304.0,844.0,874.0,7.0,1.2285533905932735,107.75,0.0
500.0,305.0,846.0,824.0,7.0,1.0,88.25,0.0
500.0,306.0,848.0,799.0,15.0,1.1915309438903736,92.625,0.0
500.0,307.0,850.0,831.0,5.0,1.0,83.83333333333333,0.0
500.0,308.0,851.0,861.0,7.0,1.5088834764831844,105.25,0.0
500.0,309.0,852.0,912.0,12.0,4.713752700293626,163.69230769230768,0.0
500.0,310.0,854.0,845.0,4.0,1.282842712474619,95.4,0.0
500.0,311.0,860.0,877.0,3.0,1.2071067811865477,84.0,0.0
500.0,312.0,862.0,857.0,2.0,1.1380711874576983,84.0,0.0
500.0,313.0,864.0,847.0,4.0,1.530056307974577,110.8,0.0
500.0,314.0,866.0,849.0,7.0,1.2285533905932735,90.375,0.0
500.0,315.0,868.0,863.0,2.0,1.1380711874576983,93.33333333333331,0.0
500.0,316.0,870.0,942.0,14.0,1.0276142374915398,98.93333333333334,0.0
500.0,317.0,871.0,886.0,2.0,1.1380711874576983,88.0,0.0
500.0,318.0,875.0,849.0,5.0,1.60947570824873,109.0,0.0
500.0,319.0,881.0,856.0,11.0,1.3392556509887896,100.16666666666669,0.0
500.0,320.0,883.0,919.0,8.0,1.4063171388324869,107.44444444444444,0.0
500.0,321.0,884.0,907.0,5.0,2.8187811774715423,123.0,0.0
500.0,322.0,891.0,877.0,2.0,1.2761423749153966,87.0,0.0
500.0,323.0,892.0,958.0,12.0,1.254395060720405,96.6153846153846,0.0
500.0,324.0,894.0,939.0,9.0,1.0,85.7,0.0
500.0,325.0,895.0,940.0,10.0,1.1129673351926623,78.9090909090909,0.0
500.0,326.0,896.0,951.0,10.0,1.128564869306645,81.36363636363636,0.0
500.0,327.0,900.0,924.0,9.0,1.4307135789365266,99.0,0.0
500.0,328.0,901.0,937.0,10.0,1.112967335192662,90.45454545454544,0.0
500.0,329.0,902.0,869.0,6.0,1.2020305089104422,95.28571428571428,0.0
500.0,330.0,903.0,893.0,2.0,1.1380711874576983,87.33333333333333,0.0
500.0,331.0,906.0,911.0,13.0,1.18977530353517,100.35714285714286,0.0
500.0,332.0,908.0,912.0,17.0,5.2956703246560695,184.94444444444449,0.0
500.0,333.0,910.0,915.0,4.0,1.2,89.2,0.0
500.0,334.0,916.0,926.0,2.0,1.1380711874576983,85.66666666666667,0.0
500.0,335.0,917.0,936.0,10.0,4.448696802332629,120.0,0.0
500.0,336.0,918.0,904.0,3.0,1.5590169943749477,118.75,0.0
500.0,337.0,921.0,920.0,7.0,3.8156685220522486,155.375,0.0
500.0,338.0,922.0,933.0,2.0,1.1380711874576983,90.33333333333331,0.0
500.0,339.0,923.0,885.0,8.0,1.0,83.88888888888889,0.0
500.0,340.0,925.0,972.0,8.0,1.0460237291525665,87.33333333333333,0.0
500.0,341.0,928.0,1018.0,16.0,1.1806510477567926,87.23529411764706,0.0
500.0,342.0,929.0,905.0,6.0,1.4632343838741837,106.57142857142856,0.0
500.0,343.0,930.0,926.0,5.0,1.1380711874576983,86.16666666666667,0.0
500.0,344.0,931.0,991.0,15.0,1.3834726821319658,87.9375,0.0
500.0,345.0,934.0,940.0,3.0,1.1035533905932735,86.5,0.0
500.0,346.0,941.0,942.0,2.0,1.0,96.0,0.0
500.0,347.0,944.0,933.0,3.0,1.1035533905932735,90.5,0.0
500.0,348.0,948.0,978.0,7.0,1.051776695296637,88.25,0.0
500.0,349.0,949.0,939.0,4.0,1.0,84.8,0.0
500.0,350.0,950.0,1020.0,19.0,1.298528137423857,93.65,0.0
500.0,351.0,954.0,937.0,2.0,1.0,84.33333333333333,0.0
500.0,352.0,955.0,876.0,15.0,1.114276695296637,85.9375,0.0
500.0,353.0,956.0,982.0,5.0,1.304737854124365,85.5,0.0
500.0,354.0,965.0,1003.0,9.0,2.724120184630233,143.0,0.0
500.0,355.0,967.0,1019.0,11.0,1.0690355937288492,80.5,0.0
500.0,356.0,968.0,981.0,3.0,1.25,83.0,0.0
500.0,357.0,970.0,952.0,3.0,1.1035533905932735,88.0,0.0
500.0,358.0,974.0,991.0,6.0,1.4132746038560242,90.57142857142856,0.0
500.0,359.0,984.0,983.0,3.0,1.3535533905932735,124.25,0.0
500.0,360.0,987.0,1036.0,10.0,1.1876813729314526,106.54545454545456,0.0
500.0,361.0,988.0,964.0,6.0,1.0591733660532994,108.85714285714286,0.0
500.0,362.0,989.0,1017.0,5.0,1.4417135899788145,94.0,0.0
500.0,363.0,992.0,1011.0,3.0,1.1035533905932735,83.5,0.0
500.0,364.0,996.0,1010.0,2.0,1.1380711874576983,88.0,0.0
500.0,365.0,998.0,932.0,14.0,5.545462494622926,151.0,0.0
500.0,366.0,999.0,1006.0,2.0,1.0,90.0,0.0
500.0,367.0,1000.0,976.0,5.0,1.2750469233121475,108.66666666666669,0.0
500.0,368.0,1001.0,985.0,4.0,1.082842712474619,92.8,0.0
500.0,369.0,1004.0,1029.0,4.0,1.6957417329238151,112.8,0.0
500.0,370.0,1007.0,953.0,11.0,1.117851130197758,90.91666666666669,0.0
500.0,371.0,1021.0,1010.0,3.0,1.2071067811865477,91.25,0.0
500.0,372.0,1022.0,1034.0,3.0,1.3535533905932735,88.0,0.0
500.0,373.0,1028.0,1029.0,7.0,1.965168668967295,132.125,0.0
500.0,374.0,1030.0,1005.0,3.0,1.25,84.75,0.0
500.0,375.0,1033.0,1034.0,3.0,1.4571067811865477,91.25,0.0
500.0,376.0,1041.0,1012.0,4.0,1.282842712474619,94.8,0.0
500.0,377.0,1042.0,1125.0,13.0,1.0295866830266498,81.92857142857143,0.0
500.0,378.0,1060.0,971.0,16.0,1.2046299214481808,91.47058823529412,0.0
500.0,379.0,1061.0,1038.0,8.0,2.0262297752777543,155.0,0.0
500.0,380.0,1063.0,1078.0,2.0,1.1380711874576983,87.33333333333333,0.0
500.0,381.0,1065.0,1080.0,8.0,1.1111111111111112,93.77777777777776,0.0
500.0,382.0,1070.0,1027.0,6.0,2.562237832236989,132.71428571428572,0.0
500.0,383.0,1071.0,1043.0,4.0,1.247213595499958,129.4,0.0
500.0,384.0,1073.0,1130.0,8.0,4.55489312043464,184.88888888888889,0.0
500.0,385.0,1074.0,1049.0,4.0,1.0,91.0,0.0
500.0,386.0,1076.0,1055.0,8.0,1.1111111111111112,86.88888888888889,0.0
500.0,387.0,1077.0,1039.0,6.0,1.3786116485532691,104.42857142857144,0.0
500.0,388.0,1085.0,1064.0,7.0,1.2285533905932735,84.875,0.0
500.0,389.0,1086.0,1161.0,18.0,6.2578036687735725,179.0,0.0
500.0,390.0,1087.0,1125.0,11.0,1.2559223176554564,84.41666666666667,0.0
500.0,391.0,1088.0,1038.0,8.0,1.1571348402636774,106.88888888888889,0.0
500.0,392.0,1094.0,1116.0,3.0,1.7215873793431686,107.25,0.0
500.0,393.0,1097.0,1130.0,15.0,3.16893313419727,166.0625,0.0
500.0,394.0,1100.0,1089.0,2.0,1.0,90.0,0.0
500.0,395.0,1101.0,1078.0,11.0,1.1035533905932735,89.0,0.0
500.0,396.0,1102.0,1121.0,3.0,1.0,84.75,0.0
500.0,397.0,1103.0,1114.0,10.0,1.1500255945338986,95.9090909090909,0.0
500.0,398.0,1106.0,1214.0,22.0,1.328251151151502,95.08695652173913,0.0
500.0,399.0,1113.0,1121.0,4.0,1.0,88.0,0.0
500.0,400.0,1115.0,1046.0,10.0,1.0376557783975542,105.0,0.0
500.0,401.0,1117.0,1135.0,3.0,1.6625703849682212,125.75,0.0
500.0,402.0,1119.0,1163.0,9.0,1.182842712474619,92.2,0.0
500.0,403.0,1120.0,1127.0,2.0,1.0,87.33333333333333,0.0
500.0,404.0,1122.0,1082.0,6.0,1.2357545056961263,126.57142857142856,0.0
500.0,405.0,1126.0,1311.0,41.0,1.0591733660532991,87.71428571428571,0.0
500.0,406.0,1133.0,1137.0,5.0,1.235702260395516,108.5,0.0
500.0,407.0,1134.0,1129.0,4.0,1.647213595499958,106.2,0.0
500.0,408.0,1136.0,1127.0,2.0,1.0,86.0,0.0
500.0,409.0,1141.0,1159.0,4.0,1.365685424949238,117.6,0.0
500.0,410.0,1143.0,1140.0,6.0,1.9255298092312965,120.42857142857144,0.0
500.0,411.0,1144.0,1118.0,14.0,1.121895141649746,90.33333333333331,0.0
500.0,412.0,1145.0,1179.0,6.0,1.2020305089104422,85.57142857142857,0.0
500.0,413.0,1147.0,1132.0,3.0,1.3535533905932735,104.5,0.0
500.0,414.0,1150.0,1142.0,3.0,1.6035533905932735,111.25,0.0
500.0,415.0,1152.0,1162.0,3.0,1.1035533905932735,90.75,0.0
500.0,416.0,1153.0,1090.0,10.0,1.0376557783975542,86.9090909090909,0.0
500.0,417.0,1154.0,1148.0,3.0,1.3535533905932735,101.0,0.0
500.0,418.0,1156.0,1177.0,4.0,1.2,114.0,0.0
500.0,419.0,1158.0,1044.0,19.0,1.0621320343559644,85.25,0.0
500.0,420.0,1168.0,1159.0,3.0,1.6035533905932735,109.75,0.0
500.0,421.0,1169.0,1160.0,3.0,1.4571067811865477,116.75,0.0
500.0,422.0,1174.0,1008.0,29.0,1.2652472443079386,89.23333333333333,0.0
500.0,423.0,1178.0,1170.0,8.0,4.163314510897084,182.33333333333337,0.0
500.0,424.0,1180.0,1167.0,9.0,1.5414213562373096,91.9,0.0
500.0,425.0,1182.0,1223.0,10.0,4.827814246201441,179.54545454545453,0.0
500.0,426.0,1184.0,1312.0,26.0,1.3843779111566945,94.1851851851852,0.0
500.0,427.0,1185.0,1165.0,10.0,1.2038764261017532,102.0,0.0
500.0,428.0,1186.0,1083.0,19.0,1.132842712474619,94.2,0.0
500.0,429.0,1189.0,1197.0,2.0,1.2761423749153968,103.0,0.0
500.0,430.0,1190.0,1092.0,19.0,1.236067467586918,100.65,0.0
500.0,431.0,1191.0,1166.0,5.0,1.1666666666666667,98.16666666666669,0.0
500.0,432.0,1193.0,1208.0,7.0,1.1553300858899105,91.75,0.0
500.0,433.0,1194.0,1262.0,17.0,1.6190075346517194,113.0,0.0
500.0,434.0,1205.0,1167.0,7.0,1.176776695296637,89.625,0.0
500.0,435.0,1207.0,1197.0,2.0,1.0,100.33333333333331,0.0
500.0,436.0,1222.0,1240.0,3.0,1.7071067811865477,139.25,0.0
500.0,437.0,1229.0,1170.0,12.0,3.95192075026457,183.76923076923077,0.0
500.0,438.0,1231.0,1260.0,7.0,1.1035533905932735,88.875,0.0
500.0,439.0,1235.0,1388.0,28.0,1.4585462266993046,101.06896551724138,0.0
500.0,440.0,1244.0,1227.0,3.0,1.4125703849682212,89.25,0.0
500.0,441.0,1248.0,1338.0,20.0,1.1823060535593424,87.9047619047619,0.0
500.0,442.0,1249.0,1226.0,5.0,1.2750469233121475,94.66666666666669,0.0
500.0,443.0,1253.0,1270.0,3.0,1.4125703849682212,89.75,0.0
500.0,444.0,1254.0,1179.0,27.0,1.2489486695884693,88.64285714285714,0.0
500.0,445.0,1257.0,1233.0,6.0,1.1183467321065983,85.0,0.0
500.0,446.0,1265.0,1266.0,8.0,1.0460237291525665,88.66666666666667,0.0
500.0,447.0,1267.0,1252.0,3.0,2.118033988749895,135.5,0.0
500.0,448.0,1268.0,1240.0,11.0,1.9959037183015549,151.0,0.0
500.0,449.0,1269.0,1263.0,8.0,4.1361425190307965,189.77777777777777,0.0
500.0,450.0,1272.0,1250.0,4.0,1.165685424949238,91.6,0.0
500.0,451.0,1273.0,1241.0,13.0,1.450509699240376,98.85714285714286,0.0
500.0,452.0,1274.0,1280.0,4.0,1.282842712474619,91.2,0.0
500.0,453.0,1277.0,1327.0,27.0,1.263742011101794,96.28571428571428,0.0
500.0,454.0,1278.0,1223.0,12.0,4.977358975231561,175.69230769230768,0.0
500.0,455.0,1288.0,1301.0,4.0,1.165685424949238,87.2,0.0
500.0,456.0,1289.0,1296.0,2.0,1.1380711874576983,85.66666666666667,0.0
500.0,457.0,1291.0,1282.0,3.0,1.4125703849682212,102.5,0.0
500.0,458.0,1294.0,1374.0,15.0,1.051776695296637,81.25,0.0
500.0,459.0,1298.0,1296.0,7.0,1.051776695296637,87.0,0.0
500.0,460.0,1299.0,1292.0,2.0,1.1380711874576983,95.33333333333331,0.0
500.0,461.0,1300.0,1280.0,5.0,1.235702260395516,89.5,0.0
500.0,462.0,1305.0,1217.0,19.0,1.253553390593274,91.7,0.0
500.0,463.0,1310.0,1311.0,2.0,1.1380711874576983,91.66666666666669,0.0
500.0,464.0,1314.0,1313.0,11.0,1.956559055384923,144.58333333333334,0.0
500.0,465.0,1316.0,1287.0,8.0,1.2952060277213755,94.44444444444444,0.0
500.0,466.0,1319.0,1285.0,8.0,1.2031585694162432,89.88888888888889,0.0
500.0,467.0,1320.0,1337.0,3.0,1.3106601717798214,119.25,0.0
500.0,468.0,1321.0,1339.0,3.0,1.25,94.25,0.0
500.0,469.0,1323.0,1317.0,4.0,1.082842712474619,94.4,0.0
500.0,470.0,1324.0,1283.0,8.0,1.0460237291525665,84.66666666666667,0.0
500.0,471.0,1326.0,1340.0,3.0,1.25,84.5,0.0
500.0,472.0,1331.0,1368.0,7.0,1.3312851924841107,98.625,0.0
500.0,473.0,1334.0,1325.0,3.0,1.6035533905932735,97.75,0.0
500.0,474.0,1345.0,1295.0,9.0,1.182842712474619,94.9,0.0
500.0,475.0,1347.0,1285.0,12.0,1.1087856586440843,86.61538461538461,0.0
500.0,476.0,1348.0,1332.0,3.0,1.3535533905932735,90.0,0.0
500.0,477.0,1349.0,1344.0,5.0,1.0690355937288492,84.5,0.0
500.0,478.0,1353.0,1370.0,3.0,1.2071067811865477,96.75,0.0
500.0,479.0,1355.0,1337.0,3.0,1.3106601717798214,102.75,0.0
500.0,480.0,1356.0,1328.0,8.0,2.0143322449435512,151.22222222222223,0.0
500.0,481.0,1357.0,1364.0,2.0,1.1380711874576983,92.0,0.0
500.0,482.0,1358.0,1309.0,8.0,1.0460237291525665,88.77777777777777,0.0
500.0,483.0,1359.0,1408.0,12.0,1.23573039248046,95.15384615384616,0.0
500.0,484.0,1361.0,1303.0,10.0,1.4227528672611711,103.0,0.0
500.0,485.0,1363.0,1308.0,13.0,2.9559518292888565,154.64285714285714,0.0
500.0,486.0,1367.0,1350.0,3.0,1.1035533905932735,90.25,0.0
500.0,487.0,1369.0,1384.0,2.0,1.1380711874576983,90.0,0.0
500.0,488.0,1371.0,1354.0,3.0,1.7071067811865477,98.75,0.0
500.0,489.0,1373.0,1343.0,5.0,1.0690355937288492,86.16666666666667,0.0
500.0,490.0,1379.0,1372.0,2.0,1.1380711874576983,100.33333333333331,0.0
500.0,491.0,1380.0,1434.0,18.0,1.4845595118935229,105.78947368421052,0.0
500.0,492.0,1385.0,1360.0,14.0,1.082842712474619,93.06666666666666,0.0
500.0,493.0,1386.0,1372.0,2.0,1.2761423749153966,96.0,0.0
500.0,494.0,1387.0,1344.0,7.0,1.1553300858899105,84.625,0.0
500.0,495.0,1391.0,1352.0,8.0,1.2484519974999766,107.22222222222224,0.0
500.0,496.0,1392.0,1350.0,12.0,1.0637251634420148,86.92307692307692,0.0
500.0,497.0,1393.0,1376.0,3.0,1.1035533905932735,122.0,0.0
500.0,498.0,1394.0,1405.0,3.0,1.2071067811865477,98.25,0.0
500.0,499.0,1396.0,1293.0,18.0,1.188236380133762,93.89473684210526,0.0
500.0,500.0,1398.0,1377.0,5.0,1.304737854124365,109.33333333333331,0.0
500.0,501.0,1400.0,1395.0,2.0,1.0,88.0,0.0
500.0,502.0,1403.0,1402.0,3.0,1.3535533905932735,110.0,0.0
500.0,503.0,1406.0,1395.0,3.0,1.0,85.25,0.0
500.0,504.0,1407.0,1329.0,16.0,1.097075384698405,85.0,0.0
500.0,505.0,1410.0,1421.0,3.0,1.4571067811865477,107.0,0.0
500.0,506.0,1411.0,1389.0,6.0,1.2357545056961263,103.0,0.0
500.0,507.0,1412.0,1382.0,8.0,1.386523184957675,104.66666666666669,0.0
500.0,508.0,1414.0,1445.0,12.0,1.1274503268840292,85.0,0.0
500.0,509.0,1415.0,1416.0,2.0,1.1380711874576983,113.0,0.0
500.0,510.0,1417.0,1455.0,16.0,1.312571088175574,115.47058823529412,0.0
500.0,511.0,1418.0,1435.0,5.0,1.872677996249965,148.33333333333334,0.0
500.0,512.0,1419.0,1428.0,3.0,1.3535533905932735,115.75,0.0
500.0,513.0,1420.0,1431.0,10.0,1.0753115567951084,90.8181818181818,0.0
500.0,514.0,1425.0,1360.0,14.0,1.0552284749830794,90.73333333333332,0.0
500.0,515.0,1426.0,1401.0,8.0,1.1840949166102643,108.0,0.0
500.0,516.0,1427.0,1464.0,10.0,1.0376557783975542,88.72727272727273,0.0
500.0,517.0,1430.0,1381.0,14.0,1.0666666666666669,83.13333333333334,0.0
500.0,518.0,1433.0,1404.0,8.0,1.0,87.22222222222223,0.0
500.0,519.0,1436.0,1365.0,17.0,1.2587141249717988,91.77777777777776,0.0
500.0,520.0,1441.0,1437.0,3.0,1.25,94.5,0.0
500.0,521.0,1442.0,1429.0,7.0,1.125,91.375,0.0
500.0,522.0,1443.0,1451.0,2.0,1.1380711874576983,104.0,0.0
500.0,523.0,1446.0,1439.0,9.0,1.1242640687119283,99.5,0.0
500.0,524.0,1447.0,1448.0,6.0,1.6643259342675552,122.57142857142856,0.0
500.0,525.0,1453.0,1448.0,4.0,1.941640786499874,128.0,0.0
500.0,526.0,1454.0,1483.0,18.0,1.7379953911307435,146.26315789473685,0.0
500.0,527.0,1456.0,1458.0,3.0,1.5590169943749477,148.5,0.0
500.0,528.0,1459.0,1477.0,4.0,1.2,91.2,0.0
500.0,529.0,1460.0,1452.0,2.0,1.60947570824873,88.0,0.0
500.0,530.0,1461.0,1409.0,15.0,1.6446067811865477,102.5,0.0
500.0,531.0,1463.0,1481.0,6.0,1.2357545056961263,94.71428571428572,0.0
500.0,532.0,1466.0,1452.0,3.0,1.3535533905932735,85.25,0.0
500.0,533.0,1468.0,1497.0,9.0,1.3242640687119285,87.1,0.0
500.0,534.0,1470.0,1485.0,6.0,1.2357545056961263,87.28571428571429,0.0
500.0,535.0,1471.0,1439.0,9.0,1.6714776642118865,109.7,0.0
500.0,536.0,1472.0,1462.0,2.0,1.1380711874576983,130.66666666666666,0.0
500.0,537.0,1475.0,1479.0,7.0,1.051776695296637,91.125,0.0
500.0,538.0,1476.0,1488.0,5.0,1.0690355937288492,87.33333333333333,0.0
500.0,539.0,1480.0,1489.0,3.0,1.1035533905932735,88.25,0.0
500.0,540.0,1482.0,1474.0,3.0,1.4125703849682212,106.0,0.0
500.0,541.0,1487.0,1467.0,6.0,1.8326324463923132,150.42857142857142,0.0
500.0,542.0,1492.0,1484.0,19.0,1.5978708664619077,122.4,0.0
500.0,543.0,1496.0,1484.0,5.0,1.8834271799576283,126.5,0.0
500.0,544.0,1507.0,1504.0,3.0,1.25,99.0,0.0
500.0,545.0,1508.0,1515.0,3.0,1.0,78.25,0.0
500.0,546.0,1510.0,1522.0,3.0,1.1035533905932735,82.5,0.0
500.0,547.0,1511.0,1506.0,4.0,1.082842712474619,85.0,0.0
500.0,548.0,1516.0,1512.0,4.0,1.165685424949238,130.2,0.0
500.0,549.0,1517.0,1525.0,4.0,1.0,83.8,0.0
500.0,550.0,1518.0,1515.0,9.0,1.0414213562373096,86.1,0.0
500.0,551.0,1521.0,1546.0,9.0,1.182842712474619,85.7,0.0
500.0,552.0,1523.0,1503.0,9.0,1.206449510224598,119.1,0.0
500.0,553.0,1527.0,1538.0,9.0,1.4,89.4,0.0
500.0,554.0,1528.0,1535.0,12.0,1.23573039248046,91.92307692307692,0.0
500.0,555.0,1529.0,1603.0,27.0,1.2341553280751445,79.82142857142857,0.0
500.0,556.0,1530.0,1559.0,11.0,1.0345177968644246,93.91666666666669,0.0
500.0,557.0,1532.0,1567.0,16.0,1.1806510477567926,95.82352941176472,0.0
500.0,558.0,1537.0,1549.0,5.0,1.4023689270621826,93.5,0.0
500.0,559.0,1539.0,1589.0,16.0,1.5781427720438936,82.94117647058823,0.0
500.0,560.0,1540.0,1545.0,2.0,1.1380711874576983,98.66666666666669,0.0
500.0,561.0,1547.0,1571.0,9.0,1.165685424949238,85.9,0.0
500.0,562.0,1552.0,1595.0,11.0,1.2559223176554564,97.75,0.0
500.0,563.0,1555.0,1538.0,7.0,1.801776695296637,91.0,0.0
500.0,564.0,1561.0,1564.0,2.0,1.0,85.66666666666667,0.0
500.0,565.0,1563.0,1560.0,12.0,1.158807315557383,95.92307692307692,0.0
500.0,566.0,1565.0,1657.0,25.0,1.363433515888316,93.26923076923076,0.0
500.0,567.0,1568.0,1548.0,6.0,1.4969583806598676,89.85714285714286,0.0
500.0,568.0,1569.0,1599.0,7.0,1.051776695296637,82.25,0.0
500.0,569.0,1570.0,1571.0,10.0,1.0376557783975542,78.45454545454545,0.0
500.0,570.0,1572.0,1588.0,5.0,1.0690355937288492,82.16666666666667,0.0
500.0,571.0,1573.0,1609.0,13.0,1.248479190329934,91.78571428571428,0.0
500.0,572.0,1575.0,1584.0,3.0,1.4571067811865477,94.0,0.0
500.0,573.0,1577.0,1585.0,12.0,1.1274503268840292,90.3846153846154,0.0
500.0,574.0,1580.0,1562.0,4.0,1.365685424949238,86.8,0.0
500.0,575.0,1582.0,1597.0,3.0,1.2071067811865477,87.25,0.0
500.0,576.0,1586.0,1579.0,3.0,1.5590169943749477,105.25,0.0
500.0,577.0,1587.0,1600.0,2.0,1.0,83.0,0.0
500.0,578.0,1591.0,1578.0,5.0,1.4417135899788145,123.16666666666669,0.0
500.0,579.0,1593.0,1622.0,7.0,1.5088834764831844,96.25,0.0
500.0,580.0,1596.0,1616.0,5.0,1.1380711874576983,83.83333333333333,0.0
500.0,581.0,1598.0,1599.0,2.0,1.1380711874576983,86.66666666666667,0.0
500.0,582.0,1601.0,1600.0,6.0,1.0,84.85714285714286,0.0
500.0,583.0,1604.0,1620.0,5.0,1.0,84.16666666666667,0.0
500.0,584.0,1605.0,1643.0,13.0,1.564249638329405,104.85714285714286,0.0
500.0,585.0,1608.0,1641.0,11.0,1.186886723926607,93.41666666666669,0.0
500.0,586.0,1611.0,1717.0,25.0,1.2068539846627209,87.53846153846153,0.0
500.0,587.0,1612.0,1616.0,2.0,1.1380711874576983,88.66666666666667,0.0
500.0,588.0,1613.0,1628.0,3.0,1.1035533905932735,99.0,0.0
500.0,589.0,1615.0,1679.0,16.0,1.0974620146760223,88.6470588235294,0.0
500.0,590.0,1623.0,1663.0,17.0,1.2587141249717988,83.94444444444444,0.0
500.0,591.0,1624.0,1658.0,7.0,1.125,85.625,0.0
500.0,592.0,1627.0,1638.0,3.0,1.1035533905932735,105.0,0.0
500.0,593.0,1637.0,1626.0,3.0,1.6625703849682212,128.0,0.0
500.0,594.0,1646.0,1705.0,19.0,1.506778145705573,96.8,0.0
500.0,595.0,1647.0,1685.0,16.0,1.267633910381444,93.70588235294116,0.0
500.0,596.0,1650.0,1680.0,11.0,1.1523689270621824,84.58333333333333,0.0
500.0,597.0,1655.0,1630.0,5.0,1.4417135899788145,109.0,0.0
500.0,598.0,1666.0,1631.0,8.0,1.3602934096799206,104.88888888888889,0.0
500.0,599.0,1668.0,1649.0,5.0,1.3737734478532142,92.66666666666669,0.0
500.0,600.0,1669.0,1680.0,3.0,1.3535533905932735,97.0,0.0
500.0,601.0,1672.0,1636.0,9.0,1.1,86.9,0.0
500.0,602.0,1676.0,1723.0,12.0,1.172510822086099,83.07692307692308,0.0
500.0,603.0,1686.0,1751.0,15.0,1.1549192915386923,86.9375,0.0
500.0,604.0,1687.0,1675.0,6.0,1.0591733660532994,91.0,0.0
500.0,605.0,1689.0,1716.0,7.0,1.051776695296637,85.5,0.0
500.0,606.0,1692.0,1757.0,14.0,1.3333333333333333,96.93333333333334,0.0
500.0,607.0,1694.0,1678.0,6.0,1.31943828249997,100.42857142857144,0.0
500.0,608.0,1700.0,1642.0,15.0,1.1031425962420554,92.625,0.0
500.0,609.0,1706.0,1705.0,16.0,1.429831517021486,99.47058823529412,0.0
500.0,610.0,1708.0,1709.0,3.0,1.1035533905932735,84.75,0.0
500.0,611.0,1710.0,1695.0,3.0,1.4125703849682212,102.0,0.0
500.0,612.0,1712.0,1735.0,3.0,1.6625703849682212,100.0,0.0
500.0,613.0,1718.0,1737.0,3.0,1.1035533905932735,83.0,0.0
500.0,614.0,1719.0,1703.0,2.0,1.1380711874576983,80.66666666666667,0.0
500.0,615.0,1722.0,1799.0,17.0,1.4329120646446576,97.66666666666669,0.0
500.0,616.0,1726.0,1702.0,6.0,1.0,83.14285714285714,0.0
500.0,617.0,1728.0,1671.0,13.0,1.3076525563832333,99.0,0.0
500.0,618.0,1730.0,1716.0,5.0,1.0690355937288492,89.83333333333333,0.0
500.0,619.0,1732.0,1801.0,14.0,1.0552284749830794,85.4,0.0
500.0,620.0,1733.0,1660.0,17.0,1.2587141249717988,96.66666666666669,0.0
500.0,621.0,1734.0,1711.0,3.0,1.1035533905932735,97.25,0.0
500.0,622.0,1736.0,1701.0,5.0,1.0690355937288492,98.5,0.0
500.0,623.0,1738.0,1720.0,3.0,1.0,100.25,0.0
500.0,624.0,1741.0,1679.0,17.0,1.1380711874576983,87.22222222222223,0.0
500.0,625.0,1742.0,1713.0,5.0,1.2750469233121475,102.66666666666669,0.0
500.0,626.0,1744.0,1723.0,4.0,1.365685424949238,91.6,0.0
500.0,627.0,1750.0,1804.0,24.0,1.082842712474619,86.6,0.0
500.0,628.0,1753.0,1798.0,8.0,1.589681754373918,120.55555555555556,0.0
500.0,629.0,1755.0,1729.0,7.0,1.4348385830773844,98.0,0.0
500.0,630.0,1762.0,1809.0,11.0,1.4571067811865477,120.66666666666669,0.0
500.0,631.0,1763.0,1784.0,3.0,1.0,84.5,0.0
500.0,632.0,1766.0,1743.0,7.0,1.176776695296637,87.25,0.0
500.0,633.0,1771.0,1786.0,2.0,1.1380711874576983,93.33333333333331,0.0
500.0,634.0,1773.0,1748.0,5.0,1.235702260395516,103.66666666666669,0.0
500.0,635.0,1774.0,1743.0,7.0,1.176776695296637,89.375,0.0
500.0,636.0,1777.0,1778.0,2.0,1.1380711874576983,87.33333333333333,0.0
500.0,637.0,1779.0,1826.0,11.0,1.4708567949894071,91.58333333333331,0.0
500.0,638.0,1781.0,1739.0,8.0,1.2491822985688097,92.77777777777776,0.0
500.0,639.0,1783.0,1791.0,2.0,1.1380711874576983,87.33333333333333,0.0
500.0,640.0,1789.0,1775.0,3.0,1.3535533905932735,107.0,0.0
500.0,641.0,1790.0,1829.0,13.0,1.2780658733565835,93.5,0.0
500.0,642.0,1794.0,1836.0,13.0,1.1183467321065987,83.14285714285714,0.0
500.0,643.0,1795.0,1776.0,3.0,1.1035533905932735,94.0,0.0
500.0,644.0,1796.0,1812.0,6.0,1.5714285714285714,119.71428571428572,0.0
500.0,645.0,1802.0,1791.0,2.0,1.1380711874576983,89.33333333333333,0.0
500.0,646.0,1803.0,1853.0,15.0,1.1294417382415922,89.6875,0.0
500.0,647.0,1806.0,1690.0,24.0,1.0497056274847716,85.12,0.0
500.0,648.0,1819.0,1714.0,25.0,1.3644610061212743,101.3076923076923,0.0
500.0,649.0,1820.0,1831.0,10.0,1.0753115567951084,83.54545454545455,0.0
500.0,650.0,1821.0,1810.0,3.0,1.2071067811865477,97.0,0.0
500.0,651.0,1823.0,1793.0,8.0,1.0460237291525665,86.44444444444444,0.0
500.0,652.0,1827.0,1770.0,14.0,1.0552284749830794,84.13333333333334,0.0
500.0,653.0,1833.0,1832.0,6.0,1.0591733660532994,92.85714285714286,0.0
500.0,654.0,1834.0,1797.0,11.0,1.0345177968644246,80.41666666666667,0.0
500.0,655.0,1838.0,1901.0,13.0,1.4209230162137263,98.92857142857144,0.0
500.0,656.0,1839.0,1868.0,5.0,1.4714045207910316,102.66666666666669,0.0
500.0,657.0,1843.0,1856.0,3.0,1.4125703849682212,90.0,0.0
500.0,658.0,1846.0,1811.0,9.0,1.1,96.4,0.0
500.0,659.0,1850.0,1906.0,13.0,1.2780658733565835,91.85714285714286,0.0
500.0,660.0,1854.0,1902.0,10.0,1.4980644240562797,96.72727272727272,0.0
500.0,661.0,1855.0,1841.0,3.0,1.0,86.5,0.0
500.0,662.0,1857.0,1844.0,3.0,1.25,91.25,0.0
500.0,663.0,1865.0,1915.0,13.0,1.218892507303284,90.14285714285714,0.0
500.0,664.0,1866.0,1876.0,3.0,1.7071067811865477,128.25,0.0
500.0,665.0,1867.0,1895.0,7.0,1.2062851924841107,95.625,0.0
500.0,666.0,1869.0,1878.0,8.0,1.5634519790961638,97.11111111111111,0.0
500.0,667.0,1873.0,1848.0,6.0,1.3448876517675852,94.0,0.0
500.0,668.0,1884.0,1893.0,9.0,1.2242640687119286,90.6,0.0
500.0,669.0,1886.0,1862.0,5.0,1.0,87.5,0.0
500.0,670.0,1887.0,1864.0,5.0,1.0690355937288492,96.83333333333331,0.0
500.0,671.0,1888.0,1875.0,3.0,1.3535533905932735,93.5,0.0
500.0,672.0,1889.0,1931.0,15.0,1.2178300858899107,92.75,0.0
500.0,673.0,1896.0,1822.0,17.0,1.3734082973187975,95.0,0.0
500.0,674.0,1897.0,1872.0,7.0,1.426776695296637,116.625,0.0
500.0,675.0,1898.0,1883.0,4.0,1.0,95.0,0.0
500.0,676.0,1899.0,1916.0,9.0,1.2650281539872883,102.4,0.0
500.0,677.0,1903.0,1882.0,5.0,1.2750469233121475,104.5,0.0
500.0,678.0,1904.0,1927.0,6.0,1.2020305089104422,94.57142857142856,0.0
500.0,679.0,1908.0,1878.0,8.0,1.0460237291525665,81.0,0.0
500.0,680.0,1911.0,1930.0,4.0,1.165685424949238,89.8,0.0
500.0,681.0,1920.0,1885.0,9.0,1.282842712474619,85.0,0.0
500.0,682.0,1924.0,1858.0,16.0,1.298298106580322,108.0,0.0
500.0,683.0,1925.0,1919.0,3.0,1.3535533905932735,89.0,0.0
500.0,684.0,1932.0,1923.0,4.0,1.082842712474619,94.8,0.0
500.0,685.0,1934.0,1881.0,13.0,1.1770506189013623,90.35714285714286,0.0
500.0,686.0,1937.0,1944.0,4.0,1.082842712474619,97.2,0.0
500.0,687.0,1940.0,1948.0,7.0,1.1035533905932735,85.875,0.0
500.0,688.0,1945.0,1999.0,9.0,1.1650281539872889,95.5,0.0
500.0,689.0,1946.0,1973.0,5.0,1.608380256645481,94.83333333333331,0.0
500.0,690.0,1949.0,1967.0,4.0,1.3300563079745769,87.0,0.0
500.0,691.0,1951.0,2000.0,8.0,1.32143580299913,95.11111111111111,0.0
500.0,692.0,1959.0,1960.0,3.0,1.6625703849682212,181.25,0.0
500.0,693.0,1962.0,1986.0,5.0,1.1666666666666667,85.0,0.0
500.0,694.0,1975.0,2025.0,9.0,1.2242640687119286,101.0,0.0
500.0,695.0,1976.0,1923.0,12.0,1.191175490326044,86.15384615384616,0.0
500.0,696.0,1977.0,2008.0,5.0,1.0690355937288492,88.33333333333333,0.0
500.0,697.0,1978.0,1948.0,5.0,1.304737854124365,96.33333333333331,0.0
500.0,698.0,1979.0,1942.0,7.0,1.051776695296637,93.0,0.0
500.0,699.0,1988.0,1965.0,7.0,1.2795084971874735,102.0,0.0
500.0,700.0,1990.0,1963.0,7.0,1.5088834764831844,97.375,0.0
500.0,701.0,1993.0,2031.0,6.0,1.4377850146065685,98.42857142857144,0.0
500.0,702.0,2002.0,2099.0,28.0,1.3629969632614205,95.13793103448276,0.0
500.0,703.0,2004.0,2019.0,3.0,1.3535533905932735,92.75,0.0
500.0,704.0,2006.0,1953.0,11.0,1.4624813730403794,105.83333333333331,0.0
500.0,705.0,2013.0,1952.0,10.0,1.1506231135902163,91.1818181818182,0.0
500.0,706.0,2017.0,2041.0,3.0,1.25,90.5,0.0
500.0,707.0,2018.0,2003.0,3.0,1.5590169943749477,143.5,0.0
500.0,708.0,2020.0,1981.0,7.0,1.2795084971874735,131.75,0.0
500.0,709.0,2026.0,2042.0,5.0,1.1380711874576983,86.66666666666667,0.0
500.0,710.0,2033.0,2032.0,3.0,1.1035533905932735,86.5,0.0
500.0,711.0,2039.0,2007.0,9.0,1.248528137423857,95.2,0.0
500.0,712.0,2046.0,2097.0,8.0,1.3142696805273544,118.66666666666669,0.0
500.0,713.0,2048.0,2032.0,2.0,1.1380711874576983,83.33333333333333,0.0
500.0,714.0,2050.0,2030.0,3.0,1.8696771661547689,169.75,0.0
500.0,715.0,2052.0,2015.0,14.0,1.1771236166328254,86.33333333333333,0.0
500.0,716.0,2053.0,1952.0,16.0,1.2680205403590616,86.94117647058823,0.0
500.0,717.0,2055.0,2068.0,2.0,1.1380711874576983,94.66666666666669,0.0
500.0,718.0,2060.0,2035.0,4.0,1.4485281374238572,104.4,0.0
500.0,719.0,2061.0,2021.0,5.0,1.0,103.5,0.0
500.0,720.0,2062.0,2037.0,12.0,1.1593129086050369,93.0,0.0
500.0,721.0,2063.0,1966.0,14.0,1.6319139109746053,93.73333333333332,0.0
500.0,722.0,2064.0,2044.0,3.0,1.3535533905932735,94.75,0.0
500.0,723.0,2065.0,2076.0,7.0,1.2580618877807477,107.0,0.0
500.0,724.0,2066.0,2071.0,2.0,1.1380711874576983,88.0,0.0
500.0,725.0,2073.0,2045.0,5.0,1.1666666666666667,106.16666666666669,0.0
500.0,726.0,2074.0,2059.0,3.0,1.6035533905932735,92.5,0.0
500.0,727.0,2078.0,2091.0,5.0,1.6094757082487303,90.33333333333331,0.0
500.0,728.0,2084.0,2090.0,2.0,1.1380711874576983,87.33333333333333,0.0
500.0,729.0,2086.0,2071.0,2.0,1.1380711874576983,88.0,0.0
500.0,730.0,2087.0,2101.0,3.0,1.1035533905932735,83.0,0.0
500.0,731.0,2095.0,2085.0,2.0,1.0,81.0,0.0
500.0,732.0,2098.0,2141.0,9.0,1.2242640687119284,84.5,0.0
500.0,733.0,2100.0,2113.0,6.0,1.37955060707034,113.85714285714286,0.0
500.0,734.0,2104.0,2089.0,3.0,1.0,151.5,0.0
500.0,735.0,2106.0,2096.0,3.0,1.6625703849682212,152.0,0.0
500.0,736.0,2114.0,2101.0,3.0,1.1035533905932735,81.0,0.0
500.0,737.0,2116.0,2161.0,7.0,1.176776695296637,94.125,0.0
500.0,738.0,2118.0,2117.0,5.0,1.0690355937288492,87.33333333333333,0.0
500.0,739.0,2120.0,2217.0,18.0,1.1830899297167934,90.21052631578948,0.0
500.0,740.0,2125.0,2133.0,2.0,1.0,84.33333333333333,0.0
500.0,741.0,2130.0,2139.0,2.0,1.2761423749153966,89.33333333333333,0.0
500.0,742.0,2132.0,2145.0,6.0,1.0591733660532994,85.0,0.0
500.0,743.0,2135.0,2160.0,4.0,2.047213595499958,107.8,0.0
500.0,744.0,2138.0,2110.0,4.0,1.25,92.6,0.0
500.0,745.0,2140.0,2136.0,2.0,1.1380711874576983,90.0,0.0
500.0,746.0,2142.0,2131.0,4.0,1.082842712474619,92.0,0.0
500.0,747.0,2144.0,2054.0,17.0,1.2166386075895368,86.66666666666667,0.0
500.0,748.0,2146.0,2049.0,18.0,1.2702927849532344,100.57894736842104,0.0
500.0,749.0,2147.0,2136.0,2.0,1.2761423749153966,90.0,0.0
500.0,750.0,2148.0,2117.0,6.0,1.1183467321065983,81.57142857142857,0.0
500.0,751.0,2151.0,2126.0,9.0,1.306449510224598,94.2,0.0
500.0,752.0,2153.0,2152.0,3.0,1.1035533905932735,95.0,0.0
500.0,753.0,2155.0,2091.0,10.0,1.1129673351926623,85.0909090909091,0.0
500.0,754.0,2159.0,2137.0,3.0,1.25,171.0,0.0
500.0,755.0,2162.0,2186.0,4.0,1.2,85.8,0.0
500.0,756.0,2163.0,2157.0,2.0,1.1380711874576983,87.0,0.0
500.0,757.0,2165.0,2109.0,9.0,1.0414213562373096,80.6,0.0
500.0,758.0,2169.0,2218.0,10.0,1.0,83.54545454545455,0.0
500.0,759.0,2171.0,2201.0,6.0,1.1183467321065983,80.42857142857143,0.0
500.0,760.0,2172.0,2175.0,5.0,1.2750469233121475,118.33333333333331,0.0
500.0,761.0,2173.0,2197.0,9.0,1.7262405524956368,114.5,0.0
500.0,762.0,2174.0,2187.0,8.0,1.1571348402636774,86.11111111111111,0.0
500.0,763.0,2178.0,2186.0,3.0,1.4571067811865477,91.25,0.0
500.0,764.0,2185.0,2177.0,6.0,1.9163162231961568,112.71428571428572,0.0
500.0,765.0,2188.0,2164.0,4.0,1.082842712474619,87.4,0.0
500.0,766.0,2190.0,2184.0,11.0,1.554737854124365,114.5,0.0
500.0,767.0,2191.0,2239.0,9.0,1.306449510224598,100.1,0.0
500.0,768.0,2192.0,2168.0,4.0,1.082842712474619,94.6,0.0
500.0,769.0,2196.0,2156.0,8.0,1.3404994558051089,94.66666666666669,0.0
500.0,770.0,2199.0,2150.0,18.0,1.344725077709713,95.05263157894736,0.0
500.0,771.0,2200.0,2177.0,5.0,1.4428090415820634,96.83333333333331,0.0
500.0,772.0,2203.0,2181.0,4.0,1.1035533905932735,113.6,0.0
500.0,773.0,2219.0,2210.0,3.0,1.4571067811865477,152.25,0.0
500.0,774.0,2221.0,2194.0,6.0,1.2071067811865477,105.57142857142856,0.0
500.0,775.0,2222.0,2215.0,9.0,1.2242640687119286,98.2,0.0
500.0,776.0,2228.0,2107.0,22.0,1.3462604364720716,90.56521739130434,0.0
500.0,777.0,2229.0,2303.0,11.0,1.657743518916014,96.75,0.0
500.0,778.0,2240.0,2214.0,4.0,1.4142135623730951,94.6,0.0
500.0,779.0,2241.0,2209.0,6.0,1.2020305089104422,89.14285714285714,0.0
500.0,780.0,2242.0,2226.0,2.0,1.0,139.66666666666666,0.0
500.0,781.0,2248.0,2261.0,2.0,1.1380711874576983,102.33333333333331,0.0
500.0,782.0,2250.0,2275.0,4.0,1.165685424949238,86.4,0.0
500.0,783.0,2251.0,2271.0,4.0,1.565685424949238,133.0,0.0
500.0,784.0,2253.0,2266.0,18.0,1.0526315789473684,85.3157894736842,0.0
500.0,785.0,2254.0,2261.0,3.0,1.1035533905932735,99.0,0.0
500.0,786.0,2258.0,2339.0,14.0,1.0276142374915398,85.33333333333333,0.0
500.0,787.0,2259.0,2234.0,4.0,1.282842712474619,99.8,0.0
500.0,788.0,2263.0,2256.0,3.0,1.6035533905932735,85.25,0.0
500.0,789.0,2264.0,2231.0,5.0,1.235702260395516,91.0,0.0
500.0,790.0,2268.0,2269.0,5.0,1.235702260395516,90.33333333333331,0.0
500.0,791.0,2276.0,2265.0,2.0,1.1380711874576983,85.66666666666667,0.0
500.0,792.0,2279.0,2270.0,7.0,1.2803300858899107,94.125,0.0
500.0,793.0,2284.0,2267.0,7.0,1.2803300858899107,97.125,0.0
500.0,794.0,2289.0,2245.0,7.0,1.051776695296637,93.875,0.0
500.0,795.0,2290.0,2281.0,3.0,1.3535533905932735,100.25,0.0
500.0,796.0,2291.0,2267.0,4.0,1.365685424949238,98.2,0.0
500.0,797.0,2294.0,2313.0,4.0,1.365685424949238,98.6,0.0
500.0,798.0,2296.0,2311.0,13.0,1.3795506070703405,90.5,0.0
500.0,799.0,2298.0,2283.0,3.0,1.1035533905932735,81.75,0.0
500.0,800.0,2299.0,2272.0,4.0,1.082842712474619,99.0,0.0
500.0,801.0,2300.0,2238.0,10.0,1.128564869306645,86.54545454545455,0.0
500.0,802.0,2301.0,2287.0,6.0,2.5214687914104124,89.85714285714286,0.0
500.0,803.0,2304.0,2345.0,8.0,1.4253807916384658,101.77777777777776,0.0
500.0,804.0,2308.0,2275.0,14.0,1.2047378541243652,87.66666666666667,0.0
500.0,805.0,2310.0,2208.0,17.0,1.4023689270621826,99.33333333333331,0.0
500.0,806.0,2315.0,2331.0,5.0,1.1380711874576983,95.33333333333331,0.0
500.0,807.0,2317.0,2286.0,5.0,1.2750469233121475,88.16666666666667,0.0
500.0,808.0,2325.0,2282.0,7.0,1.176776695296637,89.5,0.0
500.0,809.0,2326.0,2320.0,5.0,1.235702260395516,84.83333333333333,0.0
500.0,810.0,2327.0,2399.0,12.0,1.1087856586440843,81.07692307692308,0.0
500.0,811.0,2330.0,2311.0,4.0,1.082842712474619,86.6,0.0
500.0,812.0,2332.0,2306.0,5.0,1.235702260395516,95.5,0.0
500.0,813.0,2337.0,2360.0,4.0,1.482842712474619,91.8,0.0
500.0,814.0,2338.0,2342.0,12.0,1.2944943942112457,83.38461538461539,0.0
500.0,815.0,2340.0,2372.0,18.0,1.065402141427331,93.05263157894736,0.0
500.0,816.0,2344.0,2333.0,3.0,1.25,131.25,0.0
500.0,817.0,2349.0,2321.0,14.0,1.2595281484661447,86.13333333333334,0.0
500.0,818.0,2350.0,2307.0,12.0,1.0637251634420148,86.3076923076923,0.0
500.0,819.0,2352.0,2393.0,6.0,1.1428571428571428,90.0,0.0
500.0,820.0,2353.0,2361.0,12.0,1.3763786328455514,103.15384615384616,0.0
500.0,821.0,2357.0,2335.0,4.0,1.082842712474619,85.2,0.0
500.0,822.0,2362.0,2387.0,26.0,1.1748647908051244,90.51851851851852,0.0
500.0,823.0,2364.0,2365.0,8.0,1.0460237291525665,90.11111111111111,0.0
500.0,824.0,2369.0,2319.0,9.0,1.2,103.2,0.0
500.0,825.0,2371.0,2426.0,10.0,1.0376557783975542,88.9090909090909,0.0
500.0,826.0,2373.0,2307.0,11.0,1.1380711874576983,82.58333333333333,0.0
500.0,827.0,2375.0,2347.0,4.0,1.2,95.0,0.0
500.0,828.0,2376.0,2359.0,2.0,1.1380711874576983,89.33333333333333,0.0
500.0,829.0,2379.0,2402.0,7.0,1.051776695296637,83.125,0.0
500.0,830.0,2380.0,2403.0,5.0,1.2071067811865477,108.16666666666669,0.0
500.0,831.0,2384.0,2346.0,10.0,1.3765577839755412,88.9090909090909,0.0
500.0,832.0,2385.0,2329.0,9.0,1.0828427124746192,87.2,0.0
500.0,833.0,2388.0,2366.0,5.0,1.235702260395516,101.33333333333331,0.0
500.0,834.0,2392.0,2397.0,2.0,1.0,84.33333333333333,0.0
500.0,835.0,2398.0,2266.0,22.0,1.1695432581135508,86.91304347826087,0.0
500.0,836.0,2400.0,2238.0,37.0,1.1571200723283457,84.76315789473684,0.0
500.0,837.0,2406.0,2386.0,3.0,1.4571067811865477,91.75,0.0
500.0,838.0,2409.0,2405.0,2.0,1.1380711874576983,88.66666666666667,0.0
500.0,839.0,2410.0,2396.0,7.0,1.1035533905932735,88.5,0.0
500.0,840.0,2411.0,2378.0,14.0,1.592861481799478,124.66666666666669,0.0
500.0,841.0,2412.0,2490.0,12.0,1.095587745163022,87.07692307692308,0.0
500.0,842.0,2413.0,2468.0,22.0,1.346546206455528,99.65217391304348,0.0
500.0,843.0,2418.0,2472.0,11.0,1.0833333333333333,85.25,0.0
500.0,844.0,2419.0,2522.0,15.0,1.0258883476483185,83.0,0.0
500.0,845.0,2425.0,2493.0,11.0,1.1035533905932735,89.08333333333333,0.0
500.0,846.0,2428.0,2438.0,5.0,1.0,81.66666666666667,0.0
500.0,847.0,2430.0,2463.0,17.0,3.134984694990364,104.33333333333331,0.0
500.0,848.0,2432.0,2314.0,23.0,1.2142556509887896,95.0,0.0
500.0,849.0,2433.0,2394.0,6.0,1.2020305089104422,90.14285714285714,0.0
500.0,850.0,2434.0,2414.0,3.0,1.6625703849682212,163.25,0.0
500.0,851.0,2437.0,2417.0,3.0,1.3535533905932735,94.0,0.0
500.0,852.0,2440.0,2468.0,6.0,1.4040610178208843,88.42857142857143,0.0
500.0,853.0,2441.0,2499.0,9.0,1.4892922226992171,102.4,0.0
500.0,854.0,2447.0,2420.0,7.0,1.051776695296637,92.5,0.0
500.0,855.0,2451.0,2407.0,7.0,1.3321067811865477,91.25,0.0
500.0,856.0,2452.0,2478.0,6.0,1.2949278717494257,87.57142857142857,0.0
500.0,857.0,2458.0,2457.0,4.0,1.0,84.8,0.0
500.0,858.0,2459.0,2421.0,6.0,1.261203874963741,90.85714285714286,0.0
500.0,859.0,2460.0,2497.0,7.0,1.2803300858899105,91.0,0.0
500.0,860.0,2466.0,2431.0,5.0,1.2761423749153966,92.66666666666669,0.0
500.0,861.0,2471.0,2455.0,4.0,1.248528137423857,98.8,0.0
500.0,862.0,2475.0,2464.0,3.0,1.1035533905932735,100.25,0.0
500.0,863.0,2476.0,2493.0,10.0,1.0753115567951084,95.0,0.0
500.0,864.0,2479.0,2478.0,7.0,1.5812851924841107,99.125,0.0
500.0,865.0,2481.0,2496.0,2.0,1.1380711874576983,84.33333333333333,0.0
500.0,866.0,2482.0,2525.0,5.0,2.0,93.16666666666669,0.0
500.0,867.0,2485.0,2455.0,10.0,1.2259346703853249,91.36363636363636,0.0
500.0,868.0,2488.0,2457.0,6.0,1.0,88.0,0.0
500.0,869.0,2491.0,2438.0,8.0,1.0,80.77777777777777,0.0
500.0,870.0,2492.0,2496.0,2.0,1.1380711874576983,88.0,0.0
500.0,871.0,2495.0,2462.0,6.0,1.2357545056961263,111.57142857142856,0.0
500.0,872.0,2502.0,2486.0,3.0,1.25,90.5,0.0
500.0,873.0,2504.0,2505.0,12.0,1.1906698972783905,107.07692307692308,0.0
500.0,874.0,2515.0,2514.0,3.0,1.1035533905932735,95.75,0.0
500.0,875.0,2519.0,2518.0,6.0,1.0591733660532994,96.14285714285714,0.0
500.0,876.0,2520.0,2383.0,23.0,1.252961158827728,95.79166666666669,0.0
500.0,877.0,2523.0,2600.0,13.0,1.1306019374818708,84.71428571428571,0.0
500.0,878.0,2527.0,2579.0,10.0,4.3318437763520805,103.27272727272728,0.0
500.0,879.0,2530.0,2524.0,15.0,1.681218433538229,105.1875,0.0
500.0,880.0,2531.0,2578.0,11.0,1.3392556509887896,97.33333333333331,0.0
500.0,881.0,2532.0,2548.0,7.0,1.4571067811865477,105.625,0.0
500.0,882.0,2534.0,2494.0,7.0,1.125,102.0,0.0
500.0,883.0,2535.0,2554.0,10.0,1.0753115567951084,93.0909090909091,0.0
500.0,884.0,2539.0,2521.0,4.0,1.082842712474619,85.2,0.0
500.0,885.0,2542.0,2536.0,3.0,1.6625703849682212,123.75,0.0
500.0,886.0,2545.0,2594.0,12.0,4.318274659947654,108.46153846153848,0.0
500.0,887.0,2549.0,2596.0,7.0,1.0,80.75,0.0
500.0,888.0,2551.0,2552.0,3.0,1.1035533905932735,97.75,0.0
500.0,889.0,2553.0,2547.0,2.0,1.1380711874576983,91.66666666666669,0.0
500.0,890.0,2562.0,2548.0,5.0,1.373773447853214,111.5,0.0
500.0,891.0,2564.0,2533.0,6.0,1.0,88.71428571428571,0.0
500.0,892.0,2565.0,2480.0,13.0,1.177520098159898,87.78571428571429,0.0
500.0,893.0,2571.0,2590.0,3.0,1.1035533905932735,86.75,0.0
500.0,894.0,2576.0,2677.0,14.0,1.0,84.6,0.0
500.0,895.0,2580.0,2563.0,5.0,2.1673161521886932,135.33333333333334,0.0
500.0,896.0,2582.0,2590.0,13.0,1.3795506070703405,88.64285714285714,0.0
500.0,897.0,2583.0,2574.0,3.0,1.1035533905932735,98.0,0.0
500.0,898.0,2584.0,2637.0,9.0,1.0,88.6,0.0
500.0,899.0,2586.0,2602.0,2.0,1.1380711874576983,97.0,0.0
500.0,900.0,2589.0,2470.0,19.0,1.05,95.6,0.0
500.0,901.0,2591.0,2567.0,8.0,1.1571348402636774,94.11111111111111,0.0
500.0,902.0,2593.0,2556.0,16.0,1.2151090734995518,107.41176470588236,0.0
500.0,903.0,2595.0,2581.0,2.0,1.1380711874576983,82.66666666666667,0.0
500.0,904.0,2597.0,2557.0,6.0,1.0591733660532994,90.14285714285714,0.0
500.0,905.0,2598.0,2566.0,7.0,1.2795084971874735,109.375,0.0
500.0,906.0,2609.0,2541.0,11.0,1.1523689270621824,84.91666666666667,0.0
500.0,907.0,2611.0,2610.0,6.0,1.3541012378027248,120.42857142857144,0.0
500.0,908.0,2612.0,2624.0,8.0,1.1571348402636774,93.11111111111111,0.0
500.0,909.0,2615.0,2587.0,3.0,3.052775637731995,125.0,0.0
500.0,910.0,2617.0,2674.0,8.0,1.9640687874810512,125.11111111111111,0.0
500.0,911.0,2618.0,2621.0,5.0,1.9056630667016965,126.0,0.0
500.0,912.0,2619.0,2606.0,5.0,1.0690355937288492,94.83333333333331,0.0
500.0,913.0,2622.0,2762.0,18.0,1.1616351479929197,86.05263157894737,0.0
500.0,914.0,2631.0,2741.0,22.0,1.3074377309506728,102.56521739130434,0.0
500.0,915.0,2636.0,2695.0,16.0,1.0588235294117647,97.76470588235294,0.0
500.0,916.0,2638.0,2650.0,2.0,1.0,90.33333333333331,0.0
500.0,917.0,2639.0,2652.0,2.0,1.0,84.33333333333333,0.0
500.0,918.0,2643.0,2652.0,2.0,1.0,86.0,0.0
500.0,919.0,2644.0,2632.0,6.0,1.1428571428571428,90.0,0.0
500.0,920.0,2646.0,2654.0,2.0,1.1380711874576983,86.66666666666667,0.0
500.0,921.0,2648.0,2665.0,2.0,1.1380711874576983,92.0,0.0
500.0,922.0,2653.0,2601.0,8.0,1.2031585694162432,89.11111111111111,0.0
500.0,923.0,2655.0,2616.0,7.0,1.3838834764831844,97.0,0.0
500.0,924.0,2657.0,2634.0,3.0,1.4125703849682212,97.75,0.0
500.0,925.0,2659.0,2605.0,8.0,3.414782674463456,161.44444444444446,0.0
500.0,926.0,2660.0,2642.0,7.0,1.051776695296637,86.25,0.0
500.0,927.0,2663.0,2594.0,10.0,3.8926483554237055,103.8181818181818,0.0
500.0,928.0,2666.0,2696.0,3.0,1.1035533905932735,81.0,0.0
500.0,929.0,2669.0,2705.0,4.0,1.282842712474619,88.8,0.0
500.0,930.0,2671.0,2680.0,4.0,1.082842712474619,90.0,0.0
500.0,931.0,2673.0,2658.0,5.0,1.608380256645481,107.0,0.0
500.0,932.0,2675.0,2685.0,12.0,1.4219447210952747,99.84615384615384,0.0
500.0,933.0,2679.0,2623.0,10.0,1.370097073805952,102.0,0.0
500.0,934.0,2687.0,2696.0,3.0,1.1035533905932735,81.0,0.0
500.0,935.0,2689.0,2707.0,6.0,1.0591733660532994,96.42857142857144,0.0
500.0,936.0,2692.0,2604.0,14.0,5.725118165413378,101.06666666666666,0.0
500.0,937.0,2694.0,2710.0,2.0,1.0,106.33333333333331,0.0
500.0,938.0,2697.0,2668.0,3.0,1.25,86.75,0.0
500.0,939.0,2698.0,2661.0,4.0,1.6957417329238151,141.6,0.0
500.0,940.0,2702.0,2629.0,13.0,1.278535352615119,88.0,0.0
500.0,941.0,2703.0,2728.0,3.0,1.1035533905932735,86.5,0.0
500.0,942.0,2706.0,2750.0,6.0,1.0591733660532994,79.71428571428571,0.0
500.0,943.0,2708.0,2683.0,3.0,1.4125703849682212,120.25,0.0
500.0,944.0,2711.0,2717.0,2.0,1.1380711874576983,111.66666666666669,0.0
500.0,945.0,2713.0,2770.0,8.0,1.1111111111111112,78.33333333333333,0.0
500.0,946.0,2715.0,2739.0,10.0,1.1129673351926623,87.0909090909091,0.0
500.0,947.0,2718.0,2749.0,4.0,1.282842712474619,89.2,0.0
500.0,948.0,2721.0,2700.0,4.0,1.282842712474619,98.2,0.0
500.0,949.0,2722.0,2723.0,2.0,1.1380711874576983,81.0,0.0
500.0,950.0,2724.0,2746.0,3.0,1.1035533905932735,97.75,0.0
500.0,951.0,2725.0,2614.0,21.0,1.9074540926753476,108.5909090909091,0.0
500.0,952.0,2730.0,2804.0,13.0,1.2193619865618197,97.42857142857144,0.0
500.0,953.0,2733.0,2750.0,6.0,1.0591733660532994,81.28571428571429,0.0
500.0,954.0,2740.0,2685.0,15.0,1.5454951288348662,103.625,0.0
500.0,955.0,2742.0,2650.0,16.0,1.1461930220140335,86.52941176470588,0.0
500.0,956.0,2748.0,2628.0,15.0,1.4160533905932735,106.6875,0.0
500.0,957.0,2753.0,2736.0,10.0,1.1129673351926623,88.72727272727273,0.0
500.0,958.0,2755.0,2737.0,6.0,1.1428571428571428,82.42857142857143,0.0
500.0,959.0,2757.0,2777.0,3.0,1.0,85.75,0.0
500.0,960.0,2758.0,2710.0,8.0,1.0,92.33333333333331,0.0
500.0,961.0,2763.0,2802.0,6.0,1.2958668302664964,88.28571428571429,0.0
500.0,962.0,2766.0,2765.0,6.0,1.496958380659868,111.71428571428572,0.0
500.0,963.0,2769.0,2784.0,3.0,1.3535533905932735,94.0,0.0
500.0,964.0,2772.0,2752.0,3.0,1.2071067811865477,93.75,0.0
500.0,965.0,2774.0,2773.0,4.0,1.0,83.6,0.0
500.0,966.0,2776.0,2777.0,2.0,1.0,90.0,0.0
500.0,967.0,2786.0,2778.0,2.0,1.1380711874576983,90.0,0.0
500.0,968.0,2787.0,2779.0,4.0,1.282842712474619,87.6,0.0
500.0,969.0,2789.0,2798.0,3.0,1.3333333333333333,132.25,0.0
500.0,970.0,2790.0,2759.0,6.0,1.261203874963741,91.85714285714286,0.0
500.0,971.0,2796.0,2825.0,13.0,1.1183467321065983,87.85714285714286,0.0
500.0,972.0,2799.0,2819.0,5.0,1.304737854124365,87.0,0.0
500.0,973.0,2800.0,2783.0,4.0,1.412899020449196,85.8,0.0
500.0,974.0,2816.0,2820.0,4.0,1.082842712474619,85.6,0.0
500.0,975.0,2818.0,2797.0,4.0,1.082842712474619,85.0,0.0
500.0,976.0,2822.0,2811.0,4.0,1.0,83.4,0.0
500.0,977.0,2824.0,2868.0,10.0,1.391557799033206,102.9090909090909,0.0
500.0,978.0,2826.0,2812.0,3.0,1.5590169943749477,97.75,0.0
500.0,979.0,2827.0,2808.0,4.0,1.248528137423857,91.2,0.0
500.0,980.0,2830.0,2841.0,8.0,2.425398561405677,152.55555555555554,0.0
500.0,981.0,2831.0,2754.0,12.0,1.0637251634420146,87.23076923076923,0.0
500.0,982.0,2834.0,2833.0,3.0,1.1035533905932735,88.5,0.0
500.0,983.0,2835.0,2854.0,4.0,1.530056307974577,114.2,0.0
500.0,984.0,2836.0,2859.0,5.0,1.235702260395516,81.5,0.0
500.0,985.0,2839.0,2828.0,2.0,1.1380711874576983,88.0,0.0
500.0,986.0,2840.0,2858.0,8.0,1.2491822985688092,87.22222222222223,0.0
500.0,987.0,2842.0,2810.0,6.0,1.0591733660532994,103.71428571428572,0.0
500.0,988.0,2843.0,2785.0,11.0,1.1523689270621824,87.91666666666667,0.0
500.0,989.0,2845.0,2829.0,5.0,1.7464514441031789,117.0,0.0
500.0,990.0,2846.0,2798.0,13.0,1.625306938807074,111.28571428571428,0.0
500.0,991.0,2847.0,2768.0,14.0,1.5309326692571763,102.06666666666666,0.0
500.0,992.0,2850.0,2807.0,9.0,1.2242640687119286,83.7,0.0
500.0,993.0,2852.0,2819.0,5.0,1.235702260395516,89.16666666666667,0.0
500.0,994.0,2853.0,2760.0,15.0,1.1031425962420554,83.0,0.0
500.0,995.0,2855.0,2884.0,9.0,1.082842712474619,93.5,0.0
500.0,996.0,2856.0,2865.0,3.0,1.1035533905932735,87.0,0.0
500.0,997.0,2860.0,2805.0,14.0,1.4918802400820497,99.73333333333332,0.0
500.0,998.0,2861.0,2812.0,10.0,1.4292135774307602,89.9090909090909,0.0
500.0,999.0,2866.0,2891.0,12.0,5.284194282832872,148.46153846153845,0.0
500.0,1000.0,2869.0,2838.0,8.0,1.051776695296637,92.55555555555556,0.0
500.0,1001.0,2870.0,2910.0,8.0,1.90322113383244,103.22222222222224,0.0
500.0,1002.0,2872.0,2865.0,2.0,1.2761423749153966,85.66666666666667,0.0
500.0,1003.0,2874.0,2888.0,2.0,1.0,81.0,0.0
500.0,1004.0,2878.0,2817.0,16.0,1.145806392036416,88.47058823529412,0.0
500.0,1005.0,2879.0,2924.0,11.0,2.364302574300937,151.08333333333334,0.0
500.0,1006.0,2880.0,2886.0,19.0,1.6564495102245982,130.6,0.0
500.0,1007.0,2882.0,2876.0,18.0,1.3409846665588987,95.57894736842104,0.0
500.0,1008.0,2885.0,2873.0,9.0,2.7712065434336854,122.0,0.0
500.0,1009.0,2887.0,2886.0,5.0,2.0786893258332633,121.16666666666669,0.0
500.0,1010.0,2890.0,2899.0,2.0,2.0,104.66666666666669,0.0
500.0,1011.0,2892.0,2908.0,3.0,1.2071067811865477,107.25,0.0
500.0,1012.0,2893.0,2884.0,7.0,1.0,123.5,0.0
500.0,1013.0,2898.0,2935.0,6.0,1.1428571428571428,87.42857142857143,0.0
500.0,1014.0,2900.0,2940.0,8.0,5.23486782339247,210.22222222222223,0.0
500.0,1015.0,2901.0,2979.0,12.0,1.1269447338363758,90.3076923076923,0.0
500.0,1016.0,2904.0,2970.0,10.0,5.54000982682672,124.72727272727272,0.0
500.0,1017.0,2915.0,2928.0,4.0,1.248528137423857,92.0,0.0
500.0,1018.0,2916.0,2952.0,7.0,1.2795084971874735,101.0,0.0
500.0,1019.0,2922.0,2908.0,2.0,1.1380711874576983,94.66666666666669,0.0
500.0,1020.0,2925.0,2988.0,9.0,1.1414213562373097,88.9,0.0
500.0,1021.0,2932.0,2923.0,4.0,1.2,103.8,0.0
500.0,1022.0,2941.0,2906.0,5.0,1.0690355937288492,91.83333333333331,0.0
500.0,1023.0,2943.0,2928.0,3.0,1.1035533905932735,92.5,0.0
500.0,1024.0,2954.0,2970.0,17.0,5.996989242553951,129.33333333333334,0.0
500.0,1025.0,2955.0,2946.0,2.0,1.1380711874576983,89.0,0.0
500.0,1026.0,2957.0,2944.0,3.0,1.1035533905932735,112.0,0.0
500.0,1027.0,2962.0,2921.0,10.0,1.1129673351926623,98.36363636363636,0.0
500.0,1028.0,2965.0,2806.0,63.0,1.2661727789175488,91.71875,0.0
500.0,1029.0,2966.0,3019.0,12.0,1.7027356087778045,114.76923076923076,0.0
500.0,1030.0,2969.0,3041.0,9.0,1.1414213562373097,103.0,0.0
500.0,1031.0,2971.0,2940.0,14.0,3.983090714333261,192.4,0.0
500.0,1032.0,2972.0,2951.0,12.0,1.1087856586440843,87.15384615384616,0.0
500.0,1033.0,2974.0,2993.0,3.0,1.4571067811865477,99.0,0.0
500.0,1034.0,2976.0,2911.0,14.0,3.900020626111233,120.4,0.0
500.0,1035.0,2977.0,3058.0,24.0,1.7843079547644414,111.0,0.0
500.0,1036.0,2982.0,2964.0,37.0,1.4484639621142794,96.84210526315788,0.0
500.0,1037.0,2987.0,2960.0,5.0,2.3020932000068774,165.16666666666666,0.0
500.0,1038.0,2989.0,2950.0,12.0,1.1406482403650915,83.92307692307692,0.0
500.0,1039.0,2992.0,3016.0,3.0,1.0,78.75,0.0
500.0,1040.0,2996.0,2933.0,11.0,5.16091516068742,179.33333333333334,0.0
500.0,1041.0,2997.0,2946.0,12.0,1.268098567249121,85.84615384615384,0.0
500.0,1042.0,3015.0,3045.0,3.0,1.1035533905932735,81.0,0.0
500.0,1043.0,3024.0,3057.0,4.0,1.082842712474619,92.4,0.0
500.0,1044.0,3029.0,2978.0,6.0,1.0591733660532994,98.71428571428572,0.0
500.0,1045.0,3035.0,3011.0,2.0,1.0,110.0,0.0
500.0,1046.0,3037.0,2947.0,11.0,1.42741585037433,97.16666666666669,0.0
500.0,1047.0,3038.0,3031.0,2.0,1.0,86.0,0.0
500.0,1048.0,3043.0,2945.0,12.0,5.663331074869542,207.0,0.0
500.0,1049.0,3046.0,3019.0,3.0,1.6625703849682212,110.75,0.0
500.0,1050.0,3048.0,3079.0,11.0,1.1720412585204982,106.08333333333331,0.0
500.0,1051.0,3050.0,3014.0,8.0,3.044050394766391,152.44444444444446,0.0
500.0,1052.0,3051.0,3089.0,5.0,1.235702260395516,93.0,0.0
500.0,1053.0,3068.0,2999.0,11.0,1.39344577931153,97.25,0.0
500.0,1054.0,3070.0,3020.0,8.0,1.7205868193598413,99.0,0.0
500.0,1055.0,3071.0,3021.0,6.0,1.4285714285714286,100.57142857142856,0.0
500.0,1056.0,3075.0,3014.0,8.0,3.6414723458036145,169.88888888888889,0.0
500.0,1057.0,3081.0,3054.0,3.0,1.1035533905932735,103.25,0.0
500.0,1058.0,3083.0,3057.0,6.0,1.0,85.42857142857143,0.0
500.0,1059.0,3086.0,3058.0,3.0,1.1035533905932735,93.0,0.0
500.0,1060.0,3087.0,3031.0,8.0,1.0,84.44444444444444,0.0
500.0,1061.0,3091.0,2981.0,13.0,1.0714285714285714,97.0,0.0
500.0,1062.0,3092.0,3142.0,6.0,1.0591733660532994,84.14285714285714,0.0
500.0,1063.0,3094.0,3061.0,3.0,1.3106601717798214,101.25,0.0
500.0,1064.0,3102.0,3148.0,17.0,4.554566152609873,121.5,0.0
500.0,1065.0,3105.0,3066.0,9.0,1.1414213562373097,85.6,0.0
500.0,1066.0,3106.0,3090.0,2.0,1.2761423749153966,83.66666666666667,0.0
500.0,1067.0,3108.0,3109.0,2.0,1.1380711874576983,90.0,0.0
500.0,1068.0,3112.0,3099.0,2.0,1.0,87.33333333333333,0.0
500.0,1069.0,3113.0,3140.0,9.0,1.806449510224598,108.5,0.0
500.0,1070.0,3114.0,3069.0,5.0,1.4023689270621826,85.66666666666667,0.0
500.0,1071.0,3115.0,3060.0,6.0,1.0591733660532994,84.85714285714286,0.0
500.0,1072.0,3117.0,3142.0,8.0,1.2031585694162434,87.33333333333333,0.0
500.0,1073.0,3118.0,2964.0,17.0,1.2261704339925263,87.27777777777777,0.0
500.0,1074.0,3123.0,3122.0,10.0,1.642824346533225,90.54545454545456,0.0
500.0,1075.0,3126.0,3125.0,3.0,1.6625703849682212,127.5,0.0
500.0,1076.0,3128.0,3095.0,4.0,1.282842712474619,90.4,0.0
500.0,1077.0,3129.0,3096.0,4.0,1.2,111.8,0.0
500.0,1078.0,3134.0,3065.0,7.0,1.051776695296637,83.125,0.0
500.0,1079.0,3135.0,3145.0,2.0,1.1380711874576983,91.66666666666669,0.0
500.0,1080.0,3136.0,3110.0,3.0,1.1035533905932735,93.25,0.0
500.0,1081.0,3139.0,3160.0,10.0,1.2409346854429897,93.8181818181818,0.0
500.0,1082.0,3141.0,3225.0,12.0,1.4082412145665588,98.53846153846152,0.0
500.0,1083.0,3144.0,3249.0,14.0,1.2323520916159048,87.0,0.0
500.0,1084.0,3150.0,3151.0,3.0,1.6035533905932735,92.5,0.0
500.0,1085.0,3152.0,3077.0,10.0,1.0376557783975542,87.9090909090909,0.0
500.0,1086.0,3153.0,3124.0,4.0,1.282842712474619,83.2,0.0
500.0,1087.0,3154.0,3138.0,6.0,1.3541012378027248,93.57142857142856,0.0
500.0,1088.0,3157.0,3042.0,14.0,4.964885776523845,169.46666666666667,0.0
500.0,1089.0,3161.0,3145.0,6.0,1.522407749927483,86.42857142857143,0.0
500.0,1090.0,3163.0,3121.0,6.0,1.236693464213197,92.28571428571428,0.0
500.0,1091.0,3168.0,3239.0,9.0,1.1,86.0,0.0
500.0,1092.0,3170.0,3169.0,9.0,1.1650281539872889,97.3,0.0
500.0,1093.0,3174.0,3158.0,2.0,1.1380711874576983,95.66666666666669,0.0
500.0,1094.0,3177.0,2951.0,31.0,1.3008567811865477,85.03125,0.0
500.0,1095.0,3178.0,3107.0,9.0,1.182842712474619,90.4,0.0
500.0,1096.0,3186.0,3166.0,4.0,1.2,93.0,0.0
500.0,1097.0,3192.0,3209.0,3.0,17.383444609627713,216.5,0.0
500.0,1098.0,3198.0,3258.0,11.0,1.3249579113843055,96.91666666666669,0.0
500.0,1099.0,3199.0,3120.0,11.0,1.0833333333333333,111.16666666666669,0.0
500.0,1100.0,3200.0,3143.0,8.0,1.3602934096799204,90.55555555555556,0.0
500.0,1101.0,3204.0,3203.0,10.0,1.128564869306645,84.36363636363636,0.0
500.0,1102.0,3207.0,3188.0,14.0,1.2161760458079525,94.26666666666668,0.0
500.0,1103.0,3213.0,3243.0,3.0,1.8106601717798216,94.5,0.0
500.0,1104.0,3215.0,3183.0,5.0,1.2071067811865477,89.16666666666667,0.0
500.0,1105.0,3220.0,3228.0,2.0,1.2761423749153966,110.0,0.0
500.0,1106.0,3221.0,3214.0,2.0,1.1380711874576983,87.33333333333333,0.0
500.0,1107.0,3222.0,3165.0,10.0,1.0753115567951084,87.36363636363636,0.0
500.0,1108.0,3227.0,3211.0,4.0,1.248528137423857,114.0,0.0
500.0,1109.0,3229.0,3148.0,29.0,5.51522467849903,132.46666666666667,0.0
500.0,1110.0,3230.0,3201.0,4.0,6.98144351774886,195.0,0.0
500.0,1111.0,3231.0,3201.0,10.0,4.310444042462172,158.0,0.0
500.0,1112.0,3234.0,3196.0,5.0,1.0690355937288492,87.33333333333333,0.0
500.0,1113.0,3235.0,3291.0,10.0,1.483064408998615,96.0,0.0
500.0,1114.0,3237.0,3205.0,4.0,1.2,117.2,0.0
500.0,1115.0,3242.0,3219.0,3.0,1.3535533905932735,91.75,0.0
500.0,1116.0,3245.0,3249.0,4.0,1.482842712474619,96.6,0.0
500.0,1117.0,3247.0,3246.0,2.0,1.1380711874576983,81.0,0.0
500.0,1118.0,3256.0,3266.0,2.0,1.0,104.66666666666669,0.0
500.0,1119.0,3259.0,3244.0,5.0,1.235702260395516,89.66666666666667,0.0
500.0,1120.0,3260.0,3257.0,2.0,1.0,81.0,0.0
500.0,1121.0,3268.0,3243.0,5.0,1.7071067811865477,98.16666666666669,0.0
500.0,1122.0,3269.0,3257.0,2.0,1.0,80.33333333333333,0.0
500.0,1123.0,3271.0,3283.0,6.0,1.4040610178208843,89.85714285714286,0.0
500.0,1124.0,3272.0,3246.0,5.0,1.0690355937288492,77.0,0.0
500.0,1125.0,3274.0,3250.0,5.0,1.235702260395516,84.5,0.0
500.0,1126.0,3278.0,3240.0,7.0,1.051776695296637,85.25,0.0
500.0,1127.0,3284.0,3296.0,3.0,1.5606601717798212,85.0,0.0
500.0,1128.0,3285.0,3291.0,9.0,1.2414213562373095,89.5,0.0
500.0,1129.0,3287.0,3208.0,13.0,1.510152544552211,94.78571428571428,0.0
500.0,1130.0,3289.0,3212.0,12.0,9.296126759519062,219.46153846153845,0.0
500.0,1131.0,3293.0,3270.0,7.0,1.2803300858899105,89.5,0.0
500.0,1132.0,3295.0,3296.0,3.0,1.1035533905932735,79.25,0.0
500.0,1133.0,3298.0,3297.0,5.0,1.0690355937288492,82.83333333333333,0.0
500.0,1134.0,3302.0,3360.0,11.0,1.0345177968644246,83.83333333333333,0.0
500.0,1135.0,3304.0,3275.0,7.0,1.2803300858899105,85.125,0.0
500.0,1136.0,3311.0,3323.0,3.0,1.0,99.75,0.0
500.0,1137.0,3312.0,3173.0,21.0,11.418152379920429,208.27272727272728,0.0
500.0,1138.0,3313.0,3324.0,3.0,1.1035533905932735,84.25,0.0
500.0,1139.0,3314.0,3297.0,2.0,1.1380711874576983,79.0,0.0
500.0,1140.0,3319.0,3203.0,19.0,1.0707106781186548,81.25,0.0
500.0,1141.0,3326.0,3331.0,2.0,1.1380711874576983,88.0,0.0
500.0,1142.0,3329.0,3212.0,19.0,10.18242866284078,223.55,0.0
500.0,1143.0,3330.0,3324.0,2.0,1.1380711874576983,78.33333333333333,0.0
500.0,1144.0,3334.0,3321.0,2.0,1.1380711874576983,85.0,0.0
500.0,1145.0,3335.0,3318.0,4.0,1.2,96.6,0.0
500.0,1146.0,3342.0,3368.0,4.0,1.0,77.4,0.0
500.0,1147.0,3345.0,3305.0,9.0,1.165685424949238,87.7,0.0
500.0,1148.0,3346.0,3315.0,6.0,1.1183467321065983,85.85714285714286,0.0
500.0,1149.0,3351.0,3181.0,33.0,1.085279262841519,83.47058823529412,0.0
500.0,1150.0,3352.0,3397.0,9.0,1.0414213562373096,79.8,0.0
500.0,1151.0,3354.0,3327.0,9.0,1.1414213562373097,94.5,0.0
500.0,1152.0,3355.0,3341.0,2.0,1.1380711874576983,88.0,0.0
500.0,1153.0,3359.0,3317.0,8.0,1.2031585694162434,95.66666666666669,0.0
500.0,1154.0,3365.0,3332.0,6.0,1.2357545056961263,94.71428571428572,0.0
500.0,1155.0,3369.0,3366.0,3.0,1.3535533905932735,96.5,0.0
500.0,1156.0,3381.0,3400.0,7.0,1.051776695296637,83.5,0.0
500.0,1157.0,3382.0,3410.0,4.0,1.282842712474619,79.4,0.0
500.0,1158.0,3384.0,3397.0,4.0,1.082842712474619,82.0,0.0
500.0,1159.0,3385.0,3439.0,7.0,1.125,87.75,0.0
500.0,1160.0,3389.0,3373.0,7.0,1.125,91.25,0.0
500.0,1161.0,3391.0,3434.0,6.0,1.0591733660532994,78.28571428571429,0.0
500.0,1162.0,3396.0,3395.0,5.0,1.0690355937288492,83.0,0.0
500.0,1163.0,3399.0,3432.0,4.0,1.082842712474619,83.6,0.0
500.0,1164.0,3401.0,3445.0,10.0,1.25712973861329,89.0,0.0
500.0,1165.0,3402.0,3416.0,2.0,1.1380711874576983,82.33333333333333,0.0
500.0,1166.0,3403.0,3372.0,7.0,1.2071067811865477,95.5,0.0
500.0,1167.0,3414.0,3423.0,2.0,1.1380711874576983,99.0,0.0
500.0,1168.0,3417.0,3410.0,5.0,1.1666666666666667,86.0,0.0
500.0,1169.0,3418.0,3377.0,6.0,1.5224077499274828,91.85714285714286,0.0
500.0,1170.0,3421.0,3422.0,2.0,1.1380711874576983,82.0,0.0
500.0,1171.0,3426.0,3434.0,15.0,1.0258883476483185,82.875,0.0
500.0,1172.0,3430.0,3443.0,7.0,1.051776695296637,83.25,0.0
500.0,1173.0,3431.0,3443.0,2.0,1.1380711874576983,82.66666666666667,0.0
500.0,1174.0,3442.0,3419.0,25.0,6.625949407752273,145.3846153846154,0.0
500.0,1175.0,3444.0,3423.0,3.0,1.2071067811865477,92.0,0.0
500.0,1176.0,3448.0,3429.0,3.0,1.3535533905932735,97.0,0.0
500.0,1177.0,3453.0,3505.0,11.0,1.2410768522493474,88.33333333333333,0.0
500.0,1178.0,3456.0,3390.0,10.0,1.0753115567951084,92.63636363636364,0.0
500.0,1179.0,3457.0,3458.0,3.0,1.2071067811865477,83.5,0.0
500.0,1180.0,3462.0,3447.0,3.0,1.25,92.5,0.0
500.0,1181.0,3465.0,3437.0,5.0,1.1666666666666667,84.66666666666667,0.0
500.0,1182.0,3473.0,3454.0,3.0,1.25,106.0,0.0
500.0,1183.0,3475.0,3474.0,7.0,2.1330618877807472,109.875,0.0
500.0,1184.0,3480.0,3471.0,2.0,1.1380711874576983,97.66666666666669,0.0
500.0,1185.0,3483.0,3419.0,9.0,,133.6,0.0
500.0,1186.0,3485.0,3463.0,3.0,1.4125703849682212,129.0,0.0
500.0,1187.0,3487.0,3472.0,5.0,1.2761423749153968,90.33333333333331,0.0
500.0,1188.0,3489.0,3469.0,3.0,1.1035533905932735,95.5,0.0
500.0,1189.0,3491.0,3470.0,11.0,1.2553745918538315,101.5,0.0
500.0,1190.0,3497.0,3514.0,4.0,1.3300563079745769,93.8,0.0
500.0,1191.0,3498.0,3472.0,4.0,1.248528137423857,91.2,0.0
500.0,1192.0,3500.0,3476.0,4.0,1.8828427124746192,100.0,0.0
500.0,1193.0,3506.0,3411.0,15.0,5.9806585026980095,124.0,0.0
500.0,1194.0,3508.0,3481.0,6.0,1.1428571428571428,83.14285714285714,0.0
500.0,1195.0,3513.0,3494.0,5.0,1.0,78.66666666666667,0.0
500.0,1196.0,3519.0,3501.0,6.0,1.2020305089104422,88.28571428571429,0.0
500.0,1197.0,3523.0,3518.0,3.0,1.1035533905932735,87.0,0.0
500.0,1198.0,3524.0,3551.0,7.0,1.0,83.5,0.0
500.0,1199.0,3526.0,3466.0,10.0,1.166220647704199,90.54545454545456,0.0
500.0,1200.0,3529.0,3512.0,3.0,1.2071067811865477,86.75,0.0
500.0,1201.0,3530.0,3518.0,4.0,1.082842712474619,82.0,0.0
500.0,1202.0,3531.0,3447.0,17.0,1.1245911492844047,84.72222222222223,0.0
500.0,1203.0,3532.0,3467.0,16.0,1.205016551425798,95.17647058823528,0.0
500.0,1204.0,3534.0,3492.0,9.0,1.2242640687119284,83.0,0.0
500.0,1205.0,3538.0,3516.0,4.0,1.365685424949238,89.8,0.0
500.0,1206.0,3540.0,3458.0,15.0,1.0776650429449552,82.4375,0.0
500.0,1207.0,3546.0,3535.0,3.0,1.3535533905932735,86.25,0.0
500.0,1208.0,3547.0,3527.0,7.0,1.3312851924841107,98.375,0.0
500.0,1209.0,3548.0,3512.0,8.0,1.2301186457628306,82.44444444444444,0.0
500.0,1210.0,3552.0,3551.0,2.0,1.0,88.66666666666667,0.0
500.0,1211.0,3553.0,3560.0,2.0,1.0,81.33333333333333,0.0
500.0,1212.0,3557.0,3493.0,24.0,1.0565685424949238,86.76,0.0
500.0,1213.0,3558.0,3544.0,4.0,1.082842712474619,84.6,0.0
500.0,1214.0,3564.0,3606.0,9.0,1.1414213562373097,88.9,0.0
500.0,1215.0,3565.0,3550.0,3.0,1.2071067811865477,96.5,0.0
500.0,1216.0,3567.0,3544.0,13.0,1.18977530353517,85.42857142857143,0.0
500.0,1217.0,3568.0,3580.0,22.0,9.516986305485624,114.3913043478261,0.0
500.0,1218.0,3572.0,3507.0,15.0,1.0776650429449552,82.6875,0.0
500.0,1219.0,3573.0,3543.0,13.0,1.278535352615119,84.57142857142857,0.0
500.0,1220.0,3577.0,3604.0,7.0,1.051776695296637,90.125,0.0
500.0,1221.0,3581.0,3607.0,5.0,1.0690355937288492,85.66666666666667,0.0
500.0,1222.0,3582.0,3561.0,5.0,1.1666666666666667,112.83333333333331,0.0
500.0,1223.0,3583.0,3535.0,16.0,1.2882055845065683,83.11764705882354,0.0
500.0,1224.0,3585.0,3539.0,12.0,1.0637251634420148,83.76923076923077,0.0
500.0,1225.0,3587.0,3586.0,12.0,5.410863924338382,128.69230769230768,0.0
500.0,1226.0,3590.0,3632.0,9.0,1.0414213562373096,86.9,0.0
500.0,1227.0,3595.0,3566.0,6.0,1.0,90.0,0.0
500.0,1228.0,3569.0,3596.0,5.0,1.1666666666666667,85.66666666666667,0.0
500.0,1229.0,3599.0,3624.0,10.0,1.2032789070454355,97.63636363636364,0.0
500.0,1230.0,3603.0,3571.0,7.0,1.051776695296637,89.25,0.0
500.0,1231.0,3605.0,3612.0,2.0,1.1380711874576983,84.0,0.0
500.0,1232.0,3609.0,3594.0,6.0,1.0591733660532994,89.71428571428571,0.0
500.0,1233.0,3616.0,3632.0,7.0,1.1035533905932735,83.5,0.0
500.0,1234.0,3617.0,3607.0,28.0,1.1546648749737438,87.62068965517241,0.0
500.0,1235.0,3619.0,3589.0,6.0,1.3448876517675852,97.0,0.0
500.0,1236.0,3620.0,3614.0,2.0,1.1380711874576983,88.66666666666667,0.0
500.0,1237.0,3621.0,3593.0,6.0,3.0794851278689492,148.0,0.0
500.0,1238.0,3626.0,3622.0,8.0,1.0920474583051325,84.66666666666667,0.0
500.0,1239.0,3627.0,3656.0,9.0,1.0828427124746192,87.8,0.0
500.0,1240.0,3630.0,3601.0,7.0,2.4053300858899105,128.75,0.0
500.0,1241.0,3636.0,3662.0,10.0,1.3539020206356518,90.0909090909091,0.0
500.0,1242.0,3637.0,3615.0,6.0,1.0591733660532994,84.42857142857143,0.0
500.0,1243.0,3640.0,3647.0,10.0,4.408998790206393,135.0,0.0
500.0,1244.0,3643.0,3618.0,9.0,1.248528137423857,86.9,0.0
500.0,1245.0,3644.0,3657.0,11.0,1.117851130197758,86.08333333333333,0.0
500.0,1246.0,3645.0,3629.0,5.0,1.372677996249965,104.33333333333331,0.0
500.0,1247.0,3649.0,3631.0,8.0,1.1380711874576983,85.22222222222223,0.0
500.0,1248.0,3652.0,3635.0,6.0,1.2020305089104422,89.85714285714286,0.0
500.0,1249.0,3654.0,3648.0,7.0,1.0,80.25,0.0
500.0,1250.0,3659.0,3653.0,12.0,5.927215980042794,145.92307692307693,0.0
500.0,1251.0,3665.0,3641.0,6.0,1.177520098159898,83.42857142857143,0.0
500.0,1252.0,3666.0,3648.0,5.0,1.0690355937288492,74.66666666666667,0.0
500.0,1253.0,3667.0,3628.0,10.0,1.1129673351926623,84.18181818181819,0.0
500.0,1254.0,3671.0,3679.0,8.0,1.2491822985688092,92.88888888888889,0.0
500.0,1255.0,3672.0,3655.0,6.0,1.0591733660532994,81.85714285714286,0.0
500.0,1256.0,3674.0,3660.0,5.0,1.0,88.0,0.0
500.0,1257.0,3675.0,3669.0,3.0,1.1035533905932735,86.0,0.0
500.0,1258.0,3677.0,3646.0,9.0,1.0414213562373096,86.6,0.0
500.0,1259.0,3678.0,3670.0,2.0,1.1380711874576983,85.33333333333333,0.0
500.0,1260.0,3680.0,3655.0,7.0,1.0,81.0,0.0
500.0,1261.0,3685.0,3676.0,2.0,1.1380711874576983,88.66666666666667,0.0
500.0,1262.0,3686.0,3663.0,6.0,1.0,86.85714285714286,0.0
500.0,1263.0,3687.0,3682.0,4.0,1.248528137423857,86.8,0.0
500.0,1264.0,3688.0,3683.0,7.0,3.213185178379179,172.625,0.0
500.0,1265.0,3689.0,3700.0,5.0,1.304737854124365,93.5,0.0
500.0,1266.0,3691.0,3682.0,2.0,1.1380711874576983,85.33333333333333,0.0
500.0,1267.0,3693.0,3669.0,5.0,1.0690355937288492,85.33333333333333,0.0
500.0,1268.0,3695.0,3663.0,8.0,1.1380711874576983,85.66666666666667,0.0
500.0,1269.0,3697.0,3651.0,11.0,1.1523689270621824,82.25,0.0
500.0,1270.0,3698.0,3692.0,7.0,1.125,91.875,0.0
500.0,1271.0,3699.0,3706.0,6.0,1.177520098159898,95.85714285714286,0.0
500.0,1272.0,3701.0,3721.0,5.0,1.0690355937288492,92.83333333333331,0.0
500.0,1273.0,3703.0,3704.0,4.0,4.896836864145458,176.6,0.0
500.0,1274.0,3705.0,3673.0,7.0,1.051776695296637,92.0,0.0
500.0,1275.0,3707.0,3683.0,6.0,2.705094975094132,151.71428571428572,0.0
500.0,1276.0,3712.0,3653.0,15.0,5.988608956451365,146.9375,0.0
500.0,1277.0,3713.0,3725.0,4.0,1.612899020449196,90.0,0.0
500.0,1278.0,3715.0,3639.0,22.0,1.1077699419399598,90.6086956521739,0.0
500.0,1279.0,3718.0,3753.0,8.0,1.0460237291525665,84.88888888888889,0.0
500.0,1280.0,3722.0,3740.0,5.0,1.344082517040997,89.16666666666667,0.0
500.0,1281.0,3723.0,3747.0,6.0,1.2020305089104422,86.42857142857143,0.0
500.0,1282.0,3724.0,3717.0,4.0,1.082842712474619,91.4,0.0
500.0,1283.0,3727.0,3763.0,9.0,1.0414213562373096,83.1,0.0
500.0,1284.0,3729.0,3739.0,7.0,1.176776695296637,98.875,0.0
500.0,1285.0,3731.0,3734.0,4.0,1.282842712474619,95.4,0.0
500.0,1286.0,3738.0,3704.0,9.0,3.3874343094505237,155.0,0.0
500.0,1287.0,3741.0,3752.0,2.0,1.1380711874576983,81.33333333333333,0.0
500.0,1288.0,3743.0,3766.0,4.0,1.2,96.0,0.0
500.0,1289.0,3748.0,3702.0,15.0,1.1553300858899105,88.375,0.0
500.0,1290.0,3749.0,3684.0,17.0,1.2856742013183862,90.05555555555556,0.0
500.0,1291.0,3756.0,3768.0,6.0,1.3448876517675852,88.0,0.0
500.0,1292.0,3761.0,3752.0,5.0,1.1380711874576983,88.5,0.0
500.0,1293.0,3762.0,3772.0,5.0,1.0,90.33333333333331,0.0
500.0,1294.0,3767.0,3755.0,3.0,1.1035533905932735,83.0,0.0
500.0,1295.0,3771.0,3795.0,5.0,1.0690355937288492,82.83333333333333,0.0
500.0,1296.0,3775.0,3711.0,19.0,1.2481995019428822,92.55,0.0
500.0,1297.0,3781.0,3777.0,2.0,1.0,98.66666666666669,0.0
500.0,1298.0,3783.0,3768.0,3.0,1.6035533905932735,102.0,0.0
500.0,1299.0,3784.0,3757.0,5.0,1.0,91.5,0.0
500.0,1300.0,3785.0,3770.0,3.0,1.3535533905932735,95.75,0.0
500.0,1301.0,3786.0,3709.0,16.0,1.2634534508599455,86.3529411764706,0.0
500.0,1302.0,3788.0,3814.0,6.0,1.3203772410170405,108.14285714285714,0.0
500.0,1303.0,3790.0,3797.0,3.0,1.8535533905932735,114.75,0.0
500.0,1304.0,3798.0,3793.0,8.0,1.0460237291525665,85.88888888888889,0.0
500.0,1305.0,3799.0,3794.0,2.0,1.0,88.0,0.0
500.0,1306.0,3800.0,3807.0,6.0,1.4632343838741837,86.57142857142857,0.0
500.0,1307.0,3803.0,3802.0,11.0,1.137523461656074,93.25,0.0
500.0,1308.0,3806.0,3787.0,5.0,1.372677996249965,114.16666666666669,0.0
500.0,1309.0,3810.0,3832.0,6.0,1.0591733660532994,84.14285714285714,0.0
500.0,1310.0,3811.0,3804.0,4.0,1.447213595499958,117.4,0.0
500.0,1311.0,3822.0,3809.0,3.0,1.2071067811865477,85.5,0.0
500.0,1312.0,3823.0,3836.0,4.0,1.2,86.8,0.0
500.0,1313.0,3825.0,3765.0,14.0,1.1104569499661587,84.46666666666667,0.0
500.0,1314.0,3826.0,3813.0,7.0,1.301776695296637,89.375,0.0
500.0,1315.0,3827.0,3819.0,3.0,1.1035533905932735,94.75,0.0
500.0,1316.0,3829.0,3737.0,23.0,1.0690355937288492,88.875,0.0
500.0,1317.0,3833.0,3857.0,5.0,1.0690355937288492,77.83333333333333,0.0
500.0,1318.0,3834.0,3867.0,5.0,1.7750469233121475,118.83333333333331,0.0
500.0,1319.0,3835.0,3807.0,7.0,1.176776695296637,84.125,0.0
500.0,1320.0,3841.0,3832.0,4.0,1.082842712474619,90.0,0.0
500.0,1321.0,3849.0,3838.0,12.0,1.2994555559224743,103.07692307692308,0.0
500.0,1322.0,3851.0,3888.0,11.0,1.1523689270621824,82.33333333333333,0.0
500.0,1323.0,3855.0,3824.0,7.0,1.125,94.75,0.0
500.0,1324.0,3859.0,3852.0,5.0,1.0,81.83333333333333,0.0
500.0,1325.0,3864.0,3843.0,4.0,1.482842712474619,86.6,0.0
500.0,1326.0,3869.0,3847.0,3.0,1.5606601717798212,85.0,0.0
500.0,1327.0,3870.0,3867.0,4.0,1.7772699034745352,125.4,0.0
500.0,1328.0,3874.0,3854.0,3.0,1.25,101.5,0.0
500.0,1329.0,3876.0,3868.0,2.0,1.0,85.66666666666667,0.0
500.0,1330.0,3877.0,3850.0,15.0,1.243718433538229,86.875,0.0
500.0,1331.0,3878.0,3850.0,9.0,1.0828427124746192,87.3,0.0
500.0,1332.0,3881.0,3862.0,16.0,1.405852643330098,97.0,0.0
500.0,1333.0,3883.0,3842.0,11.0,1.289892388718256,96.91666666666669,0.0
500.0,1334.0,3896.0,3863.0,8.0,1.3793570624858995,98.11111111111111,0.0
500.0,1335.0,3897.0,3890.0,3.0,1.25,102.5,0.0
500.0,1336.0,3898.0,3909.0,3.0,1.25,95.75,0.0
500.0,1337.0,3899.0,3892.0,6.0,1.3448876517675852,92.14285714285714,0.0
500.0,1338.0,3900.0,3889.0,4.0,1.282842712474619,87.8,0.0
500.0,1339.0,3908.0,3895.0,5.0,1.1666666666666667,90.33333333333331,0.0
500.0,1340.0,3912.0,3919.0,5.0,1.235702260395516,88.16666666666667,0.0
500.0,1341.0,3920.0,3914.0,6.0,1.261203874963741,96.85714285714286,0.0
500.0,1342.0,3921.0,3957.0,10.0,1.0909090909090908,90.45454545454544,0.0
500.0,1343.0,3922.0,3917.0,2.0,1.1380711874576983,90.0,0.0
500.0,1344.0,3923.0,3903.0,7.0,1.2285533905932735,94.625,0.0
500.0,1345.0,3924.0,3952.0,5.0,1.304737854124365,84.83333333333333,0.0
500.0,1346.0,3925.0,3937.0,5.0,1.804737854124365,109.5,0.0
500.0,1347.0,3926.0,3919.0,4.0,1.282842712474619,89.6,0.0
500.0,1348.0,3931.0,3932.0,7.0,1.2285533905932735,93.5,0.0
500.0,1349.0,3941.0,3945.0,4.0,1.165685424949238,98.2,0.0
500.0,1350.0,3942.0,3987.0,9.0,1.0828427124746192,87.2,0.0
500.0,1351.0,3943.0,3939.0,3.0,1.3535533905932735,94.5,0.0
500.0,1352.0,3944.0,3932.0,3.0,1.3106601717798214,95.75,0.0
500.0,1353.0,3946.0,3968.0,3.0,1.3106601717798214,85.75,0.0
500.0,1354.0,3947.0,3933.0,3.0,1.1035533905932735,83.5,0.0
500.0,1355.0,3949.0,3909.0,9.0,1.182842712474619,88.8,0.0
500.0,1356.0,3950.0,3956.0,11.0,1.0345177968644246,85.16666666666667,0.0
500.0,1357.0,3953.0,3996.0,10.0,1.392155318089524,92.1818181818182,0.0
500.0,1358.0,3954.0,3968.0,8.0,1.0920474583051325,87.77777777777777,0.0
500.0,1359.0,3958.0,3934.0,4.0,1.248528137423857,90.6,0.0
500.0,1360.0,3960.0,3965.0,3.0,1.4125703849682212,88.0,0.0
500.0,1361.0,3962.0,3927.0,7.0,1.3312851924841107,100.25,0.0
500.0,1362.0,3966.0,3961.0,2.0,1.1380711874576983,97.0,0.0
500.0,1363.0,3967.0,3981.0,3.0,1.1035533905932735,93.75,0.0
500.0,1364.0,3970.0,3988.0,3.0,1.1035533905932735,87.5,0.0
500.0,1365.0,3976.0,3996.0,6.0,1.1428571428571428,90.28571428571428,0.0
500.0,1366.0,3980.0,3952.0,15.0,1.2285533905932735,90.1875,0.0
500.0,1367.0,3982.0,3988.0,2.0,1.1380711874576983,88.66666666666667,0.0
500.0,1368.0,3983.0,4006.0,5.0,1.1380711874576983,94.33333333333331,0.0
500.0,1369.0,3986.0,3977.0,5.0,1.1380711874576983,87.66666666666667,0.0
500.0,1370.0,3990.0,3972.0,3.0,1.2071067811865477,90.25,0.0
500.0,1371.0,3994.0,3965.0,6.0,1.3541012378027248,90.71428571428572,0.0
500.0,1372.0,3995.0,4007.0,2.0,1.2761423749153966,102.33333333333331,0.0
500.0,1373.0,3999.0,3861.0,29.0,1.2380711874576984,86.2,0.0
500.0,1374.0,4001.0,4026.0,13.0,4.224701342266231,163.71428571428572,0.0
500.0,1375.0,4005.0,3991.0,2.0,1.1380711874576983,84.33333333333333,0.0
500.0,1376.0,4010.0,4020.0,2.0,1.1380711874576983,90.33333333333331,0.0
500.0,1377.0,4018.0,4017.0,2.0,1.1380711874576983,84.66666666666667,0.0
500.0,1378.0,4019.0,4000.0,4.0,1.082842712474619,84.4,0.0
500.0,1379.0,4022.0,3978.0,8.0,1.2031585694162432,87.33333333333333,0.0
500.0,1380.0,4024.0,4000.0,10.0,1.0376557783975542,87.72727272727273,0.0
500.0,1381.0,4025.0,3974.0,10.0,1.166220647704199,91.63636363636364,0.0
500.0,1382.0,4027.0,4033.0,5.0,1.0690355937288492,97.33333333333331,0.0
500.0,1383.0,4029.0,4074.0,17.0,3.2448395916618504,154.77777777777777,0.0
500.0,1384.0,4034.0,3963.0,13.0,1.1893058242766348,88.57142857142857,0.0
500.0,1385.0,4035.0,4049.0,3.0,1.25,110.75,0.0
500.0,1386.0,4037.0,4036.0,6.0,2.0915694749696363,153.57142857142858,0.0
500.0,1387.0,4038.0,4008.0,7.0,1.1183467321065983,86.25,0.0
500.0,1388.0,4039.0,4064.0,5.0,1.0690355937288492,84.16666666666667,0.0
500.0,1389.0,4042.0,4014.0,8.0,1.322166104067963,90.55555555555556,0.0
500.0,1390.0,4043.0,4015.0,6.0,1.5224077499274828,89.0,0.0
500.0,1391.0,4044.0,3909.0,28.0,1.1058988900643267,85.03448275862068,0.0
500.0,1392.0,4046.0,4023.0,5.0,1.0690355937288492,84.0,0.0
500.0,1393.0,4047.0,4016.0,10.0,1.1506231135902163,88.36363636363636,0.0
500.0,1394.0,4048.0,4009.0,9.0,1.265685424949238,86.5,0.0
500.0,1395.0,4050.0,4020.0,7.0,1.1035533905932735,81.75,0.0
500.0,1396.0,4051.0,4036.0,3.0,2.55669319060359,162.5,0.0
500.0,1397.0,4053.0,4087.0,7.0,1.0,81.125,0.0
500.0,1398.0,4055.0,4054.0,3.0,1.1035533905932735,84.0,0.0
500.0,1399.0,4057.0,4081.0,6.0,1.261203874963741,101.0,0.0
500.0,1400.0,4059.0,4084.0,9.0,1.1414213562373097,83.5,0.0
500.0,1401.0,4067.0,4084.0,4.0,1.282842712474619,88.4,0.0
500.0,1402.0,4068.0,4031.0,10.0,1.7981156131240768,139.54545454545453,0.0
500.0,1403.0,4069.0,4080.0,3.0,1.2071067811865477,134.75,0.0
500.0,1404.0,4070.0,3991.0,22.0,1.1800928532056936,86.17391304347827,0.0
500.0,1405.0,4071.0,4075.0,14.0,1.1766854359915258,91.33333333333331,0.0
500.0,1406.0,4076.0,4061.0,3.0,1.1035533905932735,88.75,0.0
500.0,1407.0,4083.0,4078.0,3.0,1.1035533905932735,83.5,0.0
500.0,1408.0,4086.0,4062.0,13.0,1.0,82.92857142857143,0.0
500.0,1409.0,4088.0,4065.0,5.0,1.0690355937288492,92.0,0.0
500.0,1410.0,4090.0,4099.0,6.0,1.5469181606780271,98.57142857142856,0.0
500.0,1411.0,4092.0,4064.0,16.0,1.5134071800798738,94.82352941176472,0.0
500.0,1412.0,4094.0,4073.0,5.0,1.1380711874576983,86.33333333333333,0.0
500.0,1413.0,4095.0,4077.0,7.0,1.2803300858899105,91.125,0.0
500.0,1414.0,4096.0,4063.0,8.0,1.1111111111111112,87.66666666666667,0.0
500.0,1415.0,4101.0,4061.0,18.0,1.087202855236441,87.0,0.0
500.0,1416.0,4104.0,4097.0,2.0,1.1380711874576983,84.33333333333333,0.0
500.0,1417.0,4105.0,4089.0,15.0,1.1031425962420554,91.375,0.0
500.0,1418.0,4107.0,4141.0,7.0,1.1035533905932735,88.25,0.0
500.0,1419.0,4110.0,4111.0,6.0,2.475271518171764,184.0,0.0
500.0,1420.0,4113.0,4136.0,7.0,1.176776695296637,83.75,0.0
500.0,1421.0,4115.0,4106.0,3.0,1.1035533905932735,100.25,0.0
500.0,1422.0,4118.0,4099.0,3.0,2.3090169943749475,97.75,0.0
500.0,1423.0,4119.0,4102.0,5.0,1.0690355937288492,105.0,0.0
500.0,1424.0,4120.0,4087.0,8.0,1.0,83.22222222222223,0.0
500.0,1425.0,4123.0,4109.0,6.0,1.0,93.71428571428572,0.0
500.0,1426.0,4124.0,4125.0,2.0,1.2761423749153966,94.33333333333331,0.0
500.0,1427.0,4127.0,4111.0,3.0,3.502617405687914,201.75,0.0
500.0,1428.0,4129.0,4098.0,18.0,1.1744057104728822,87.73684210526316,0.0
500.0,1429.0,4131.0,4078.0,10.0,1.0376557783975542,81.45454545454545,0.0
500.0,1430.0,4132.0,4117.0,3.0,7.48606797749979,197.75,0.0
500.0,1431.0,4135.0,4093.0,8.0,1.1111111111111112,89.44444444444444,0.0
500.0,1432.0,4142.0,4117.0,8.0,5.166402105622193,178.22222222222223,0.0
500.0,1433.0,4144.0,4139.0,3.0,1.25,129.75,0.0
500.0,1434.0,4145.0,4136.0,3.0,1.3535533905932735,86.5,0.0
500.0,1435.0,4148.0,4141.0,4.0,1.082842712474619,98.8,0.0
500.0,1436.0,4149.0,4143.0,3.0,1.2071067811865477,101.5,0.0
500.0,1437.0,4150.0,4128.0,9.0,1.0414213562373096,86.0,0.0
500.0,1438.0,4151.0,4152.0,11.0,1.3392556509887896,90.33333333333331,0.0
500.0,1439.0,4155.0,4163.0,4.0,1.0,100.8,0.0
500.0,1440.0,4164.0,4186.0,7.0,1.1035533905932735,81.25,0.0
500.0,1441.0,4165.0,4160.0,2.0,1.1380711874576983,100.33333333333331,0.0
500.0,1442.0,4166.0,4256.0,21.0,1.0564836675963312,86.22727272727273,0.0
500.0,1443.0,4174.0,4169.0,2.0,1.1380711874576983,107.0,0.0
500.0,1444.0,4175.0,4201.0,20.0,1.1462413243745464,87.33333333333333,0.0
500.0,1445.0,4177.0,4183.0,8.0,1.0460237291525665,87.33333333333333,0.0
500.0,1446.0,4179.0,4171.0,2.0,1.1380711874576983,87.33333333333333,0.0
500.0,1447.0,4180.0,4171.0,3.0,1.1035533905932735,91.25,0.0
500.0,1448.0,4181.0,4172.0,7.0,1.0,87.875,0.0
500.0,1449.0,4182.0,4195.0,4.0,1.282842712474619,95.0,0.0
500.0,1450.0,4184.0,4235.0,19.0,1.132842712474619,91.0,0.0
500.0,1451.0,4188.0,4219.0,8.0,1.0460237291525665,86.0,0.0
500.0,1452.0,4189.0,4227.0,7.0,1.2580618877807477,105.875,0.0
500.0,1453.0,4193.0,4073.0,26.0,1.0984020092404585,82.18518518518519,0.0
500.0,1454.0,4194.0,4239.0,12.0,1.453807302816282,92.53846153846152,0.0
500.0,1455.0,4197.0,4192.0,2.0,1.1380711874576983,110.66666666666669,0.0
500.0,1456.0,4198.0,4176.0,5.0,1.0690355937288492,89.66666666666667,0.0
500.0,1457.0,4199.0,4209.0,2.0,1.1380711874576983,100.33333333333331,0.0
500.0,1458.0,4206.0,4207.0,6.0,1.0591733660532994,86.14285714285714,0.0
500.0,1459.0,4214.0,4203.0,5.0,1.304737854124365,96.0,0.0
500.0,1460.0,4216.0,4207.0,2.0,1.1380711874576983,82.33333333333333,0.0
500.0,1461.0,4218.0,4128.0,21.0,1.1473927585054222,83.5,0.0
500.0,1462.0,4224.0,4203.0,5.0,1.304737854124365,92.33333333333331,0.0
500.0,1463.0,4226.0,4222.0,10.0,1.0376557783975542,87.81818181818181,0.0
500.0,1464.0,4228.0,4225.0,2.0,1.1380711874576983,95.33333333333331,0.0
500.0,1465.0,4231.0,4191.0,9.0,1.1414213562373097,96.2,0.0
500.0,1466.0,4232.0,4238.0,2.0,1.1380711874576983,116.66666666666669,0.0
500.0,1467.0,4233.0,4212.0,5.0,1.3333333333333333,101.33333333333331,0.0
500.0,1468.0,4234.0,4217.0,4.0,1.082842712474619,99.8,0.0
500.0,1469.0,4240.0,4236.0,5.0,1.1666666666666667,99.66666666666669,0.0
500.0,1470.0,4243.0,4239.0,14.0,1.5734084106327697,100.2,0.0
500.0,1471.0,4248.0,4219.0,9.0,1.0414213562373096,81.5,0.0
500.0,1472.0,4250.0,4161.0,22.0,1.1950122336625464,91.04347826086956,0.0
500.0,1473.0,4253.0,4264.0,10.0,1.0909090909090908,95.36363636363636,0.0
500.0,1474.0,4254.0,4220.0,9.0,1.0414213562373096,86.0,0.0
500.0,1475.0,4255.0,4221.0,18.0,1.0436014276182206,89.57894736842105,0.0
500.0,1476.0,4258.0,4278.0,6.0,1.1183467321065983,99.14285714285714,0.0
500.0,1477.0,4260.0,4261.0,3.0,1.1035533905932735,95.75,0.0
500.0,1478.0,4262.0,4251.0,3.0,1.0,87.0,0.0
500.0,1479.0,4267.0,4274.0,3.0,1.25,104.0,0.0
500.0,1480.0,4269.0,4336.0,14.0,1.393299662440778,98.66666666666669,0.0
500.0,1481.0,4270.0,4285.0,4.0,1.0,85.4,0.0
500.0,1482.0,4272.0,4183.0,23.0,1.1035533905932735,82.45833333333333,0.0
500.0,1483.0,4273.0,4316.0,9.0,1.0828427124746192,83.9,0.0
500.0,1484.0,4276.0,4293.0,11.0,1.0690355937288494,96.33333333333331,0.0
500.0,1485.0,4277.0,4285.0,2.0,1.0,91.66666666666669,0.0
500.0,1486.0,4279.0,4296.0,13.0,1.1474639358747127,88.85714285714286,0.0
500.0,1487.0,4284.0,4229.0,15.0,1.1915309438903738,96.0,0.0
500.0,1488.0,4286.0,4280.0,5.0,1.1666666666666667,82.0,0.0
500.0,1489.0,4287.0,4241.0,15.0,1.0258883476483185,87.25,0.0
500.0,1490.0,4288.0,4386.0,16.0,6.687888160272748,178.2941176470588,0.0
500.0,1491.0,4289.0,4306.0,6.0,1.9163162231961568,131.42857142857142,0.0
500.0,1492.0,4295.0,4303.0,2.0,1.1380711874576983,101.66666666666669,0.0
500.0,1493.0,4298.0,4313.0,4.0,1.282842712474619,94.2,0.0
500.0,1494.0,4299.0,4314.0,3.0,1.25,119.5,0.0
500.0,1495.0,4301.0,4360.0,12.0,1.0318625817210074,88.6923076923077,0.0
500.0,1496.0,4304.0,4303.0,4.0,1.082842712474619,106.0,0.0
500.0,1497.0,4305.0,4373.0,11.0,4.427353291201683,148.58333333333334,0.0
500.0,1498.0,4309.0,4292.0,3.0,1.3106601717798214,90.5,0.0
500.0,1499.0,4310.0,4293.0,3.0,1.1035533905932735,90.5,0.0
500.0,1500.0,4311.0,4312.0,2.0,1.2761423749153966,90.0,0.0
500.0,1501.0,4315.0,4281.0,9.0,1.1,86.1,0.0
500.0,1502.0,4317.0,4271.0,10.0,1.0376557783975542,83.9090909090909,0.0
500.0,1503.0,4318.0,4353.0,6.0,1.8418460324274528,107.85714285714286,0.0
500.0,1504.0,4319.0,4300.0,3.0,1.25,91.75,0.0
500.0,1505.0,4321.0,4290.0,5.0,1.0,88.5,0.0
500.0,1506.0,4323.0,4302.0,4.0,1.0,88.0,0.0
500.0,1507.0,4324.0,4307.0,5.0,1.4023689270621826,92.0,0.0
500.0,1508.0,4327.0,4292.0,6.0,1.320377241017041,90.57142857142856,0.0
500.0,1509.0,4331.0,4271.0,19.0,1.5071067811865475,95.2,0.0
500.0,1510.0,4334.0,4470.0,23.0,6.237439227181774,139.83333333333334,0.0
500.0,1511.0,4338.0,4342.0,7.0,1.2285533905932735,94.375,0.0
500.0,1512.0,4340.0,4316.0,4.0,1.082842712474619,84.0,0.0
500.0,1513.0,4341.0,4365.0,4.0,1.448528137423857,96.8,0.0
500.0,1514.0,4348.0,4343.0,5.0,1.0,86.83333333333333,0.0
500.0,1515.0,4351.0,4385.0,7.0,1.1553300858899105,90.875,0.0
500.0,1516.0,4355.0,4344.0,2.0,1.1380711874576983,102.0,0.0
500.0,1517.0,4359.0,4368.0,9.0,1.165685424949238,99.3,0.0
500.0,1518.0,4361.0,4390.0,5.0,1.3737734478532142,95.33333333333331,0.0
500.0,1519.0,4362.0,4326.0,15.0,1.0883883476483185,89.125,0.0
500.0,1520.0,4363.0,4384.0,8.0,1.0,84.11111111111111,0.0
500.0,1521.0,4366.0,4378.0,2.0,1.1380711874576983,98.0,0.0
500.0,1522.0,4367.0,4379.0,2.0,1.1380711874576983,89.66666666666667,0.0
500.0,1523.0,4370.0,4343.0,4.0,1.0,88.0,0.0
500.0,1524.0,4371.0,4356.0,6.0,1.0591733660532994,86.28571428571429,0.0
500.0,1525.0,4372.0,4333.0,10.0,1.2038764261017532,93.1818181818182,0.0
500.0,1526.0,4375.0,4320.0,9.0,1.0828427124746192,85.8,0.0
500.0,1527.0,4381.0,4388.0,5.0,1.0690355937288492,94.16666666666669,0.0
500.0,1528.0,4382.0,4369.0,3.0,1.1035533905932735,90.0,0.0
500.0,1529.0,4383.0,4349.0,5.0,1.0690355937288492,94.33333333333331,0.0
500.0,1530.0,4392.0,4356.0,7.0,1.2285533905932735,85.5,0.0
500.0,1531.0,4394.0,4414.0,4.0,1.082842712474619,94.6,0.0
500.0,1532.0,4398.0,4388.0,2.0,1.2761423749153966,90.0,0.0
500.0,1533.0,4402.0,4397.0,7.0,1.2803300858899105,99.875,0.0
500.0,1534.0,4404.0,4406.0,3.0,1.1035533905932735,89.0,0.0
500.0,1535.0,4408.0,4420.0,2.0,1.1380711874576983,106.33333333333331,0.0
500.0,1536.0,4409.0,4417.0,3.0,1.3535533905932735,86.0,0.0
500.0,1537.0,4410.0,4389.0,4.0,1.082842712474619,92.8,0.0
500.0,1538.0,4411.0,4390.0,4.0,1.6828427124746193,88.8,0.0
500.0,1539.0,4412.0,4423.0,2.0,1.60947570824873,87.33333333333333,0.0
500.0,1540.0,4421.0,4387.0,6.0,1.4123356453389535,104.85714285714286,0.0
500.0,1541.0,4422.0,4436.0,4.0,1.282842712474619,103.2,0.0
500.0,1542.0,4425.0,4434.0,2.0,1.1380711874576983,94.66666666666669,0.0
500.0,1543.0,4426.0,4379.0,11.0,1.2761423749153968,86.75,0.0
500.0,1544.0,4427.0,4419.0,12.0,1.1274503268840292,94.76923076923076,0.0
500.0,1545.0,4428.0,4439.0,4.0,1.165685424949238,90.8,0.0
500.0,1546.0,4431.0,4436.0,6.0,1.9163162231961568,112.85714285714286,0.0
500.0,1547.0,4432.0,4444.0,2.0,1.1380711874576983,86.66666666666667,0.0
500.0,1548.0,4437.0,4465.0,5.0,1.6774158503743302,140.0,0.0
500.0,1549.0,4438.0,4391.0,17.0,1.3178527417632422,107.66666666666669,0.0
500.0,1550.0,4446.0,4423.0,4.0,1.082842712474619,81.4,0.0
500.0,1551.0,4447.0,4444.0,3.0,1.1035533905932735,87.0,0.0
500.0,1552.0,4448.0,4471.0,7.0,1.125,101.25,0.0
500.0,1553.0,4449.0,4464.0,2.0,1.60947570824873,90.33333333333331,0.0
500.0,1554.0,4450.0,4325.0,25.0,1.1181179927640568,88.11538461538461,0.0
500.0,1555.0,4451.0,4442.0,4.0,1.248528137423857,92.8,0.0
500.0,1556.0,4452.0,4416.0,9.0,1.389292222699217,119.0,0.0
500.0,1557.0,4455.0,4473.0,3.0,1.25,107.75,0.0
500.0,1558.0,4456.0,4439.0,3.0,1.1035533905932735,90.25,0.0
500.0,1559.0,4459.0,4442.0,4.0,1.082842712474619,97.2,0.0
500.0,1560.0,4463.0,4477.0,9.0,1.306449510224598,101.7,0.0
500.0,1561.0,4468.0,4420.0,8.0,1.0460237291525665,85.55555555555556,0.0
500.0,1562.0,4475.0,4485.0,2.0,1.1380711874576983,85.66666666666667,0.0
500.0,1563.0,4476.0,4487.0,3.0,1.6625703849682212,119.75,0.0
500.0,1564.0,4480.0,4393.0,17.0,1.147603013860688,89.83333333333333,0.0
500.0,1565.0,4482.0,4453.0,25.0,1.3356893100522251,95.57692307692308,0.0
500.0,1566.0,4486.0,4499.0,2.0,1.1380711874576983,83.66666666666667,0.0
500.0,1567.0,4488.0,4494.0,7.0,1.176776695296637,90.375,0.0
500.0,1568.0,4490.0,4504.0,3.0,1.1035533905932735,87.5,0.0
500.0,1569.0,4491.0,4525.0,6.0,1.1428571428571428,96.71428571428572,0.0
500.0,1570.0,4495.0,4496.0,7.0,1.1553300858899107,97.625,0.0
500.0,1571.0,4501.0,4500.0,3.0,1.1035533905932735,92.5,0.0
500.0,1572.0,4502.0,4518.0,2.0,2.1573786516665265,146.0,0.0
500.0,1573.0,4507.0,4464.0,14.0,1.0276142374915398,88.4,0.0
500.0,1574.0,4511.0,4499.0,2.0,1.2761423749153966,87.33333333333333,0.0
500.0,1575.0,4513.0,4518.0,4.0,1.612899020449196,135.4,0.0
500.0,1576.0,4514.0,4590.0,19.0,1.144974746830583,95.25,0.0
500.0,1577.0,4515.0,4497.0,6.0,1.2958668302664964,106.85714285714286,0.0
500.0,1578.0,4516.0,4413.0,17.0,1.3737734478532142,94.55555555555556,0.0
500.0,1579.0,4519.0,4479.0,9.0,1.4071067811865476,92.6,0.0
500.0,1580.0,4521.0,4457.0,10.0,1.0909090909090908,93.27272727272728,0.0
500.0,1581.0,4523.0,4547.0,4.0,1.082842712474619,99.0,0.0
500.0,1582.0,4526.0,4460.0,11.0,1.393993505113155,98.83333333333331,0.0
500.0,1583.0,4527.0,4517.0,16.0,7.686012355693253,211.7058823529412,0.0
500.0,1584.0,4528.0,4483.0,13.0,1.0591733660532994,92.71428571428572,0.0
500.0,1585.0,4529.0,4478.0,8.0,1.2293883446939975,98.77777777777776,0.0
500.0,1586.0,4530.0,4542.0,2.0,1.2761423749153966,92.0,0.0
500.0,1587.0,4531.0,4504.0,4.0,1.0,84.2,0.0
500.0,1588.0,4532.0,4506.0,26.0,1.2184998124670985,98.62962962962963,0.0
500.0,1589.0,4534.0,4496.0,7.0,1.051776695296637,90.5,0.0
500.0,1590.0,4541.0,4559.0,3.0,1.1035533905932735,104.5,0.0
500.0,1591.0,4543.0,4522.0,13.0,1.1183467321065987,94.42857142857144,0.0
500.0,1592.0,4544.0,4536.0,3.0,1.25,90.0,0.0
500.0,1593.0,4548.0,4542.0,3.0,1.2071067811865477,93.0,0.0
500.0,1594.0,4550.0,4538.0,3.0,15.48209706929603,210.5,0.0
500.0,1595.0,4554.0,4581.0,6.0,3.13022553051915,183.0,0.0
500.0,1596.0,4560.0,4547.0,2.0,1.1380711874576983,99.66666666666669,0.0
500.0,1597.0,4561.0,4403.0,28.0,1.1630317952192366,90.55172413793105,0.0
500.0,1598.0,4562.0,4555.0,3.0,1.516123775561495,103.5,0.0
500.0,1599.0,4566.0,4533.0,7.0,1.2795084971874735,106.625,0.0
500.0,1600.0,4567.0,4556.0,3.0,1.6625703849682212,116.75,0.0
500.0,1601.0,4569.0,4621.0,13.0,5.781118916118494,165.42857142857142,0.0
500.0,1602.0,4573.0,4591.0,3.0,1.1035533905932735,86.5,0.0
500.0,1603.0,4574.0,4570.0,4.0,1.082842712474619,96.8,0.0
500.0,1604.0,4577.0,4590.0,2.0,1.1380711874576983,92.33333333333331,0.0
500.0,1605.0,4578.0,4503.0,14.0,1.1771236166328254,88.93333333333334,0.0
500.0,1606.0,4583.0,4571.0,2.0,1.804737854124365,103.33333333333331,0.0
500.0,1607.0,4587.0,4611.0,6.0,1.7234993003208543,122.85714285714286,0.0
500.0,1608.0,4588.0,4570.0,3.0,1.8535533905932735,106.75,0.0
500.0,1609.0,4589.0,4571.0,4.0,1.4485281374238572,99.8,0.0
500.0,1610.0,4594.0,4575.0,11.0,4.21200727572579,144.41666666666666,0.0
500.0,1611.0,4597.0,4586.0,6.0,2.584404664243223,160.14285714285714,0.0
500.0,1612.0,4598.0,4581.0,8.0,3.060272561865922,192.88888888888889,0.0
500.0,1613.0,4599.0,4582.0,3.0,1.868033988749895,133.5,0.0
500.0,1614.0,4601.0,4585.0,3.0,1.1035533905932735,121.0,0.0
500.0,1615.0,4602.0,4579.0,4.0,1.3313708498984762,96.4,0.0
500.0,1616.0,4603.0,4591.0,3.0,1.3106601717798214,90.0,0.0
500.0,1617.0,4610.0,4586.0,7.0,2.2908625784002936,149.625,0.0
500.0,1618.0,4612.0,4553.0,13.0,1.320377241017041,91.78571428571428,0.0
500.0,1619.0,4613.0,4606.0,2.0,1.0,99.0,0.0
500.0,1620.0,4614.0,4632.0,25.0,7.814063801563576,185.34615384615384,0.0
500.0,1621.0,4616.0,4584.0,7.0,1.3830618877807477,104.0,0.0
500.0,1622.0,4617.0,4620.0,10.0,2.740795912939004,147.63636363636363,0.0
500.0,1623.0,4618.0,4557.0,19.0,1.8274888238242275,95.65,0.0
500.0,1624.0,4624.0,4604.0,8.0,4.785481067561652,211.11111111111111,0.0
500.0,1625.0,4625.0,4615.0,10.0,2.853992772686131,111.27272727272728,0.0
500.0,1626.0,4627.0,4634.0,10.0,4.079393350654784,115.9090909090909,0.0
500.0,1627.0,4628.0,4619.0,9.0,2.4432492850414627,114.5,0.0
500.0,1628.0,4630.0,4623.0,3.0,1.6035533905932735,94.0,0.0
500.0,1629.0,4633.0,4639.0,4.0,1.9772699034745351,163.6,0.0
500.0,1630.0,4635.0,4637.0,9.0,2.0886349517372675,162.3,0.0
500.0,1631.0,4636.0,4639.0,6.0,1.95831484749991,153.85714285714286,0.0
500.0,1632.0,4638.0,4642.0,16.0,6.757703270543917,188.2941176470588,0.0
500.0,1633.0,4640.0,4662.0,12.0,5.148280831276933,149.92307692307693,0.0
500.0,1634.0,4643.0,4659.0,18.0,7.123115655614634,193.78947368421052,0.0
500.0,1635.0,4644.0,4667.0,11.0,4.500998468363552,175.08333333333334,0.0
500.0,1636.0,4646.0,4608.0,19.0,5.442710481548899,180.45,0.0
500.0,1637.0,4650.0,4622.0,17.0,7.345154170568902,187.05555555555551,0.0
500.0,1638.0,4654.0,4673.0,11.0,2.922041258520499,150.58333333333334,0.0
500.0,1639.0,4655.0,4648.0,5.0,6.995213773822393,186.83333333333337,0.0
500.0,1640.0,4656.0,4652.0,15.0,6.148416363768858,200.875,0.0
500.0,1641.0,4657.0,4667.0,11.0,4.93586871088674,187.58333333333337,0.0
500.0,1642.0,4658.0,4651.0,2.0,3.746654963543983,135.66666666666666,0.0
500.0,1643.0,4660.0,4626.0,30.0,7.804169503554756,177.74193548387098,0.0
500.0,1644.0,4661.0,4673.0,11.0,3.2303409958670932,161.91666666666666,0.0
500.0,1645.0,4664.0,4666.0,10.0,,163.9090909090909,0.0
500.0,1646.0,4671.0,4652.0,11.0,8.57156731202208,206.91666666666663,0.0
500.0,1647.0,4674.0,4642.0,17.0,7.081795602501265,204.38888888888889,0.0
500.0,1648.0,4678.0,4673.0,11.0,3.6939949872921582,152.58333333333334,0.0
500.0,1649.0,4682.0,4669.0,13.0,6.704518812656501,180.78571428571428,0.0
500.0,1650.0,4683.0,4666.0,16.0,4.766488857165841,171.47058823529412,0.0
500.0,1651.0,4684.0,4677.0,11.0,3.768904265999368,142.58333333333334,0.0
500.0,1652.0,4686.0,4690.0,42.0,11.110806271415166,202.6279069767442,0.0
500.0,1653.0,4687.0,4692.0,8.0,6.174937961986105,203.22222222222223,0.0
500.0,1654.0,4695.0,4692.0,10.0,7.478586795407648,217.9090909090909,0.0
500.0,1655.0,4697.0,4694.0,16.0,17.093838338627624,202.1764705882353,0.0
500.0,1656.0,4708.0,4703.0,9.0,6.556606422467778,236.7,0.0
500.0,1657.0,4709.0,4707.0,5.0,8.141092679167647,238.33333333333337,0.0
500.0,1658.0,4710.0,4707.0,12.0,4.891226643502447,221.92307692307693,0.0
500.0,1659.0,10.0,7.0,7.0,1.3830618877807477,103.75,0.0
500.0,1660.0,10.0,4.0,19.0,1.792188342330541,102.3,0.0
500.0,1661.0,32.0,28.0,2.0,1.2761423749153966,117.0,0.0
500.0,1662.0,32.0,29.0,2.0,1.1380711874576983,115.33333333333331,0.0
500.0,1663.0,54.0,68.0,11.0,1.9619336472387543,146.5,0.0
500.0,1664.0,54.0,31.0,14.0,1.813337201090496,121.8,0.0
500.0,1665.0,90.0,75.0,6.0,1.4040610178208843,103.85714285714286,0.0
500.0,1666.0,90.0,75.0,8.0,1.3793570624858995,106.11111111111111,0.0
500.0,1667.0,105.0,100.0,3.0,1.3090169943749477,158.25,0.0
500.0,1668.0,105.0,106.0,4.0,2.3625118400082528,156.0,0.0
500.0,1669.0,116.0,112.0,4.0,1.447213595499958,153.8,0.0
500.0,1670.0,116.0,107.0,5.0,2.1573786516665265,164.33333333333334,0.0
500.0,1671.0,120.0,108.0,3.0,1.790569415042095,139.5,0.0
500.0,1672.0,135.0,121.0,7.0,1.4133919736706582,112.625,0.0
500.0,1673.0,386.0,367.0,11.0,5.670059164115378,170.83333333333334,0.0
500.0,1674.0,413.0,396.0,6.0,4.2570819552226995,117.14285714285714,0.0
500.0,1675.0,421.0,446.0,6.0,14.494966795652571,177.85714285714286,0.0
500.0,1676.0,421.0,391.0,9.0,,173.3,0.0
500.0,1677.0,572.0,590.0,6.0,10.25485642943461,184.0,0.0
500.0,1678.0,572.0,519.0,13.0,8.152362556271218,208.07142857142856,0.0
500.0,1679.0,611.0,600.0,6.0,10.826638291595764,197.0,0.0
500.0,1680.0,621.0,617.0,2.0,5.879391780312485,238.33333333333337,0.0
500.0,1681.0,621.0,617.0,15.0,3.28139969725816,193.125,0.0
500.0,1682.0,777.0,782.0,5.0,1.540440114519881,106.33333333333331,0.0
500.0,1683.0,777.0,748.0,10.0,1.8519664446919315,104.54545454545456,0.0
500.0,1684.0,809.0,828.0,10.0,2.815771990075143,161.0909090909091,0.0
500.0,1685.0,809.0,770.0,11.0,2.1970881818326458,126.58333333333331,0.0
500.0,1686.0,826.0,861.0,8.0,1.4325469141102412,111.22222222222224,0.0
500.0,1687.0,826.0,796.0,10.0,2.1299593894761575,137.72727272727272,0.0
500.0,1688.0,872.0,873.0,5.0,2.0786893258332633,154.16666666666666,0.0
500.0,1689.0,872.0,811.0,17.0,1.6225905958876077,106.27777777777776,0.0
500.0,1690.0,935.0,962.0,7.0,2.706391199815373,146.25,0.0
500.0,1691.0,935.0,833.0,22.0,2.1779876123075392,128.3913043478261,0.0
500.0,1692.0,957.0,943.0,2.0,4.7077018752058875,130.66666666666666,0.0
500.0,1693.0,957.0,964.0,7.0,1.8669581032073657,120.25,0.0
500.0,1694.0,957.0,990.0,7.0,1.9716733956863184,124.5,0.0
500.0,1695.0,1095.0,1054.0,6.0,2.195106616105278,134.28571428571428,0.0
500.0,1696.0,1095.0,1110.0,7.0,1.3321067811865477,116.875,0.0
500.0,1697.0,1116.0,1105.0,11.0,1.4708567949894071,123.83333333333331,0.0
500.0,1698.0,1135.0,1172.0,17.0,4.515491260342271,160.5,0.0
500.0,1699.0,1213.0,1204.0,4.0,1.6625703849682212,130.4,0.0
500.0,1700.0,1213.0,1255.0,11.0,1.8977249195621129,125.41666666666669,0.0
500.0,1701.0,1332.0,1237.0,18.0,1.6172590558609397,101.10526315789474,0.0
500.0,1702.0,1550.0,1534.0,6.0,,199.0,0.0
500.0,1703.0,1550.0,1574.0,7.0,,198.0,0.0
500.0,1704.0,1653.0,1619.0,15.0,2.099659590617003,148.4375,0.0
500.0,1705.0,1653.0,1760.0,28.0,1.7800291133913804,112.17241379310344,0.0
500.0,1706.0,1927.0,1942.0,4.0,1.5313708498984762,112.4,0.0
500.0,1707.0,1956.0,1921.0,8.0,,202.44444444444449,0.0
500.0,1708.0,1956.0,1921.0,10.0,1.922284786638419,181.9090909090909,0.0
500.0,1709.0,1996.0,2029.0,5.0,1.372677996249965,142.16666666666666,0.0
500.0,1710.0,1996.0,1910.0,19.0,2.348747567686422,164.1,0.0
500.0,1711.0,2075.0,2089.0,3.0,,173.5,0.0
500.0,1712.0,2075.0,2036.0,10.0,,191.8181818181818,0.0
500.0,1713.0,2122.0,2092.0,6.0,1.355040196319796,89.42857142857143,0.0
500.0,1714.0,2122.0,2067.0,9.0,1.2242640687119286,89.5,0.0
500.0,1715.0,2183.0,2182.0,3.0,,165.0,0.0
500.0,1716.0,2183.0,2166.0,4.0,,167.6,0.0
500.0,1717.0,2210.0,2202.0,2.0,1.2071067811865477,174.33333333333334,0.0
500.0,1718.0,2210.0,2193.0,3.0,1.4142135623730951,169.75,0.0
500.0,1719.0,2463.0,2516.0,8.0,2.5731724414027832,103.66666666666669,0.0
500.0,1720.0,2511.0,2563.0,9.0,3.4120140633289067,159.8,0.0
500.0,1721.0,2511.0,2453.0,24.0,2.6413035476447715,171.36,0.0
500.0,1722.0,2560.0,2573.0,8.0,1.4063171388324869,110.11111111111111,0.0
500.0,1723.0,2560.0,2508.0,9.0,1.306449510224598,125.4,0.0
500.0,1724.0,2561.0,2529.0,5.0,1.7761423749153968,147.0,0.0
500.0,1725.0,2561.0,2544.0,8.0,2.622347351054616,187.44444444444449,0.0
500.0,1726.0,2568.0,2633.0,12.0,1.892899913008541,130.76923076923077,0.0
500.0,1727.0,2568.0,2439.0,20.0,2.017383722951988,181.3809523809524,0.0
500.0,1728.0,2632.0,2422.0,34.0,1.4701669749347344,95.02857142857142,0.0
500.0,1729.0,2716.0,2647.0,8.0,3.01803085112982,145.11111111111111,0.0
500.0,1730.0,2716.0,2674.0,13.0,4.941426543754541,161.71428571428572,0.0
500.0,1731.0,2735.0,2691.0,5.0,1.7071067811865477,92.5,0.0
500.0,1732.0,2735.0,2752.0,6.0,1.320377241017041,96.71428571428572,0.0
500.0,1733.0,2841.0,2768.0,14.0,2.280263661965973,148.8,0.0
500.0,1734.0,2942.0,2961.0,11.0,1.990529126447723,128.16666666666666,0.0
500.0,1735.0,2942.0,2820.0,23.0,1.418127410446797,93.91666666666669,0.0
500.0,1736.0,2993.0,3002.0,5.0,1.4714045207910316,117.0,0.0
500.0,1737.0,3012.0,2986.0,5.0,6.120665585494406,139.16666666666666,0.0
500.0,1738.0,3012.0,3098.0,9.0,2.7252001958675733,110.3,0.0
500.0,1739.0,3013.0,3004.0,17.0,4.379389844897672,131.5,0.0
500.0,1740.0,3013.0,3003.0,17.0,7.905850472291082,111.66666666666669,0.0
500.0,1741.0,3072.0,3047.0,6.0,1.4632343838741837,106.71428571428572,0.0
500.0,1742.0,3072.0,2984.0,12.0,1.5493950479793042,112.92307692307692,0.0
500.0,1743.0,3130.0,3082.0,6.0,4.627702928506777,167.57142857142858,0.0
500.0,1744.0,3130.0,3056.0,10.0,2.6748609972724187,137.0909090909091,0.0
500.0,1745.0,3209.0,3173.0,6.0,19.912060146682585,214.1428571428571,0.0
500.0,1746.0,3356.0,3336.0,4.0,1.365685424949238,113.4,0.0
500.0,1747.0,3356.0,3383.0,8.0,1.3412297568739415,115.11111111111111,0.0
500.0,1748.0,3367.0,3371.0,3.0,2.118033988749895,161.0,0.0
500.0,1749.0,3367.0,3258.0,19.0,1.9243737838432105,120.2,0.0
500.0,1750.0,3375.0,3364.0,6.0,1.6398155235170104,109.71428571428572,0.0
500.0,1751.0,3375.0,3331.0,8.0,1.229388344693998,93.11111111111111,0.0
500.0,1752.0,3404.0,3350.0,9.0,1.465685424949238,105.6,0.0
500.0,1753.0,3404.0,3476.0,10.0,1.3168437612944155,101.0,0.0
500.0,1754.0,3404.0,3476.0,10.0,1.5577784467374052,113.8181818181818,0.0
500.0,1755.0,3460.0,3482.0,3.0,1.9125703849682212,150.0,0.0
500.0,1756.0,3460.0,3395.0,9.0,1.4135562914111457,100.0,0.0
500.0,1757.0,3580.0,3517.0,14.0,15.33228781685771,110.33333333333331,0.0
500.0,1758.0,3593.0,3559.0,7.0,2.028346595301795,130.5,0.0
500.0,1759.0,3594.0,3566.0,7.0,1.3624368670764584,90.125,0.0
500.0,1760.0,3624.0,3394.0,44.0,2.045914693378474,134.3111111111111,0.0
500.0,1761.0,3711.0,3650.0,15.0,2.0295084971874737,122.75,0.0
500.0,1762.0,3737.0,3717.0,5.0,1.4142135623730951,105.66666666666669,0.0
500.0,1763.0,3812.0,3858.0,10.0,1.6272268124192424,106.0909090909091,0.0
500.0,1764.0,3812.0,3730.0,20.0,1.8527743785169908,115.38095238095238,0.0
500.0,1765.0,3937.0,3945.0,4.0,1.7300563079745772,122.6,0.0
500.0,1766.0,3984.0,3968.0,3.0,1.6196771661547686,102.75,0.0
500.0,1767.0,3984.0,4008.0,14.0,1.563780159070869,104.46666666666668,0.0
500.0,1768.0,3998.0,3977.0,7.0,1.5901686689672951,106.125,0.0
500.0,1769.0,3998.0,3906.0,17.0,2.1119633178813686,123.16666666666669,0.0
500.0,1770.0,4031.0,4007.0,6.0,1.5806421574637115,117.14285714285714,0.0
500.0,1771.0,4056.0,4030.0,7.0,10.933829218809056,161.0,0.0
500.0,1772.0,4056.0,3918.0,27.0,4.591294560789756,140.75,0.0
500.0,1773.0,4081.0,4091.0,6.0,1.5806421574637113,118.85714285714286,0.0
500.0,1774.0,4126.0,4103.0,3.0,1.3535533905932735,95.75,0.0
500.0,1775.0,4126.0,4112.0,3.0,1.8535533905932735,104.25,0.0
500.0,1776.0,4201.0,4169.0,7.0,1.5303300858899105,97.375,0.0
500.0,1777.0,4227.0,4223.0,6.0,1.9000804399636813,145.14285714285714,0.0
500.0,1778.0,4346.0,4335.0,2.0,6.848419953721266,112.33333333333331,0.0
500.0,1779.0,4346.0,4380.0,5.0,3.207457248399438,115.66666666666669,0.0
500.0,1780.0,4415.0,4385.0,5.0,1.1380711874576983,101.66666666666669,0.0
500.0,1781.0,4415.0,4435.0,7.0,1.4133919736706582,128.125,0.0
500.0,1782.0,4434.0,4414.0,7.0,1.2588834764831844,98.375,0.0
500.0,1783.0,4494.0,4453.0,7.0,1.4053300858899105,95.75,0.0
500.0,1784.0,4497.0,4430.0,12.0,1.1274503268840292,90.3076923076923,0.0
500.0,1785.0,4576.0,4585.0,8.0,2.4807667363558163,175.55555555555554,0.0
500.0,1786.0,4576.0,4518.0,12.0,2.0301073638037175,137.53846153846155,0.0
500.0,1787.0,4675.0,4670.0,3.0,10.306425226171552,190.5,0.0
500.0,1788.0,4675.0,4680.0,6.0,5.834517036137683,192.57142857142856,0.0
500.0,1789.0,4673.0,4676.0,17.0,4.315482449063605,169.27777777777777,0.0
500.0,1790.0,4690.0,4676.0,32.0,11.567628169534508,157.03030303030303,0.0
500.0,1791.0,4705.0,4702.0,21.0,4.921242476365314,191.27272727272728,0.0
500.0,1792.0,4705.0,4693.0,26.0,18.124491430409684,215.5185185185185,0.0
500.0,1793.0,12.0,13.0,31.0,1.800445986835329,105.0625,0.0
500.0,1794.0,35.0,42.0,5.0,1.0,107.83333333333331,0.0
500.0,1795.0,35.0,50.0,14.0,1.2161760458079522,110.2,0.0
500.0,1796.0,57.0,67.0,5.0,1.67741585037433,130.16666666666666,0.0
500.0,1797.0,57.0,47.0,22.0,1.7910211002929532,122.8695652173913,0.0
500.0,1798.0,95.0,115.0,10.0,1.4980644240562797,110.1818181818182,0.0
500.0,1799.0,108.0,120.0,3.0,1.790569415042095,139.5,0.0
500.0,1800.0,108.0,100.0,5.0,1.481058252895446,140.83333333333334,0.0
500.0,1801.0,118.0,112.0,2.0,1.3333333333333333,160.33333333333334,0.0
500.0,1802.0,118.0,131.0,8.0,1.948514561916173,155.44444444444446,0.0
500.0,1803.0,123.0,113.0,4.0,4.827215185401191,156.8,0.0
500.0,1804.0,136.0,134.0,6.0,1.2949278717494257,116.28571428571428,0.0
500.0,1805.0,391.0,421.0,9.0,,173.3,0.0
500.0,1806.0,417.0,435.0,3.0,4.5,121.5,0.0
500.0,1807.0,417.0,416.0,5.0,6.162661191444045,125.0,0.0
500.0,1808.0,428.0,434.0,5.0,11.19819958497108,186.16666666666663,0.0
500.0,1809.0,428.0,457.0,13.0,5.688055588452992,177.78571428571428,0.0
500.0,1810.0,614.0,637.0,7.0,3.5252097229916055,204.125,0.0
500.0,1811.0,614.0,637.0,10.0,3.1,176.72727272727272,0.0
500.0,1812.0,627.0,722.0,28.0,6.453847774236854,192.3448275862069,0.0
500.0,1813.0,778.0,782.0,2.0,1.8834271799576283,115.0,0.0
500.0,1814.0,778.0,779.0,6.0,2.0337239967856844,121.57142857142856,0.0
500.0,1815.0,815.0,821.0,2.0,4.414213562373095,159.0,0.0
500.0,1816.0,815.0,786.0,7.0,3.3062507816025013,169.125,0.0
500.0,1817.0,827.0,878.0,12.0,1.3582195576532603,108.46153846153848,0.0
500.0,1818.0,880.0,888.0,12.0,2.1182023890188892,143.6153846153846,0.0
500.0,1819.0,880.0,945.0,15.0,1.5905794633185135,105.6875,0.0
500.0,1821.0,943.0,919.0,4.0,3.130056307974577,125.4,0.0
500.0,1822.0,963.0,983.0,4.0,2.279669127533634,129.6,0.0
500.0,1823.0,963.0,964.0,7.0,1.7468546075262057,120.25,0.0
500.0,1824.0,963.0,990.0,7.0,1.851569900005158,124.5,0.0
500.0,1825.0,1107.0,1149.0,8.0,1.6087454071798972,102.44444444444444,0.0
500.0,1826.0,1107.0,1069.0,9.0,1.389292222699217,116.0,0.0
500.0,1827.0,1123.0,1109.0,8.0,1.4253807916384655,104.22222222222224,0.0
500.0,1828.0,1123.0,1187.0,12.0,1.530730379739359,100.6923076923077,0.0
500.0,1829.0,1140.0,1210.0,14.0,1.4480899567825576,120.8,0.0
500.0,1830.0,1217.0,1204.0,4.0,1.516123775561495,127.2,0.0
500.0,1831.0,1333.0,1354.0,4.0,1.931370849898476,106.8,0.0
500.0,1832.0,1333.0,1286.0,9.0,1.4242640687119283,107.4,0.0
500.0,1833.0,1551.0,1557.0,2.0,1.3333333333333333,195.33333333333337,0.0
500.0,1834.0,1551.0,1533.0,7.0,1.8090169943749477,173.0,0.0
500.0,1835.0,1656.0,1617.0,11.0,2.2364328447492774,154.16666666666666,0.0
500.0,1836.0,1656.0,1727.0,17.0,1.3868883354920911,100.33333333333331,0.0
500.0,1837.0,1935.0,1912.0,6.0,2.2532427192493354,132.57142857142858,0.0
500.0,1838.0,1935.0,2010.0,15.0,1.8830618877807477,120.0625,0.0
500.0,1839.0,1961.0,1972.0,2.0,1.8251407699364424,205.33333333333337,0.0
500.0,1840.0,1961.0,1982.0,3.0,,202.75,0.0
500.0,1841.0,2005.0,2034.0,5.0,2.196723314583158,152.33333333333334,0.0
500.0,1842.0,2005.0,1929.0,27.0,1.5578872960125003,105.39285714285714,0.0
500.0,1843.0,2082.0,2089.0,2.0,1.2761423749153968,168.33333333333334,0.0
500.0,1844.0,2082.0,2036.0,10.0,1.3539020206356518,185.8181818181818,0.0
500.0,1845.0,2131.0,2134.0,9.0,1.4071067811865476,92.0,0.0
500.0,1846.0,2189.0,2182.0,2.0,1.0,153.33333333333334,0.0
500.0,1847.0,2189.0,2204.0,3.0,2.2232305567480424,150.5,0.0
500.0,1848.0,2212.0,2202.0,2.0,1.618033988749895,172.66666666666666,0.0
500.0,1849.0,2212.0,2249.0,9.0,1.2064495102245982,138.9,0.0
500.0,1850.0,2469.0,2516.0,7.0,3.5732432956914764,108.875,0.0
500.0,1851.0,2469.0,2509.0,20.0,6.611053634322332,108.38095238095238,0.0
500.0,1852.0,2517.0,2518.0,4.0,1.7300563079745772,122.8,0.0
500.0,1853.0,2517.0,2518.0,4.0,1.6828427124746193,122.8,0.0
500.0,1854.0,2569.0,2555.0,4.0,1.495741732923815,139.8,0.0
500.0,1855.0,2569.0,2613.0,7.0,1.5812851924841107,148.625,0.0
500.0,1856.0,2570.0,2577.0,6.0,2.1021109488741234,183.57142857142856,0.0
500.0,1857.0,2570.0,2616.0,7.0,1.516123775561495,129.75,0.0
500.0,1858.0,2572.0,2555.0,4.0,1.6828427124746193,179.4,0.0
500.0,1859.0,2572.0,2613.0,6.0,2.5389570049636214,189.28571428571428,0.0
500.0,1860.0,2640.0,2723.0,10.0,1.262992929726561,88.9090909090909,0.0
500.0,1861.0,2640.0,2645.0,17.0,1.5170630994091814,96.05555555555556,0.0
500.0,1862.0,2726.0,2658.0,8.0,3.4300535102964167,159.55555555555554,0.0
500.0,1863.0,2726.0,2862.0,25.0,4.569946496616696,185.15384615384616,0.0
500.0,1864.0,2739.0,2773.0,5.0,1.1380711874576983,92.5,0.0
500.0,1865.0,2848.0,2912.0,15.0,4.297548018715448,154.5,0.0
500.0,1866.0,2848.0,2905.0,17.0,2.514586969603404,134.83333333333334,0.0
500.0,1867.0,2945.0,2933.0,4.0,10.498005957254115,228.8,0.0
500.0,1868.0,2947.0,2948.0,13.0,2.0337239967856844,136.07142857142858,0.0
500.0,1869.0,3001.0,3019.0,2.0,2.23606797749979,123.33333333333331,0.0
500.0,1870.0,3001.0,3002.0,6.0,1.521468791410412,119.14285714285714,0.0
500.0,1871.0,3025.0,3003.0,2.0,6.6903559372884915,121.66666666666669,0.0
500.0,1872.0,3025.0,3122.0,11.0,2.4113054021382436,111.91666666666669,0.0
500.0,1873.0,3026.0,3004.0,2.0,9.409625251002746,121.0,0.0
500.0,1874.0,3026.0,3084.0,27.0,7.490555945915124,112.46428571428572,0.0
500.0,1875.0,3079.0,3101.0,2.0,2.0786893258332633,120.33333333333331,0.0
500.0,1876.0,3137.0,3164.0,4.0,4.4828746980556,145.2,0.0
500.0,1877.0,3137.0,3179.0,13.0,3.027449629784896,136.21428571428572,0.0
500.0,1878.0,3362.0,3372.0,2.0,1.4142135623730951,114.33333333333331,0.0
500.0,1879.0,3362.0,3337.0,14.0,1.4090375276074305,118.0,0.0
500.0,1880.0,3370.0,3341.0,11.0,1.2410768522493476,104.16666666666669,0.0
500.0,1881.0,3370.0,3445.0,11.0,1.6970881818326458,110.08333333333331,0.0
500.0,1882.0,3379.0,3429.0,9.0,1.6371630891611246,109.7,0.0
500.0,1883.0,3379.0,3466.0,13.0,1.438254493865104,109.85714285714286,0.0
500.0,1884.0,3405.0,3350.0,9.0,1.565685424949238,106.1,0.0
500.0,1885.0,3405.0,3350.0,9.0,1.7307135789365264,118.0,0.0
500.0,1886.0,3405.0,3476.0,10.0,1.648687537646496,114.27272727272728,0.0
500.0,1887.0,3463.0,3452.0,5.0,2.295449839124225,149.16666666666666,0.0
500.0,1888.0,3588.0,3574.0,5.0,20.495664611524067,124.0,0.0
500.0,1889.0,3588.0,3683.0,23.0,12.67451747618273,134.375,0.0
500.0,1890.0,3601.0,3579.0,4.0,3.899297167342803,155.8,0.0
500.0,1891.0,3602.0,3615.0,3.0,1.3535533905932735,96.0,0.0
500.0,1892.0,3602.0,3641.0,10.0,1.128564869306645,91.1818181818182,0.0
500.0,1893.0,3629.0,3658.0,8.0,2.1049191011110175,141.66666666666666,0.0
500.0,1894.0,3714.0,3721.0,4.0,1.412899020449196,129.0,0.0
500.0,1895.0,3714.0,3745.0,7.0,2.0590169943749475,132.125,0.0
500.0,1896.0,3742.0,3730.0,4.0,1.6485281374238572,117.4,0.0
500.0,1897.0,3742.0,3815.0,14.0,1.643790283299492,96.06666666666666,0.0
500.0,1898.0,3816.0,3817.0,5.0,2.0786893258332633,151.16666666666666,0.0
500.0,1899.0,3816.0,3844.0,12.0,1.2994555559224743,110.0,0.0
500.0,1900.0,3940.0,3975.0,5.0,4.119129440353144,145.83333333333334,0.0
500.0,1901.0,3940.0,3918.0,16.0,2.485376923492025,138.2941176470588,0.0
500.0,1902.0,3997.0,3985.0,3.0,2.0590169943749475,115.75,0.0
500.0,1903.0,3997.0,4075.0,18.0,1.5928712167686008,99.78947368421052,0.0
500.0,1904.0,4002.0,3948.0,15.0,1.3468610297802843,107.125,0.0
500.0,1905.0,4002.0,4091.0,19.0,1.9886349517372672,119.8,0.0
500.0,1906.0,4060.0,4074.0,7.0,10.256165629646498,173.0,0.0
500.0,1907.0,4060.0,4117.0,11.0,10.27045678491743,194.5,0.0
500.0,1908.0,4085.0,4134.0,9.0,1.7307135789365262,103.2,0.0
500.0,1909.0,4085.0,4032.0,21.0,1.2038764261017534,90.45454545454544,0.0
500.0,1910.0,4205.0,4221.0,3.0,1.5606601717798212,102.0,0.0
500.0,1911.0,4205.0,4220.0,7.0,1.3838834764831844,106.0,0.0
500.0,1912.0,4229.0,4230.0,6.0,2.0674479935713683,142.14285714285714,0.0
500.0,1913.0,4352.0,4396.0,6.0,4.583181156408775,125.14285714285714,0.0
500.0,1914.0,4352.0,4416.0,18.0,3.556854526947022,141.1578947368421,0.0
500.0,1915.0,4500.0,4552.0,8.0,1.0460237291525665,89.22222222222223,0.0
500.0,1916.0,4508.0,4429.0,15.0,1.3468610297802843,108.875,0.0
500.0,1917.0,4508.0,4525.0,15.0,1.919673540132429,129.875,0.0
500.0,1918.0,4679.0,4681.0,9.0,4.2362994785479575,157.9,0.0
500.0,1919.0,4679.0,4689.0,31.0,12.339295852304796,177.8125,0.0
500.0,1920.0,4677.0,4676.0,17.0,4.157569651949699,167.83333333333334,0.0
500.0,1921.0,4691.0,4694.0,5.0,26.0242065232444,213.83333333333337,0.0
500.0,1922.0,4691.0,4693.0,6.0,28.40044753214921,204.28571428571428,0.0
500.0,1923.0,1682.0,1670.0,3.0,1.3535533905932735,142.0,0.0
500.0,1924.0,1982.0,1972.0,2.0,2.23606797749979,198.66666666666663,0.0
500.0,1925.0,1982.0,1961.0,3.0,,202.75,0.0
500.0,1926.0,2014.0,2023.0,3.0,,209.25,0.0
500.0,1927.0,2014.0,2021.0,5.0,1.3300563079745769,172.16666666666666,0.0
500.0,1928.0,2014.0,1991.0,6.0,,195.42857142857144,0.0
500.0,1929.0,254.0,253.0,3.0,1.1035533905932735,123.75,0.0
500.0,1930.0,1682.0,1667.0,4.0,1.9125703849682212,162.6,0.0
500.0,1931.0,2022.0,2023.0,3.0,,208.75,0.0
500.0,1932.0,2022.0,2021.0,5.0,1.4417135899788145,171.83333333333334,0.0
500.0,1933.0,256.0,253.0,2.0,1.1380711874576983,128.33333333333334,0.0
500.0,1934.0,256.0,260.0,23.0,1.6848385830773844,125.66666666666669,0.0
500.0,1935.0,1682.0,1695.0,5.0,1.844082517040997,119.33333333333331,0.0
500.0,1936.0,1982.0,2011.0,3.0,,201.0,0.0
500.0,1937.0,2030.0,2023.0,2.0,2.53224755112299,208.0,0.0
500.0,1938.0,3569.0,3545.0,6.0,1.4040610178208843,101.0,0.0
500.0,1939.0,3569.0,3551.0,4.0,1.282842712474619,89.8,0.0
500.0,1940.0,3569.0,3610.0,7.0,1.4571067811865477,98.625,0.0
500.0,1941.0,10.0,12.0,1.0,2.23606797749979,117.0,0.0
500.0,1942.0,32.0,35.0,1.0,1.2071067811865477,117.0,0.0
500.0,1943.0,54.0,57.0,1.0,2.53224755112299,147.0,0.0
500.0,1944.0,90.0,95.0,1.0,1.7071067811865477,110.0,0.0
500.0,1945.0,105.0,108.0,1.0,1.0,144.0,0.0
500.0,1946.0,116.0,118.0,1.0,2.118033988749895,166.0,0.0
500.0,1947.0,120.0,123.0,1.0,3.64269164289302,153.5,0.0
500.0,1948.0,135.0,136.0,1.0,2.23606797749979,119.0,0.0
500.0,1949.0,249.0,254.0,1.0,1.7071067811865477,130.0,0.0
500.0,1950.0,256.0,254.0,1.0,1.4142135623730951,132.0,0.0
500.0,1951.0,386.0,391.0,1.0,9.708791742239228,161.5,0.0
500.0,1952.0,413.0,417.0,1.0,5.91547594742265,121.0,0.0
500.0,1953.0,421.0,428.0,1.0,13.988313821779888,176.0,0.0
500.0,1954.0,572.0,574.0,1.0,,203.0,0.0
500.0,1955.0,611.0,614.0,1.0,,225.0,0.0
500.0,1956.0,621.0,627.0,1.0,6.8896358721824225,244.0,0.0
500.0,1957.0,777.0,778.0,1.0,2.53224755112299,117.5,0.0
500.0,1958.0,809.0,815.0,1.0,4.73606797749979,174.0,0.0
500.0,1959.0,826.0,827.0,1.0,2.118033988749895,122.5,0.0
500.0,1960.0,872.0,880.0,1.0,2.53224755112299,158.5,0.0
500.0,1961.0,935.0,943.0,1.0,4.561552812808831,136.5,0.0
500.0,1962.0,957.0,963.0,1.0,3.64269164289302,128.0,0.0
500.0,1963.0,1095.0,1107.0,1.0,2.118033988749895,134.0,0.0
500.0,1964.0,1116.0,1123.0,1.0,2.118033988749895,117.0,0.0
500.0,1965.0,1135.0,1140.0,1.0,2.53224755112299,149.0,0.0
500.0,1966.0,1213.0,1217.0,1.0,1.0,128.5,0.0
500.0,1967.0,1332.0,1333.0,1.0,2.0,99.0,0.0
500.0,1968.0,1550.0,1551.0,1.0,1.2071067811865477,202.0,0.0
500.0,1969.0,1653.0,1656.0,1.0,2.618033988749895,160.5,0.0
500.0,1972.0,1927.0,1935.0,1.0,2.118033988749895,124.5,0.0
500.0,1973.0,1956.0,1961.0,1.0,,210.0,0.0
500.0,1976.0,1996.0,2005.0,1.0,2.23606797749979,165.0,0.0
500.0,1977.0,2014.0,2022.0,1.0,2.0,203.0,0.0
500.0,1978.0,2030.0,2022.0,1.0,2.414213562373095,203.0,0.0
500.0,1979.0,2075.0,2082.0,1.0,1.4142135623730951,174.5,0.0
500.0,1980.0,2122.0,2131.0,1.0,1.4142135623730951,90.0,0.0
500.0,1981.0,2183.0,2189.0,1.0,1.0,159.5,0.0
500.0,1982.0,2210.0,2212.0,1.0,1.8251407699364424,171.5,0.0
500.0,1983.0,2463.0,2469.0,1.0,5.692582403567252,113.0,0.0
500.0,1984.0,2511.0,2517.0,1.0,3.302775637731995,155.0,0.0
500.0,1985.0,2560.0,2569.0,1.0,2.118033988749895,124.5,0.0
500.0,1986.0,2561.0,2570.0,1.0,2.618033988749895,190.0,0.0
500.0,1987.0,2568.0,2572.0,1.0,2.914213562373095,198.0,0.0
500.0,1988.0,2632.0,2640.0,1.0,2.118033988749895,97.0,0.0
500.0,1989.0,2716.0,2726.0,1.0,6.0,206.5,0.0
500.0,1990.0,2735.0,2739.0,1.0,1.7071067811865477,98.0,0.0
500.0,1991.0,2841.0,2848.0,1.0,3.9240959812916367,162.5,0.0
500.0,1992.0,2940.0,2945.0,1.0,9.449747468305834,240.0,0.0
500.0,1993.0,2942.0,2947.0,1.0,2.23606797749979,132.0,0.0
500.0,1994.0,2993.0,3001.0,1.0,2.118033988749895,121.0,0.0
500.0,1995.0,3012.0,3025.0,1.0,6.16227766016838,122.0,0.0
500.0,1996.0,3013.0,3026.0,1.0,9.626712082661491,115.5,0.0
500.0,1997.0,3072.0,3079.0,1.0,2.118033988749895,123.0,0.0
500.0,1998.0,3130.0,3137.0,1.0,5.743903072168841,142.0,0.0
500.0,1999.0,3209.0,3212.0,1.0,17.67877987534291,221.0,0.0
500.0,2000.0,3356.0,3362.0,1.0,1.4142135623730951,121.0,0.0
500.0,2001.0,3367.0,3370.0,1.0,2.23606797749979,147.5,0.0
500.0,2002.0,3375.0,3379.0,1.0,2.23606797749979,115.5,0.0
500.0,2003.0,3404.0,3405.0,1.0,2.5,114.5,0.0
500.0,2004.0,3460.0,3463.0,1.0,2.23606797749979,149.0,0.0
500.0,2008.0,3580.0,3588.0,1.0,20.56177364193521,122.0,0.0
500.0,2009.0,3593.0,3601.0,1.0,4.5,168.0,0.0
500.0,2010.0,3594.0,3602.0,1.0,1.7071067811865477,98.0,0.0
500.0,2011.0,3624.0,3629.0,1.0,2.23606797749979,145.0,0.0
500.0,2012.0,3711.0,3714.0,1.0,2.23606797749979,134.5,0.0
500.0,2013.0,3737.0,3742.0,1.0,1.7071067811865477,115.5,0.0
500.0,2014.0,3812.0,3816.0,1.0,2.618033988749895,149.5,0.0
500.0,2015.0,3937.0,3940.0,1.0,3.5,139.5,0.0
500.0,2016.0,3984.0,3997.0,1.0,2.23606797749979,115.5,0.0
500.0,2017.0,3998.0,4002.0,1.0,2.53224755112299,134.0,0.0
500.0,2018.0,4031.0,4036.0,1.0,2.699172818834085,164.0,0.0
500.0,2019.0,4056.0,4060.0,1.0,12.843757725539408,169.0,0.0
500.0,2020.0,4081.0,4085.0,1.0,2.414213562373095,108.0,0.0
500.0,2021.0,4126.0,4128.0,1.0,1.7071067811865477,99.0,0.0
500.0,2022.0,4201.0,4205.0,1.0,1.7071067811865477,103.0,0.0
500.0,2023.0,4227.0,4229.0,1.0,2.23606797749979,138.5,0.0
500.0,2024.0,4346.0,4352.0,1.0,6.4031242374328485,117.0,0.0
500.0,2025.0,4415.0,4420.0,1.0,1.4142135623730951,111.0,0.0
500.0,2026.0,4434.0,4442.0,1.0,1.4142135623730951,102.0,0.0
500.0,2027.0,4494.0,4500.0,1.0,1.7071067811865477,92.5,0.0
500.0,2028.0,4497.0,4508.0,1.0,1.7071067811865477,120.0,0.0
500.0,2029.0,4576.0,4586.0,1.0,4.242640687119285,198.0,0.0
500.0,2030.0,4673.0,4677.0,1.0,7.0,156.0,0.0
500.0,2031.0,4675.0,4679.0,1.0,9.2169905660283,191.0,0.0
500.0,2032.0,4690.0,4691.0,1.0,,206.5,0.0
500.0,2033.0,4705.0,4707.0,1.0,10.099019513592784,220.0,0.0
500.0,2034.0,11.0,13.0,36.0,1.4148315229650776,97.75675675675676,0.0
500.0,2035.0,13.0,34.0,34.0,1.867760882617464,101.94285714285714,0.0
500.0,2036.0,22.0,38.0,12.0,1.331318137643482,122.6923076923077,0.0
500.0,2037.0,25.0,38.0,7.0,1.3830618877807477,111.125,0.0
500.0,2038.0,28.0,29.0,2.0,1.1380711874576983,116.0,0.0
500.0,2039.0,33.0,41.0,5.0,1.6380711874576983,113.83333333333331,0.0
500.0,2040.0,34.0,43.0,6.0,1.9500402199818407,108.14285714285714,0.0
500.0,2041.0,36.0,43.0,7.0,1.5080618877807477,106.0,0.0
500.0,2042.0,40.0,42.0,6.0,1.0591733660532994,113.0,0.0
500.0,2043.0,47.0,33.0,9.0,1.589949493661167,124.1,0.0
500.0,2044.0,50.0,62.0,6.0,1.5469181606780271,135.14285714285714,0.0
500.0,2045.0,51.0,42.0,6.0,1.4387239731236394,124.85714285714286,0.0
500.0,2046.0,55.0,48.0,4.0,1.482842712474619,148.4,0.0
500.0,2047.0,56.0,71.0,16.0,1.738222145675562,111.82352941176472,0.0
500.0,2048.0,60.0,61.0,3.0,1.516123775561495,118.75,0.0
500.0,2049.0,65.0,71.0,6.0,1.832632446392313,112.71428571428572,0.0
500.0,2050.0,67.0,74.0,6.0,1.6153051127664664,116.0,0.0
500.0,2051.0,68.0,72.0,5.0,2.688165034081994,163.0,0.0
500.0,2052.0,69.0,73.0,2.0,2.1573786516665265,115.33333333333331,0.0
500.0,2053.0,76.0,88.0,7.0,2.5982305567480424,164.5,0.0
500.0,2054.0,77.0,73.0,10.0,1.968207412715717,116.8181818181818,0.0
500.0,2055.0,78.0,73.0,3.0,2.1770509831248424,125.5,0.0
500.0,2056.0,84.0,92.0,11.0,1.8982726453637369,128.5,0.0
500.0,2057.0,89.0,71.0,9.0,1.6485281374238572,114.3,0.0
500.0,2058.0,97.0,104.0,8.0,1.987372168596964,138.22222222222223,0.0
500.0,2059.0,98.0,104.0,4.0,1.482842712474619,126.2,0.0
500.0,2060.0,100.0,106.0,7.0,2.2875703849682214,156.875,0.0
500.0,2061.0,102.0,110.0,4.0,2.024483498974493,104.8,0.0
500.0,2062.0,103.0,107.0,5.0,2.256105176207593,170.5,0.0
500.0,2063.0,106.0,113.0,2.0,4.7950549357115015,152.66666666666666,0.0
500.0,2064.0,112.0,131.0,10.0,1.4824668899422968,135.45454545454547,0.0
500.0,2065.0,114.0,128.0,8.0,1.6357054835264846,95.0,0.0
500.0,2066.0,115.0,96.0,9.0,2.3545398069490697,143.9,0.0
500.0,2067.0,121.0,127.0,2.0,1.4142135623730951,103.33333333333331,0.0
500.0,2068.0,130.0,113.0,8.0,5.943974944912717,164.22222222222223,0.0
500.0,2069.0,131.0,138.0,3.0,2.23606797749979,145.0,0.0
500.0,2070.0,134.0,127.0,5.0,1.2071067811865477,105.16666666666669,0.0
500.0,2071.0,140.0,153.0,7.0,1.4356601717798214,89.375,0.0
500.0,2072.0,141.0,138.0,3.0,1.6625703849682212,128.5,0.0
500.0,2073.0,153.0,161.0,6.0,1.6306019374818708,92.71428571428572,0.0
500.0,2074.0,157.0,156.0,3.0,1.9125703849682212,161.5,0.0
500.0,2075.0,160.0,164.0,2.0,1.60947570824873,94.0,0.0
500.0,2076.0,162.0,168.0,6.0,2.1011719903570527,147.85714285714286,0.0
500.0,2077.0,163.0,172.0,3.0,1.7071067811865477,112.75,0.0
500.0,2078.0,166.0,161.0,3.0,1.2071067811865477,99.25,0.0
500.0,2079.0,167.0,172.0,8.0,1.896055011360664,109.44444444444444,0.0
500.0,2080.0,171.0,154.0,9.0,1.489292222699217,129.4,0.0
500.0,2081.0,175.0,172.0,4.0,1.4485281374238572,113.4,0.0
500.0,2082.0,185.0,203.0,6.0,1.4040610178208843,88.71428571428571,0.0
500.0,2083.0,186.0,196.0,7.0,2.1920788821556947,154.75,0.0
500.0,2084.0,187.0,179.0,5.0,1.7071067811865477,100.16666666666669,0.0
500.0,2085.0,191.0,179.0,7.0,1.5088834764831844,96.75,0.0
500.0,2086.0,193.0,198.0,2.0,1.4714045207910316,127.66666666666669,0.0
500.0,2087.0,203.0,216.0,4.0,1.6485281374238572,99.8,0.0
500.0,2088.0,208.0,219.0,3.0,1.5606601717798214,98.5,0.0
500.0,2089.0,209.0,219.0,4.0,1.765685424949238,104.0,0.0
500.0,2090.0,210.0,222.0,5.0,1.2071067811865477,87.66666666666667,0.0
500.0,2091.0,212.0,209.0,5.0,1.9023689270621824,101.66666666666669,0.0
500.0,2092.0,213.0,225.0,6.0,1.8163966631598376,111.0,0.0
500.0,2093.0,214.0,213.0,12.0,1.4483405480573994,109.23076923076924,0.0
500.0,2094.0,218.0,208.0,7.0,1.3535533905932735,90.125,0.0
500.0,2095.0,229.0,225.0,4.0,1.282842712474619,121.2,0.0
500.0,2096.0,232.0,196.0,15.0,1.4825843344836476,99.4375,0.0
500.0,2097.0,233.0,226.0,4.0,1.565685424949238,132.4,0.0
500.0,2098.0,238.0,222.0,10.0,1.51425947722658,90.0909090909091,0.0
500.0,2099.0,243.0,268.0,8.0,1.2491822985688092,88.77777777777777,0.0
500.0,2100.0,245.0,217.0,14.0,2.204592247166484,145.0,0.0
500.0,2101.0,247.0,255.0,2.0,1.2761423749153966,125.66666666666669,0.0
500.0,2102.0,251.0,250.0,10.0,1.128564869306645,102.63636363636364,0.0
500.0,2103.0,253.0,242.0,10.0,1.25712973861329,112.72727272727272,0.0
500.0,2104.0,258.0,298.0,16.0,1.4243060844468487,95.11764705882354,0.0
500.0,2105.0,260.0,248.0,7.0,1.6625703849682212,123.625,0.0
500.0,2106.0,273.0,270.0,3.0,1.516123775561495,108.5,0.0
500.0,2107.0,276.0,238.0,15.0,1.472271824131503,90.125,0.0
500.0,2108.0,277.0,289.0,3.0,1.1035533905932735,99.0,0.0
500.0,2109.0,280.0,305.0,7.0,1.2803300858899105,92.0,0.0
500.0,2110.0,283.0,306.0,7.0,1.5088834764831844,87.625,0.0
500.0,2111.0,287.0,290.0,4.0,1.165685424949238,110.4,0.0
500.0,2112.0,295.0,320.0,16.0,1.1806510477567926,90.41176470588236,0.0
500.0,2113.0,296.0,305.0,5.0,1.804737854124365,97.83333333333331,0.0
500.0,2114.0,303.0,292.0,8.0,1.497634296068786,124.22222222222224,0.0
500.0,2115.0,309.0,314.0,4.0,1.9300563079745772,112.0,0.0
500.0,2116.0,311.0,337.0,9.0,1.548528137423857,90.6,0.0
500.0,2117.0,321.0,336.0,5.0,1.746451444103179,100.33333333333331,0.0
500.0,2118.0,323.0,325.0,4.0,2.047213595499958,109.8,0.0
500.0,2119.0,328.0,358.0,14.0,1.586161144240256,99.06666666666666,0.0
500.0,2120.0,330.0,322.0,6.0,1.9000804399636813,111.42857142857144,0.0
500.0,2121.0,331.0,332.0,5.0,1.2761423749153966,88.66666666666667,0.0
500.0,2122.0,337.0,352.0,6.0,1.665264892784626,98.14285714285714,0.0
500.0,2123.0,340.0,444.0,32.0,1.467267701865859,99.6969696969697,0.0
500.0,2124.0,342.0,336.0,3.0,1.1035533905932735,92.0,0.0
500.0,2125.0,348.0,375.0,9.0,1.589949493661167,90.6,0.0
500.0,2126.0,354.0,371.0,6.0,1.320377241017041,97.42857142857144,0.0
500.0,2127.0,357.0,389.0,10.0,1.7981156131240768,101.36363636363636,0.0
500.0,2128.0,360.0,378.0,6.0,1.7489486695884693,98.0,0.0
500.0,2129.0,363.0,397.0,11.0,1.2761423749153968,97.5,0.0
500.0,2130.0,364.0,380.0,10.0,1.3383044865216691,99.0909090909091,0.0
500.0,2131.0,369.0,366.0,3.0,1.2071067811865477,111.5,0.0
500.0,2132.0,371.0,387.0,5.0,1.6094757082487303,99.83333333333331,0.0
500.0,2133.0,373.0,388.0,5.0,1.1380711874576983,108.66666666666669,0.0
500.0,2134.0,379.0,402.0,8.0,1.3412297568739415,83.22222222222223,0.0
500.0,2135.0,383.0,396.0,4.0,1.7152982445082947,106.0,0.0
500.0,2136.0,396.0,393.0,2.0,3.3100355319335826,113.66666666666669,0.0
500.0,2137.0,400.0,394.0,2.0,1.804737854124365,112.66666666666669,0.0
500.0,2138.0,403.0,414.0,4.0,1.8828427124746192,95.4,0.0
500.0,2139.0,408.0,437.0,7.0,2.9247932047085214,158.875,0.0
500.0,2140.0,412.0,414.0,11.0,1.8190355937288496,91.08333333333331,0.0
500.0,2141.0,416.0,429.0,2.0,6.988026672690116,133.33333333333334,0.0
500.0,2142.0,422.0,440.0,4.0,1.565685424949238,109.6,0.0
500.0,2143.0,425.0,448.0,9.0,1.2242640687119284,87.2,0.0
500.0,2144.0,426.0,496.0,19.0,1.4239354332309535,89.35,0.0
500.0,2145.0,434.0,457.0,7.0,4.159849165997983,194.25,0.0
500.0,2146.0,435.0,441.0,7.0,1.7366152783740212,119.375,0.0
500.0,2147.0,443.0,431.0,13.0,2.016861998392842,137.71428571428572,0.0
500.0,2148.0,444.0,456.0,3.0,2.0590169943749475,114.25,0.0
500.0,2149.0,446.0,454.0,2.0,15.009720194235715,182.0,0.0
500.0,2150.0,452.0,453.0,11.0,1.1720412585204985,89.5,0.0
500.0,2151.0,459.0,480.0,6.0,1.3203772410170405,102.85714285714286,0.0
500.0,2152.0,460.0,514.0,13.0,1.1183467321065987,90.78571428571428,0.0
500.0,2153.0,464.0,449.0,6.0,2.5052330081779366,145.71428571428572,0.0
500.0,2154.0,471.0,481.0,3.0,2.1770509831248424,152.0,0.0
500.0,2155.0,472.0,513.0,10.0,1.7707916967835522,93.36363636363636,0.0
500.0,2156.0,474.0,456.0,7.0,1.5606601717798214,102.875,0.0
500.0,2157.0,482.0,467.0,4.0,1.4485281374238572,90.0,0.0
500.0,2158.0,484.0,599.0,30.0,1.8869047866607644,115.3225806451613,0.0
500.0,2159.0,485.0,493.0,3.0,1.5606601717798212,115.75,0.0
500.0,2160.0,492.0,526.0,9.0,1.2242640687119286,95.7,0.0
500.0,2161.0,494.0,510.0,3.0,1.7071067811865477,113.25,0.0
500.0,2162.0,503.0,475.0,13.0,1.4387239731236396,93.64285714285714,0.0
500.0,2163.0,507.0,523.0,5.0,1.482153704498695,112.0,0.0
500.0,2164.0,518.0,490.0,7.0,1.8688555774523317,111.875,0.0
500.0,2165.0,519.0,509.0,2.0,10.36915979230488,197.66666666666663,0.0
500.0,2166.0,521.0,525.0,6.0,1.177520098159898,112.85714285714286,0.0
500.0,2167.0,528.0,549.0,5.0,2.118033988749895,119.0,0.0
500.0,2168.0,531.0,530.0,6.0,2.0,105.85714285714286,0.0
500.0,2169.0,535.0,557.0,6.0,2.1011719903570527,123.28571428571428,0.0
500.0,2170.0,537.0,569.0,8.0,2.4921725871375253,153.77777777777777,0.0
500.0,2171.0,539.0,526.0,3.0,1.8535533905932735,112.75,0.0
500.0,2172.0,541.0,593.0,13.0,1.261203874963741,91.35714285714286,0.0
500.0,2173.0,543.0,559.0,4.0,2.047213595499958,105.0,0.0
500.0,2174.0,551.0,580.0,7.0,1.4348385830773842,113.375,0.0
500.0,2175.0,555.0,523.0,8.0,2.0398317191524726,116.0,0.0
500.0,2176.0,556.0,527.0,7.0,1.4571067811865477,110.75,0.0
500.0,2177.0,565.0,575.0,6.0,1.0591733660532994,93.57142857142856,0.0
500.0,2178.0,568.0,594.0,8.0,1.4325469141102412,106.33333333333331,0.0
500.0,2179.0,570.0,679.0,28.0,1.690864063818038,94.34482758620688,0.0
500.0,2180.0,578.0,584.0,8.0,1.0920474583051325,89.0,0.0
500.0,2181.0,581.0,595.0,6.0,1.4387239731236394,99.14285714285714,0.0
500.0,2182.0,586.0,599.0,7.0,2.015302186859058,142.0,0.0
500.0,2183.0,587.0,597.0,4.0,1.812899020449196,117.6,0.0
500.0,2184.0,589.0,550.0,10.0,1.8617007876926437,105.36363636363636,0.0
500.0,2185.0,590.0,600.0,3.0,11.657497390375935,181.75,0.0
500.0,2186.0,593.0,606.0,6.0,1.5551927881960963,120.85714285714286,0.0
500.0,2187.0,598.0,602.0,3.0,1.8535533905932735,99.5,0.0
500.0,2188.0,601.0,597.0,4.0,1.812899020449196,127.6,0.0
500.0,2189.0,603.0,629.0,7.0,1.5303300858899105,90.375,0.0
500.0,2190.0,612.0,583.0,10.0,1.4454086306010607,106.72727272727272,0.0
500.0,2191.0,630.0,605.0,6.0,2.0674479935713683,121.71428571428572,0.0
500.0,2192.0,637.0,609.0,10.0,2.7858401131220467,168.27272727272728,0.0
500.0,2193.0,638.0,629.0,3.0,1.5606601717798214,90.25,0.0
500.0,2194.0,639.0,630.0,9.0,1.4071067811865476,98.8,0.0
500.0,2195.0,642.0,620.0,5.0,1.304737854124365,90.83333333333331,0.0
500.0,2196.0,647.0,696.0,8.0,1.7007928654850295,113.44444444444444,0.0
500.0,2197.0,653.0,636.0,3.0,1.4571067811865477,127.0,0.0
500.0,2198.0,655.0,668.0,6.0,1.261203874963741,110.57142857142856,0.0
500.0,2199.0,658.0,670.0,8.0,2.170736784138396,145.44444444444446,0.0
500.0,2200.0,659.0,633.0,5.0,2.0,102.33333333333331,0.0
500.0,2201.0,665.0,664.0,6.0,1.5806421574637113,103.28571428571428,0.0
500.0,2202.0,666.0,677.0,8.0,1.6936267430132537,99.22222222222224,0.0
500.0,2203.0,669.0,638.0,5.0,1.2071067811865477,88.0,0.0
500.0,2204.0,677.0,704.0,7.0,1.7071067811865477,98.375,0.0
500.0,2205.0,680.0,690.0,2.0,1.3333333333333333,134.0,0.0
500.0,2206.0,684.0,688.0,25.0,1.5755380784176016,101.53846153846152,0.0
500.0,2207.0,685.0,721.0,6.0,4.555586095430707,154.0,0.0
500.0,2208.0,697.0,722.0,4.0,6.349705707928643,147.8,0.0
500.0,2209.0,700.0,687.0,3.0,2.0306043737181163,129.75,0.0
500.0,2210.0,706.0,656.0,11.0,1.1035533905932735,89.25,0.0
500.0,2211.0,708.0,757.0,10.0,2.2469973586131373,151.54545454545453,0.0
500.0,2212.0,709.0,719.0,3.0,1.1035533905932735,94.75,0.0
500.0,2213.0,712.0,734.0,4.0,1.448528137423857,107.0,0.0
500.0,2214.0,715.0,707.0,3.0,1.516123775561495,102.75,0.0
500.0,2215.0,716.0,651.0,11.0,2.098361657291579,112.33333333333331,0.0
500.0,2216.0,717.0,749.0,6.0,2.1011719903570527,118.28571428571428,0.0
500.0,2217.0,720.0,736.0,4.0,2.0,109.6,0.0
500.0,2218.0,728.0,735.0,6.0,1.9500402199818407,114.85714285714286,0.0
500.0,2219.0,732.0,731.0,8.0,1.60947570824873,95.11111111111111,0.0
500.0,2220.0,737.0,754.0,3.0,2.0306043737181163,139.75,0.0
500.0,2221.0,744.0,764.0,5.0,1.4714045207910316,95.5,0.0
500.0,2222.0,745.0,727.0,4.0,1.9772699034745351,139.0,0.0
500.0,2223.0,746.0,734.0,6.0,1.2958668302664964,106.42857142857144,0.0
500.0,2224.0,747.0,766.0,8.0,1.8571974046798736,103.22222222222224,0.0
500.0,2225.0,748.0,735.0,6.0,1.9837642167675251,113.85714285714286,0.0
500.0,2226.0,762.0,811.0,15.0,1.4419417382415922,88.25,0.0
500.0,2227.0,770.0,721.0,12.0,1.991048231685134,124.6153846153846,0.0
500.0,2228.0,771.0,759.0,6.0,1.4978973391769388,94.28571428571428,0.0
500.0,2229.0,779.0,811.0,14.0,1.5313708498984764,95.86666666666666,0.0
500.0,2230.0,781.0,757.0,9.0,1.772134935173836,111.5,0.0
500.0,2231.0,782.0,843.0,15.0,1.493718433538229,101.75,0.0
500.0,2232.0,786.0,722.0,21.0,2.577967620890097,144.6818181818182,0.0
500.0,2233.0,790.0,775.0,16.0,2.176986294837949,147.8235294117647,0.0
500.0,2234.0,797.0,784.0,3.0,1.5606601717798214,89.0,0.0
500.0,2235.0,799.0,817.0,9.0,2.177269903474535,141.8,0.0
500.0,2236.0,804.0,771.0,15.0,1.472271824131503,89.25,0.0
500.0,2237.0,806.0,719.0,23.0,1.3910323462854264,89.25,0.0
500.0,2238.0,810.0,789.0,8.0,1.4714045207910316,102.22222222222224,0.0
500.0,2239.0,812.0,823.0,6.0,1.556131746713167,101.57142857142856,0.0
500.0,2240.0,816.0,822.0,3.0,2.1770509831248424,137.5,0.0
500.0,2241.0,820.0,828.0,3.0,1.5590169943749477,148.0,0.0
500.0,2242.0,821.0,847.0,10.0,1.8084474751811064,134.9090909090909,0.0
500.0,2243.0,824.0,802.0,11.0,1.7065590553849228,107.16666666666669,0.0
500.0,2244.0,828.0,833.0,2.0,2.0786893258332633,157.0,0.0
500.0,2245.0,831.0,837.0,15.0,1.2433076391870106,94.25,0.0
500.0,2246.0,845.0,838.0,4.0,2.047213595499958,118.8,0.0
500.0,2247.0,849.0,823.0,8.0,2.052459550555509,104.0,0.0
500.0,2248.0,856.0,836.0,6.0,2.4053134481416185,138.14285714285714,0.0
500.0,2249.0,857.0,890.0,7.0,1.3106601717798214,100.875,0.0
500.0,2250.0,861.0,878.0,3.0,1.8535533905932735,110.0,0.0
500.0,2251.0,863.0,867.0,15.0,1.5084726821319658,108.125,0.0
500.0,2252.0,869.0,858.0,6.0,1.866356443177997,121.0,0.0
500.0,2253.0,873.0,913.0,10.0,2.1502250765907753,141.8181818181818,0.0
500.0,2254.0,874.0,856.0,6.0,2.28696671603502,155.14285714285714,0.0
500.0,2255.0,876.0,855.0,4.0,2.0,114.8,0.0
500.0,2256.0,877.0,859.0,9.0,1.389292222699217,111.8,0.0
500.0,2257.0,879.0,1075.0,36.0,1.7102080685903354,100.32432432432432,0.0
500.0,2258.0,885.0,822.0,15.0,1.2843610297802843,98.6875,0.0
500.0,2259.0,886.0,865.0,8.0,1.452340867985053,112.33333333333331,0.0
500.0,2260.0,888.0,887.0,12.0,2.218245702845487,148.15384615384616,0.0
500.0,2261.0,893.0,889.0,2.0,1.60947570824873,91.66666666666669,0.0
500.0,2262.0,904.0,882.0,6.0,2.320690712820704,141.71428571428572,0.0
500.0,2263.0,905.0,858.0,10.0,2.107901145192586,124.36363636363636,0.0
500.0,2264.0,907.0,920.0,3.0,4.489354332309537,135.25,0.0
500.0,2265.0,911.0,960.0,9.0,2.030056307974577,125.7,0.0
500.0,2266.0,912.0,932.0,5.0,9.957389250781327,150.0,0.0
500.0,2267.0,914.0,904.0,6.0,2.396099862106478,151.0,0.0
500.0,2268.0,915.0,947.0,6.0,1.6060915267313265,93.28571428571428,0.0
500.0,2269.0,919.0,907.0,9.0,2.050504621207565,130.1,0.0
500.0,2270.0,924.0,899.0,5.0,1.8834271799576283,108.5,0.0
500.0,2271.0,926.0,960.0,7.0,1.5821067811865477,110.875,0.0
500.0,2272.0,932.0,936.0,4.0,9.841722977514872,150.6,0.0
500.0,2273.0,933.0,952.0,5.0,1.345177968644246,90.5,0.0
500.0,2274.0,937.0,966.0,7.0,1.3830618877807477,106.875,0.0
500.0,2275.0,939.0,959.0,3.0,1.4571067811865477,105.5,0.0
500.0,2276.0,940.0,997.0,11.0,1.4225889843221229,89.66666666666667,0.0
500.0,2277.0,942.0,962.0,3.0,1.25,122.25,0.0
500.0,2278.0,945.0,913.0,7.0,1.5812851924841107,104.75,0.0
500.0,2279.0,951.0,961.0,2.0,1.3333333333333333,89.33333333333333,0.0
500.0,2280.0,953.0,971.0,9.0,2.047213595499958,141.7,0.0
500.0,2281.0,958.0,971.0,10.0,2.107303626136268,148.0,0.0
500.0,2282.0,964.0,920.0,11.0,2.1367488603989546,117.41666666666669,0.0
500.0,2283.0,972.0,985.0,7.0,1.3838834764831844,98.5,0.0
500.0,2284.0,976.0,958.0,11.0,2.118033988749895,144.0,0.0
500.0,2285.0,978.0,985.0,12.0,1.530730379739359,101.15384615384616,0.0
500.0,2286.0,981.0,969.0,5.0,1.4428090415820634,90.0,0.0
500.0,2287.0,982.0,961.0,4.0,1.365685424949238,94.0,0.0
500.0,2288.0,983.0,990.0,4.0,1.812899020449196,127.4,0.0
500.0,2289.0,991.0,1035.0,6.0,1.6143661542493957,112.85714285714286,0.0
500.0,2290.0,1003.0,1027.0,3.0,5.285259642554918,160.5,0.0
500.0,2291.0,1005.0,1050.0,9.0,1.4313708498984763,90.5,0.0
500.0,2292.0,1006.0,1050.0,6.0,1.177520098159898,92.14285714285714,0.0
500.0,2293.0,1008.0,976.0,11.0,2.069218452280986,142.5,0.0
500.0,2294.0,1010.0,1025.0,6.0,1.3203772410170405,110.57142857142856,0.0
500.0,2295.0,1011.0,997.0,6.0,1.37955060707034,94.28571428571428,0.0
500.0,2296.0,1012.0,997.0,3.0,1.7071067811865477,104.25,0.0
500.0,2297.0,1017.0,1099.0,12.0,2.118033988749895,113.0,0.0
500.0,2298.0,1018.0,1079.0,9.0,1.7313708498984763,112.2,0.0
500.0,2299.0,1019.0,1031.0,9.0,1.2242640687119286,89.5,0.0
500.0,2300.0,1020.0,1032.0,10.0,2.1182330072496156,143.8181818181818,0.0
500.0,2301.0,1029.0,1049.0,12.0,1.607653456662436,108.84615384615384,0.0
500.0,2302.0,1034.0,1072.0,6.0,1.4377850146065685,107.14285714285714,0.0
500.0,2303.0,1036.0,1046.0,2.0,1.9621165057908916,181.0,0.0
500.0,2304.0,1038.0,1008.0,15.0,2.088525491562421,147.125,0.0
500.0,2305.0,1039.0,1009.0,7.0,1.6330618877807477,130.75,0.0
500.0,2306.0,1043.0,1015.0,4.0,2.726882723033592,179.8,0.0
500.0,2307.0,1044.0,995.0,7.0,1.1035533905932735,99.0,0.0
500.0,2308.0,1054.0,1048.0,4.0,4.8246211251235325,143.4,0.0
500.0,2309.0,1055.0,1118.0,16.0,1.6554197425724089,100.17647058823528,0.0
500.0,2310.0,1064.0,1002.0,9.0,1.2242640687119286,87.7,0.0
500.0,2311.0,1069.0,1047.0,4.0,1.6485281374238572,147.6,0.0
500.0,2312.0,1078.0,1112.0,23.0,1.4812406865201897,95.625,0.0
500.0,2313.0,1080.0,1114.0,5.0,2.0393446629166316,119.83333333333331,0.0
500.0,2314.0,1082.0,1083.0,3.0,2.0590169943749475,185.25,0.0
500.0,2315.0,1089.0,1127.0,6.0,1.1183467321065983,89.42857142857143,0.0
500.0,2316.0,1090.0,1091.0,2.0,1.804737854124365,103.0,0.0
500.0,2317.0,1092.0,1104.0,6.0,2.8663564431779975,192.8571428571429,0.0
500.0,2318.0,1105.0,1108.0,2.0,2.35483170074866,165.66666666666666,0.0
500.0,2319.0,1109.0,1053.0,8.0,1.3404994558051089,109.66666666666669,0.0
500.0,2320.0,1110.0,1048.0,9.0,2.276409195040511,122.2,0.0
500.0,2321.0,1118.0,1163.0,15.0,1.597271824131503,100.6875,0.0
500.0,2322.0,1121.0,1208.0,18.0,1.0436014276182206,86.57894736842105,0.0
500.0,2323.0,1125.0,1151.0,5.0,1.540440114519881,88.66666666666667,0.0
500.0,2324.0,1129.0,1111.0,3.0,3.866341377503315,124.0,0.0
500.0,2325.0,1130.0,1171.0,8.0,10.404224081799155,207.55555555555551,0.0
500.0,2326.0,1132.0,1104.0,5.0,2.2167605132909616,145.33333333333334,0.0
500.0,2327.0,1137.0,1148.0,2.0,1.804737854124365,111.0,0.0
500.0,2328.0,1142.0,1160.0,4.0,1.765685424949238,128.8,0.0
500.0,2329.0,1149.0,1181.0,9.0,1.1242640687119287,92.9,0.0
500.0,2330.0,1159.0,1160.0,2.0,2.0,129.33333333333334,0.0
500.0,2331.0,1161.0,1171.0,2.0,13.44908555495128,190.33333333333337,0.0
500.0,2332.0,1162.0,1151.0,9.0,1.248528137423857,93.8,0.0
500.0,2333.0,1163.0,1192.0,6.0,1.7234993003208543,112.42857142857144,0.0
500.0,2334.0,1165.0,1112.0,10.0,2.1876813729314524,130.27272727272728,0.0
500.0,2335.0,1166.0,1132.0,8.0,2.0136019438747184,122.66666666666669,0.0
500.0,2336.0,1167.0,1138.0,6.0,1.5469181606780271,112.71428571428572,0.0
500.0,2337.0,1170.0,1124.0,9.0,7.728686470510245,145.4,0.0
500.0,2338.0,1172.0,1161.0,2.0,12.128089919500228,193.0,0.0
500.0,2339.0,1177.0,1195.0,4.0,2.188854381999832,126.0,0.0
500.0,2340.0,1179.0,1155.0,12.0,1.4219447210952747,89.53846153846153,0.0
500.0,2341.0,1187.0,1201.0,3.0,2.1770509831248424,130.5,0.0
500.0,2342.0,1197.0,1198.0,6.0,1.261203874963741,111.28571428571428,0.0
500.0,2343.0,1204.0,1216.0,7.0,1.9000804399636813,122.875,0.0
500.0,2344.0,1208.0,1258.0,11.0,1.4142135623730951,98.25,0.0
500.0,2345.0,1210.0,1218.0,2.0,1.8834271799576283,147.66666666666666,0.0
500.0,2346.0,1214.0,1228.0,3.0,2.38415776431139,135.75,0.0
500.0,2347.0,1223.0,1209.0,12.0,10.47841952640247,191.46153846153845,0.0
500.0,2348.0,1226.0,1212.0,3.0,2.23606797749979,113.5,0.0
500.0,2349.0,1227.0,1220.0,6.0,1.5806421574637113,100.57142857142856,0.0
500.0,2350.0,1233.0,1219.0,3.0,1.4571067811865477,90.0,0.0
500.0,2351.0,1237.0,1228.0,2.0,2.35483170074866,124.66666666666669,0.0
500.0,2352.0,1240.0,1239.0,6.0,2.4562121866768485,154.71428571428572,0.0
500.0,2353.0,1241.0,1256.0,10.0,1.8402400624653896,132.0909090909091,0.0
500.0,2354.0,1250.0,1230.0,6.0,1.4632343838741837,119.85714285714286,0.0
500.0,2355.0,1252.0,1239.0,3.0,2.38415776431139,146.0,0.0
500.0,2356.0,1255.0,1261.0,2.0,1.6881650340819931,149.66666666666666,0.0
500.0,2357.0,1260.0,1275.0,7.0,1.4348385830773842,125.5,0.0
500.0,2358.0,1262.0,1261.0,3.0,1.8535533905932735,157.5,0.0
500.0,2359.0,1263.0,1308.0,9.0,6.903063465335956,193.5,0.0
500.0,2360.0,1266.0,1283.0,3.0,1.4142135623730951,91.25,0.0
500.0,2361.0,1270.0,1280.0,3.0,1.9125703849682212,99.0,0.0
500.0,2362.0,1282.0,1264.0,14.0,1.9533708719830511,116.06666666666666,0.0
500.0,2363.0,1285.0,1237.0,9.0,1.6485281374238572,95.9,0.0
500.0,2364.0,1286.0,1251.0,6.0,1.7489486695884693,125.71428571428572,0.0
500.0,2365.0,1287.0,1292.0,3.0,1.3106601717798214,96.5,0.0
500.0,2366.0,1293.0,1279.0,4.0,2.280983669457533,132.4,0.0
500.0,2367.0,1295.0,1281.0,4.0,2.130056307974577,156.4,0.0
500.0,2368.0,1296.0,1304.0,9.0,1.4242640687119286,93.3,0.0
500.0,2369.0,1301.0,1322.0,11.0,1.39344577931153,97.5,0.0
500.0,2370.0,1303.0,1281.0,13.0,2.1939126172942047,151.42857142857142,0.0
500.0,2371.0,1308.0,1315.0,3.0,6.264994621731307,186.75,0.0
500.0,2372.0,1309.0,1290.0,4.0,1.731370849898476,114.8,0.0
500.0,2373.0,1311.0,1375.0,11.0,1.1506231135902163,96.33333333333331,0.0
500.0,2374.0,1312.0,1351.0,7.0,2.54447037086329,142.75,0.0
500.0,2375.0,1313.0,1328.0,2.0,2.6309740756640565,161.0,0.0
500.0,2376.0,1317.0,1264.0,10.0,1.958473069715005,114.1818181818182,0.0
500.0,2377.0,1325.0,1306.0,3.0,1.9125703849682212,120.25,0.0
500.0,2378.0,1327.0,1341.0,3.0,1.5606601717798212,120.5,0.0
500.0,2379.0,1329.0,1293.0,6.0,2.0661201057020215,118.28571428571428,0.0
500.0,2380.0,1337.0,1328.0,3.0,2.119677166154769,149.5,0.0
500.0,2381.0,1338.0,1343.0,5.0,1.9023689270621824,98.0,0.0
500.0,2382.0,1339.0,1343.0,5.0,1.9023689270621824,103.33333333333331,0.0
500.0,2383.0,1340.0,1360.0,3.0,1.5606601717798212,93.75,0.0
500.0,2384.0,1344.0,1309.0,6.0,1.355040196319796,90.71428571428572,0.0
500.0,2385.0,1350.0,1330.0,4.0,1.282842712474619,112.2,0.0
500.0,2386.0,1352.0,1390.0,7.0,2.3101128709055896,161.25,0.0
500.0,2387.0,1354.0,1372.0,5.0,1.9821537044986952,110.5,0.0
500.0,2388.0,1364.0,1365.0,5.0,1.540440114519881,100.33333333333331,0.0
500.0,2389.0,1368.0,1382.0,2.0,2.23606797749979,151.0,0.0
500.0,2390.0,1370.0,1362.0,7.0,1.3098385830773842,105.0,0.0
500.0,2391.0,1374.0,1397.0,4.0,1.612899020449196,106.0,0.0
500.0,2392.0,1376.0,1351.0,5.0,2.578235574922274,163.0,0.0
500.0,2393.0,1377.0,1351.0,7.0,2.3078550924892687,162.25,0.0
500.0,2394.0,1381.0,1297.0,14.0,1.3704232790736033,90.46666666666668,0.0
500.0,2395.0,1384.0,1416.0,8.0,1.2301186457628306,95.33333333333331,0.0
500.0,2396.0,1388.0,1376.0,8.0,2.1363080847127067,168.77777777777777,0.0
500.0,2397.0,1389.0,1377.0,9.0,2.200876701224514,147.0,0.0
500.0,2398.0,1395.0,1366.0,5.0,1.1380711874576983,93.0,0.0
500.0,2399.0,1401.0,1434.0,9.0,1.2071067811865477,99.7,0.0
500.0,2400.0,1402.0,1439.0,10.0,1.5739734999077055,106.72727272727272,0.0
500.0,2401.0,1404.0,1378.0,7.0,1.176776695296637,96.875,0.0
500.0,2402.0,1405.0,1421.0,7.0,1.2071067811865477,110.125,0.0
500.0,2403.0,1408.0,1399.0,3.0,2.23606797749979,136.0,0.0
500.0,2404.0,1409.0,1378.0,7.0,1.5088834764831844,99.625,0.0
500.0,2405.0,1416.0,1438.0,7.0,1.2588834764831844,108.625,0.0
500.0,2406.0,1428.0,1449.0,10.0,2.075511038851985,153.9090909090909,0.0
500.0,2407.0,1429.0,1399.0,9.0,1.5307135789365265,112.2,0.0
500.0,2408.0,1431.0,1500.0,19.0,1.8035533905932737,91.3,0.0
500.0,2409.0,1434.0,1455.0,5.0,1.5118446353109125,113.83333333333331,0.0
500.0,2410.0,1435.0,1449.0,5.0,1.5797847774365126,165.33333333333334,0.0
500.0,2411.0,1437.0,1457.0,8.0,1.60947570824873,114.77777777777776,0.0
500.0,2412.0,1445.0,1504.0,17.0,1.4388608298117591,91.33333333333331,0.0
500.0,2413.0,1448.0,1421.0,8.0,1.883427179957628,128.44444444444446,0.0
500.0,2414.0,1451.0,1444.0,4.0,1.412899020449196,117.2,0.0
500.0,2415.0,1452.0,1409.0,12.0,1.2494338990091758,92.3076923076923,0.0
500.0,2416.0,1458.0,1473.0,3.0,2.38415776431139,161.75,0.0
500.0,2417.0,1462.0,1467.0,4.0,1.331370849898476,149.4,0.0
500.0,2418.0,1464.0,1465.0,7.0,1.8830618877807477,114.875,0.0
500.0,2419.0,1474.0,1469.0,2.0,2.23606797749979,122.0,0.0
500.0,2420.0,1477.0,1469.0,12.0,1.8511150078650755,113.53846153846152,0.0
500.0,2421.0,1479.0,1486.0,2.0,1.60947570824873,103.33333333333331,0.0
500.0,2422.0,1481.0,1498.0,9.0,2.5698908717413937,161.2,0.0
500.0,2423.0,1483.0,1491.0,3.0,1.5606601717798214,134.25,0.0
500.0,2424.0,1484.0,1491.0,9.0,1.589949493661167,126.4,0.0
500.0,2425.0,1485.0,1494.0,3.0,2.23606797749979,120.5,0.0
500.0,2426.0,1488.0,1506.0,11.0,1.6094757082487303,97.83333333333331,0.0
500.0,2427.0,1489.0,1497.0,5.0,1.5404401145198807,94.16666666666669,0.0
500.0,2428.0,1503.0,1502.0,4.0,2.625798040898392,207.8,0.0
500.0,2429.0,1504.0,1514.0,5.0,1.60947570824873,111.16666666666669,0.0
500.0,2430.0,1512.0,1519.0,2.0,,147.33333333333334,0.0
500.0,2431.0,1515.0,1543.0,19.0,1.5278174593052023,90.35,0.0
500.0,2432.0,1522.0,1543.0,13.0,1.3968820847217178,89.42857142857143,0.0
500.0,2433.0,1525.0,1541.0,7.0,1.4053300858899107,122.25,0.0
500.0,2434.0,1533.0,1534.0,3.0,1.5500938466242948,178.0,0.0
500.0,2435.0,1535.0,1494.0,17.0,1.5837329892068166,105.94444444444444,0.0
500.0,2436.0,1538.0,1520.0,6.0,1.867295401695068,129.71428571428572,0.0
500.0,2437.0,1545.0,1548.0,3.0,1.766123775561495,105.25,0.0
500.0,2438.0,1546.0,1542.0,9.0,1.4071067811865476,101.5,0.0
500.0,2439.0,1549.0,1548.0,4.0,2.047213595499958,111.2,0.0
500.0,2440.0,1557.0,1574.0,4.0,2.118033988749895,188.6,0.0
500.0,2441.0,1559.0,1578.0,12.0,2.109460044201403,181.15384615384616,0.0
500.0,2442.0,1560.0,1544.0,7.0,1.9857936896715844,122.75,0.0
500.0,2443.0,1562.0,1554.0,3.0,2.0590169943749475,102.75,0.0
500.0,2444.0,1564.0,1558.0,3.0,1.1035533905932735,99.0,0.0
500.0,2445.0,1567.0,1581.0,3.0,2.266123775561495,138.75,0.0
500.0,2446.0,1571.0,1602.0,7.0,1.5383919736706582,88.25,0.0
500.0,2447.0,1578.0,1576.0,2.0,2.79944854588939,193.33333333333337,0.0
500.0,2448.0,1579.0,1595.0,11.0,1.5458147063737129,118.33333333333331,0.0
500.0,2449.0,1584.0,1610.0,6.0,1.807183077124698,110.28571428571428,0.0
500.0,2450.0,1585.0,1594.0,4.0,1.6485281374238567,112.4,0.0
500.0,2451.0,1588.0,1602.0,4.0,1.495741732923815,90.0,0.0
500.0,2452.0,1589.0,1606.0,3.0,1.5606601717798214,100.5,0.0
500.0,2453.0,1595.0,1635.0,10.0,1.5792391719646588,121.63636363636364,0.0
500.0,2454.0,1597.0,1619.0,6.0,1.2949278717494257,103.71428571428572,0.0
500.0,2455.0,1599.0,1629.0,7.0,1.2588834764831844,92.125,0.0
500.0,2456.0,1600.0,1635.0,13.0,1.159719141249985,95.85714285714286,0.0
500.0,2457.0,1603.0,1659.0,13.0,1.5989125936321602,96.85714285714286,0.0
500.0,2458.0,1609.0,1631.0,6.0,2.320690712820704,146.57142857142858,0.0
500.0,2459.0,1616.0,1663.0,10.0,1.4077528522035063,90.1818181818182,0.0
500.0,2460.0,1617.0,1581.0,9.0,2.41377572167371,158.0,0.0
500.0,2461.0,1620.0,1667.0,10.0,1.306449510224598,111.8181818181818,0.0
500.0,2462.0,1622.0,1641.0,4.0,2.0957417329238153,130.6,0.0
500.0,2463.0,1626.0,1617.0,13.0,2.14348335801751,161.64285714285714,0.0
500.0,2464.0,1628.0,1640.0,4.0,1.5313708498984762,106.8,0.0
500.0,2465.0,1630.0,1614.0,3.0,2.23606797749979,137.5,0.0
500.0,2466.0,1636.0,1633.0,3.0,2.0,102.5,0.0
500.0,2467.0,1638.0,1664.0,16.0,2.0210873807277796,149.1764705882353,0.0
500.0,2468.0,1642.0,1631.0,10.0,2.1396937324768692,157.45454545454547,0.0
500.0,2469.0,1643.0,1660.0,3.0,2.516123775561495,158.75,0.0
500.0,2470.0,1649.0,1618.0,7.0,1.7366152783740212,109.625,0.0
500.0,2471.0,1657.0,1618.0,8.0,1.6809989116102175,107.33333333333331,0.0
500.0,2472.0,1658.0,1681.0,6.0,1.6652648927846256,101.57142857142856,0.0
500.0,2473.0,1667.0,1670.0,6.0,1.9417135899788145,177.28571428571428,0.0
500.0,2474.0,1670.0,1664.0,2.0,1.8834271799576283,164.0,0.0
500.0,2475.0,1671.0,1660.0,10.0,2.273524273840467,155.36363636363637,0.0
500.0,2476.0,1675.0,1690.0,4.0,1.4142135623730951,94.8,0.0
500.0,2477.0,1678.0,1641.0,9.0,1.9650281539872885,116.3,0.0
500.0,2478.0,1679.0,1673.0,5.0,1.3737734478532142,98.0,0.0
500.0,2479.0,1680.0,1699.0,6.0,1.6060915267313265,110.0,0.0
500.0,2480.0,1685.0,1648.0,13.0,1.6153051127664668,118.42857142857144,0.0
500.0,2481.0,1695.0,1704.0,5.0,1.67741585037433,112.16666666666669,0.0
500.0,2482.0,1701.0,1693.0,3.0,2.0306043737181163,154.25,0.0
500.0,2483.0,1702.0,1765.0,11.0,1.304737854124365,93.5,0.0
500.0,2484.0,1703.0,1704.0,17.0,1.6972098042491417,95.94444444444444,0.0
500.0,2485.0,1705.0,1717.0,11.0,2.0786893258332633,130.91666666666666,0.0
500.0,2486.0,1709.0,1690.0,6.0,1.4142135623730954,87.71428571428571,0.0
500.0,2487.0,1711.0,1697.0,13.0,1.9331782215889988,114.42857142857144,0.0
500.0,2488.0,1713.0,1698.0,11.0,2.0590169943749475,123.41666666666669,0.0
500.0,2489.0,1714.0,1677.0,11.0,2.6534242541769575,199.75,0.0
500.0,2490.0,1716.0,1756.0,9.0,1.548528137423857,127.5,0.0
500.0,2491.0,1720.0,1696.0,4.0,,117.4,0.0
500.0,2492.0,1723.0,1731.0,12.0,1.670873027056797,104.0,0.0
500.0,2493.0,1727.0,1776.0,21.0,1.5629443777659198,94.1818181818182,0.0
500.0,2494.0,1729.0,1698.0,7.0,2.044810684046532,120.0,0.0
500.0,2495.0,1735.0,1748.0,4.0,1.9300563079745772,122.2,0.0
500.0,2496.0,1737.0,1758.0,7.0,1.3838834764831844,89.0,0.0
500.0,2497.0,1739.0,1697.0,10.0,1.8084474751811064,117.36363636363636,0.0
500.0,2498.0,1743.0,1721.0,4.0,2.094427190999916,118.0,0.0
500.0,2499.0,1751.0,1769.0,3.0,2.23606797749979,132.0,0.0
500.0,2500.0,1757.0,1699.0,12.0,2.1771351832593395,143.69230769230768,0.0
500.0,2501.0,1760.0,1776.0,5.0,1.540440114519881,111.0,0.0
500.0,2502.0,1770.0,1764.0,7.0,1.8830618877807477,99.25,0.0
500.0,2503.0,1775.0,1782.0,5.0,2.0786893258332633,138.33333333333334,0.0
500.0,2504.0,1778.0,1816.0,9.0,1.2064495102245982,90.6,0.0
500.0,2505.0,1784.0,1791.0,4.0,1.082842712474619,89.2,0.0
500.0,2506.0,1786.0,1758.0,5.0,1.4428090415820634,96.33333333333331,0.0
500.0,2507.0,1793.0,1797.0,3.0,1.7071067811865477,90.0,0.0
500.0,2508.0,1798.0,1812.0,5.0,2.560843030331958,166.16666666666666,0.0
500.0,2509.0,1799.0,1767.0,9.0,2.248090296724472,142.9,0.0
500.0,2510.0,1801.0,1810.0,5.0,1.2761423749153966,101.16666666666669,0.0
500.0,2511.0,1804.0,1817.0,5.0,1.60947570824873,96.33333333333331,0.0
500.0,2512.0,1809.0,1830.0,6.0,2.9251408798790206,205.8571428571429,0.0
500.0,2513.0,1811.0,1808.0,6.0,2.0,148.42857142857142,0.0
500.0,2514.0,1812.0,1818.0,2.0,3.0,178.0,0.0
500.0,2515.0,1822.0,1808.0,5.0,1.981058252895446,152.5,0.0
500.0,2516.0,1826.0,1829.0,8.0,2.0786893258332633,126.88888888888889,0.0
500.0,2517.0,1829.0,1847.0,4.0,2.388854381999832,156.6,0.0
500.0,2518.0,1831.0,1817.0,8.0,1.387253486026508,94.88888888888889,0.0
500.0,2519.0,1832.0,1792.0,11.0,1.393993505113155,90.0,0.0
500.0,2520.0,1836.0,1871.0,6.0,1.5815811159807822,96.42857142857144,0.0
500.0,2521.0,1841.0,1842.0,4.0,1.082842712474619,90.0,0.0
500.0,2522.0,1844.0,1816.0,10.0,1.7551941626695695,92.0,0.0
500.0,2523.0,1848.0,1837.0,8.0,1.608745407179897,110.55555555555556,0.0
500.0,2524.0,1853.0,1864.0,3.0,1.7071067811865477,111.0,0.0
500.0,2525.0,1856.0,1879.0,6.0,1.9837642167675251,104.57142857142856,0.0
500.0,2526.0,1858.0,1852.0,3.0,2.914213562373095,224.75,0.0
500.0,2527.0,1862.0,1856.0,10.0,1.8240450092950893,105.36363636363636,0.0
500.0,2528.0,1868.0,1877.0,4.0,2.094427190999916,136.2,0.0
500.0,2529.0,1872.0,1847.0,4.0,2.931370849898476,191.0,0.0
500.0,2530.0,1875.0,1849.0,5.0,1.7071067811865477,110.0,0.0
500.0,2531.0,1876.0,1851.0,6.0,2.320690712820704,178.0,0.0
500.0,2532.0,1878.0,1831.0,17.0,1.60947570824873,91.61111111111111,0.0
500.0,2533.0,1881.0,1882.0,5.0,2.0786893258332633,133.16666666666666,0.0
500.0,2534.0,1883.0,1874.0,4.0,1.482842712474619,111.2,0.0
500.0,2535.0,1885.0,1891.0,12.0,1.832955932672784,96.92307692307692,0.0
500.0,2536.0,1893.0,1875.0,10.0,1.8402400624653896,110.72727272727272,0.0
500.0,2537.0,1895.0,1901.0,6.0,2.134895987142737,154.42857142857142,0.0
500.0,2538.0,1902.0,1895.0,6.0,2.134895987142737,151.28571428571428,0.0
500.0,2539.0,1906.0,1915.0,12.0,1.946197159980444,120.07692307692308,0.0
500.0,2540.0,1910.0,1863.0,11.0,2.384522631560878,160.33333333333334,0.0
500.0,2541.0,1912.0,1909.0,7.0,2.0303300858899105,139.75,0.0
500.0,2542.0,1915.0,1947.0,10.0,1.7766548878968231,123.9090909090909,0.0
500.0,2543.0,1916.0,1900.0,8.0,2.1049191011110175,164.44444444444446,0.0
500.0,2544.0,1919.0,1933.0,2.0,1.60947570824873,93.33333333333331,0.0
500.0,2545.0,1921.0,1807.0,31.0,,115.71875,0.0
500.0,2546.0,1923.0,1900.0,6.0,1.3786116485532691,125.57142857142856,0.0
500.0,2547.0,1929.0,1892.0,9.0,1.548528137423857,114.1,0.0
500.0,2548.0,1930.0,1922.0,5.0,1.1380711874576983,96.0,0.0
500.0,2549.0,1931.0,1965.0,9.0,2.0830621427371834,123.6,0.0
500.0,2550.0,1942.0,1994.0,20.0,1.7714313341122587,107.57142857142856,0.0
500.0,2551.0,1944.0,1963.0,4.0,1.8828427124746192,99.4,0.0
500.0,2552.0,1948.0,1926.0,12.0,1.4906310462485188,104.0,0.0
500.0,2553.0,1952.0,1894.0,14.0,1.808417846601735,123.86666666666666,0.0
500.0,2554.0,1953.0,1941.0,14.0,2.0629514606666106,143.26666666666668,0.0
500.0,2555.0,1960.0,1943.0,4.0,1.7772699034745352,197.2,0.0
500.0,2556.0,1965.0,1989.0,4.0,2.141640786499874,133.8,0.0
500.0,2557.0,1966.0,1985.0,6.0,1.9500402199818407,133.14285714285714,0.0
500.0,2558.0,1967.0,1986.0,7.0,1.9562851924841107,103.25,0.0
500.0,2559.0,1972.0,1997.0,10.0,2.231200342442278,155.9090909090909,0.0
500.0,2560.0,1973.0,1984.0,9.0,2.070820393249937,122.3,0.0
500.0,2561.0,1981.0,1971.0,2.0,2.0,206.0,0.0
500.0,2562.0,1986.0,2009.0,4.0,1.5313708498984762,98.6,0.0
500.0,2563.0,1991.0,1971.0,3.0,,210.0,0.0
500.0,2564.0,1999.0,2012.0,3.0,1.9125703849682212,124.5,0.0
500.0,2565.0,2000.0,1999.0,5.0,2.0786893258332633,119.16666666666669,0.0
500.0,2566.0,2003.0,1968.0,9.0,2.141640786499874,170.9,0.0
500.0,2567.0,2007.0,2008.0,7.0,1.6553300858899107,111.75,0.0
500.0,2568.0,2010.0,2027.0,3.0,2.790569415042095,167.5,0.0
500.0,2569.0,2011.0,2094.0,13.0,1.4796269030084903,152.07142857142858,0.0
500.0,2570.0,2015.0,1947.0,13.0,1.682126891177468,101.57142857142856,0.0
500.0,2571.0,2019.0,2044.0,3.0,1.7071067811865477,107.75,0.0
500.0,2572.0,2021.0,1991.0,5.0,1.0,160.5,0.0
500.0,2573.0,2023.0,2036.0,3.0,,209.25,0.0
500.0,2574.0,2025.0,2016.0,4.0,1.812899020449196,153.8,0.0
500.0,2575.0,2029.0,2045.0,3.0,1.25,129.25,0.0
500.0,2576.0,2031.0,2079.0,8.0,2.105649402179851,127.11111111111111,0.0
500.0,2577.0,2032.0,2009.0,4.0,1.248528137423857,90.2,0.0
500.0,2578.0,2034.0,2045.0,2.0,2.0786893258332633,146.33333333333334,0.0
500.0,2579.0,2035.0,2069.0,5.0,1.844082517040997,111.66666666666669,0.0
500.0,2580.0,2037.0,2051.0,2.0,1.9621165057908916,101.0,0.0
500.0,2581.0,2041.0,2080.0,9.0,1.589949493661167,106.9,0.0
500.0,2582.0,2042.0,1994.0,7.0,1.5383919736706582,94.25,0.0
500.0,2583.0,2049.0,2102.0,18.0,2.136670934341983,176.21052631578948,0.0
500.0,2584.0,2054.0,2040.0,5.0,1.5797847774365124,119.83333333333331,0.0
500.0,2585.0,2059.0,2029.0,7.0,1.3321067811865477,106.75,0.0
500.0,2586.0,2067.0,2047.0,3.0,1.7071067811865477,104.25,0.0
500.0,2587.0,2068.0,2080.0,3.0,1.5606601717798214,108.0,0.0
500.0,2588.0,2071.0,2070.0,4.0,1.495741732923815,102.8,0.0
500.0,2589.0,2076.0,2111.0,6.0,2.0674479935713683,129.57142857142858,0.0
500.0,2590.0,2085.0,2015.0,17.0,1.4253807916384655,87.72222222222223,0.0
500.0,2591.0,2089.0,2127.0,7.0,,174.125,0.0
500.0,2592.0,2090.0,2129.0,6.0,1.6407544820340814,109.14285714285714,0.0
500.0,2593.0,2091.0,2038.0,14.0,1.4761423749153972,114.6,0.0
500.0,2594.0,2092.0,2067.0,6.0,1.37955060707034,92.0,0.0
500.0,2595.0,2096.0,2016.0,12.0,2.045734880759388,138.23076923076923,0.0
500.0,2596.0,2097.0,2038.0,9.0,2.47301163639835,183.6,0.0
500.0,2597.0,2099.0,2113.0,3.0,1.5606601717798212,128.25,0.0
500.0,2598.0,2101.0,2068.0,12.0,1.6395160383834433,96.3076923076923,0.0
500.0,2599.0,2107.0,2123.0,5.0,2.196723314583158,142.16666666666666,0.0
500.0,2600.0,2109.0,2103.0,2.0,1.4142135623730951,88.66666666666667,0.0
500.0,2601.0,2110.0,2093.0,10.0,,105.63636363636364,0.0
500.0,2602.0,2117.0,2058.0,10.0,1.262992929726561,103.45454545454544,0.0
500.0,2603.0,2126.0,2152.0,4.0,1.6957417329238151,102.6,0.0
500.0,2604.0,2133.0,2103.0,5.0,1.2071067811865477,87.66666666666667,0.0
500.0,2605.0,2134.0,2121.0,2.0,1.4714045207910316,90.0,0.0
500.0,2606.0,2136.0,2102.0,6.0,1.2949278717494257,120.28571428571428,0.0
500.0,2607.0,2137.0,2127.0,3.0,1.4714045207910316,177.0,0.0
500.0,2608.0,2139.0,2167.0,5.0,1.6488203711653615,104.83333333333331,0.0
500.0,2609.0,2141.0,2177.0,6.0,1.6652648927846256,99.42857142857144,0.0
500.0,2610.0,2145.0,2157.0,3.0,1.2071067811865477,91.25,0.0
500.0,2611.0,2150.0,2175.0,5.0,2.1573786516665265,148.16666666666666,0.0
500.0,2612.0,2156.0,2123.0,6.0,2.0512122103388934,140.14285714285714,0.0
500.0,2613.0,2160.0,2168.0,4.0,1.9300563079745772,128.4,0.0
500.0,2614.0,2161.0,2108.0,8.0,1.6357054835264846,121.11111111111111,0.0
500.0,2615.0,2164.0,2149.0,3.0,1.766123775561495,90.0,0.0
500.0,2616.0,2166.0,2205.0,7.0,1.2357545056961263,134.125,0.0
500.0,2617.0,2181.0,2182.0,7.0,,152.0,0.0
500.0,2618.0,2184.0,2237.0,10.0,2.669550743817432,164.27272727272728,0.0
500.0,2619.0,2186.0,2218.0,7.0,1.4356601717798214,89.5,0.0
500.0,2620.0,2187.0,2145.0,8.0,1.433277215179074,90.22222222222224,0.0
500.0,2621.0,2193.0,2202.0,4.0,,173.2,0.0
500.0,2622.0,2194.0,2181.0,12.0,,143.92307692307693,0.0
500.0,2623.0,2197.0,2207.0,2.0,2.86851709182133,159.0,0.0
500.0,2624.0,2201.0,2247.0,9.0,1.5313708498984764,90.7,0.0
500.0,2625.0,2204.0,2205.0,3.0,2.3251407699364424,137.5,0.0
500.0,2626.0,2208.0,2179.0,5.0,2.295449839124225,161.33333333333334,0.0
500.0,2627.0,2209.0,2216.0,5.0,1.7071067811865477,105.83333333333331,0.0
500.0,2628.0,2214.0,2207.0,2.0,1.60947570824873,133.0,0.0
500.0,2629.0,2215.0,2207.0,2.0,1.60947570824873,135.0,0.0
500.0,2630.0,2217.0,2273.0,19.0,2.182159031370655,160.55,0.0
500.0,2631.0,2226.0,2225.0,9.0,,162.8,0.0
500.0,2632.0,2231.0,2216.0,3.0,1.5606601717798212,108.75,0.0
500.0,2633.0,2234.0,2260.0,9.0,1.5899494936611664,111.6,0.0
500.0,2634.0,2238.0,2128.0,20.0,1.8945640216183015,103.42857142857144,0.0
500.0,2635.0,2239.0,2195.0,14.0,2.1259029213332212,141.26666666666668,0.0
500.0,2636.0,2245.0,2180.0,12.0,1.2549006537680587,113.3846153846154,0.0
500.0,2637.0,2249.0,2220.0,4.0,1.765685424949238,148.8,0.0
500.0,2638.0,2256.0,2274.0,4.0,1.832455532033676,93.0,0.0
500.0,2639.0,2261.0,2314.0,9.0,1.1242640687119283,105.5,0.0
500.0,2640.0,2265.0,2266.0,5.0,1.6380711874576983,87.33333333333333,0.0
500.0,2641.0,2267.0,2225.0,6.0,1.4023689270621826,143.71428571428572,0.0
500.0,2642.0,2269.0,2321.0,9.0,1.572134935173836,94.0,0.0
500.0,2643.0,2270.0,2244.0,4.0,1.9300563079745772,116.6,0.0
500.0,2644.0,2271.0,2257.0,6.0,2.3378654545702497,201.28571428571428,0.0
500.0,2645.0,2272.0,2262.0,8.0,1.720586819359841,128.88888888888889,0.0
500.0,2646.0,2275.0,2288.0,12.0,1.1274503268840292,96.84615384615384,0.0
500.0,2647.0,2281.0,2232.0,8.0,1.6547691363324633,108.66666666666669,0.0
500.0,2648.0,2282.0,2246.0,6.0,1.832632446392313,128.42857142857142,0.0
500.0,2649.0,2283.0,2247.0,6.0,1.7489486695884693,91.42857142857144,0.0
500.0,2650.0,2286.0,2306.0,9.0,1.8478708664619077,103.4,0.0
500.0,2651.0,2287.0,2274.0,2.0,4.095127761928681,95.0,0.0
500.0,2652.0,2303.0,2318.0,3.0,3.704163456597992,115.25,0.0
500.0,2653.0,2306.0,2292.0,5.0,1.67741585037433,121.33333333333331,0.0
500.0,2654.0,2307.0,2278.0,4.0,1.6485281374238567,103.4,0.0
500.0,2655.0,2311.0,2297.0,6.0,1.2949278717494257,119.14285714285714,0.0
500.0,2656.0,2313.0,2318.0,4.0,3.04036146716851,116.2,0.0
500.0,2657.0,2319.0,2309.0,2.0,2.0786893258332633,152.33333333333334,0.0
500.0,2658.0,2320.0,2282.0,7.0,1.6338834764831844,96.125,0.0
500.0,2659.0,2321.0,2342.0,7.0,1.5383919736706582,91.25,0.0
500.0,2660.0,2329.0,2281.0,9.0,1.589949493661167,98.0,0.0
500.0,2661.0,2331.0,2316.0,5.0,1.6785113019775793,114.33333333333331,0.0
500.0,2662.0,2333.0,2367.0,7.0,2.251095876530642,171.25,0.0
500.0,2663.0,2335.0,2305.0,6.0,1.4142135623730954,88.0,0.0
500.0,2664.0,2339.0,2382.0,9.0,1.5549776476484554,109.4,0.0
500.0,2665.0,2345.0,2368.0,3.0,1.4571067811865477,96.0,0.0
500.0,2666.0,2346.0,2280.0,13.0,1.366825922436533,108.07142857142856,0.0
500.0,2667.0,2347.0,2334.0,2.0,1.804737854124365,106.33333333333331,0.0
500.0,2668.0,2359.0,2358.0,7.0,1.2803300858899105,93.125,0.0
500.0,2669.0,2360.0,2386.0,4.0,1.765685424949238,99.4,0.0
500.0,2670.0,2361.0,2348.0,2.0,2.433521026581923,160.0,0.0
500.0,2671.0,2365.0,2324.0,7.0,1.3321067811865477,103.875,0.0
500.0,2672.0,2366.0,2389.0,6.0,1.521468791410412,135.85714285714286,0.0
500.0,2673.0,2372.0,2331.0,6.0,1.522407749927483,105.57142857142856,0.0
500.0,2674.0,2378.0,2446.0,11.0,2.4262763818677233,180.58333333333337,0.0
500.0,2675.0,2383.0,2367.0,3.0,2.0606601717798214,170.25,0.0
500.0,2676.0,2387.0,2363.0,4.0,2.047213595499958,117.4,0.0
500.0,2677.0,2393.0,2426.0,5.0,1.6094757082487303,98.66666666666669,0.0
500.0,2678.0,2394.0,2399.0,7.0,1.8535533905932735,97.0,0.0
500.0,2679.0,2396.0,2358.0,6.0,1.236693464213197,88.71428571428571,0.0
500.0,2680.0,2397.0,2431.0,5.0,1.0690355937288492,87.33333333333333,0.0
500.0,2681.0,2402.0,2438.0,12.0,1.2230380720470515,88.3076923076923,0.0
500.0,2682.0,2403.0,2422.0,3.0,1.3106601717798212,113.75,0.0
500.0,2683.0,2405.0,2356.0,7.0,1.4348385830773842,95.125,0.0
500.0,2684.0,2407.0,2422.0,5.0,1.304737854124365,109.16666666666669,0.0
500.0,2685.0,2414.0,2389.0,4.0,2.23606797749979,184.4,0.0
500.0,2686.0,2417.0,2456.0,6.0,1.69898888957031,107.57142857142856,0.0
500.0,2687.0,2420.0,2372.0,8.0,1.8698252360829104,109.77777777777776,0.0
500.0,2688.0,2421.0,2448.0,8.0,1.8047378541243648,105.11111111111111,0.0
500.0,2689.0,2439.0,2429.0,2.0,2.0786893258332633,194.0,0.0
500.0,2690.0,2453.0,2470.0,3.0,3.252617405687914,149.5,0.0
500.0,2691.0,2455.0,2436.0,2.0,1.60947570824873,99.33333333333331,0.0
500.0,2692.0,2457.0,2445.0,3.0,1.2071067811865477,91.25,0.0
500.0,2693.0,2462.0,2443.0,2.0,2.23606797749979,164.33333333333334,0.0
500.0,2694.0,2464.0,2454.0,2.0,1.60947570824873,108.0,0.0
500.0,2695.0,2468.0,2529.0,10.0,1.2415322044993071,95.8181818181818,0.0
500.0,2696.0,2472.0,2456.0,5.0,1.844082517040997,117.16666666666669,0.0
500.0,2697.0,2478.0,2497.0,7.0,1.8098385830773844,108.75,0.0
500.0,2698.0,2480.0,2374.0,17.0,1.8602934096799204,104.11111111111111,0.0
500.0,2699.0,2486.0,2501.0,7.0,1.6116152783740212,105.625,0.0
500.0,2700.0,2490.0,2537.0,7.0,1.4356601717798214,86.625,0.0
500.0,2701.0,2493.0,2512.0,2.0,2.2167605132909616,139.33333333333334,0.0
500.0,2702.0,2494.0,2512.0,6.0,2.362375865320794,157.71428571428572,0.0
500.0,2703.0,2496.0,2538.0,6.0,1.2949278717494257,100.85714285714286,0.0
500.0,2704.0,2497.0,2524.0,3.0,2.0,107.75,0.0
500.0,2705.0,2499.0,2510.0,16.0,3.1099299767758413,145.11764705882354,0.0
500.0,2706.0,2505.0,2467.0,6.0,2.1686199839284215,174.42857142857142,0.0
500.0,2707.0,2508.0,2507.0,4.0,2.094427190999916,189.8,0.0
500.0,2708.0,2509.0,2498.0,5.0,11.67489388609638,113.33333333333331,0.0
500.0,2709.0,2514.0,2541.0,5.0,1.5118446353109125,99.0,0.0
500.0,2710.0,2516.0,2525.0,2.0,3.6666666666666665,107.66666666666669,0.0
500.0,2711.0,2521.0,2464.0,8.0,1.2952060277213755,91.55555555555556,0.0
500.0,2712.0,2522.0,2526.0,4.0,1.248528137423857,106.0,0.0
500.0,2713.0,2529.0,2556.0,8.0,1.3142696805273544,109.88888888888889,0.0
500.0,2714.0,2533.0,2528.0,3.0,1.1035533905932735,95.0,0.0
500.0,2715.0,2536.0,2489.0,7.0,2.088525491562421,123.875,0.0
500.0,2716.0,2544.0,2573.0,5.0,1.6380711874576983,135.0,0.0
500.0,2717.0,2547.0,2503.0,7.0,1.5606601717798214,89.625,0.0
500.0,2718.0,2548.0,2587.0,7.0,2.5177727915886936,129.0,0.0
500.0,2719.0,2552.0,2607.0,9.0,1.3242640687119285,111.8,0.0
500.0,2720.0,2554.0,2473.0,13.0,1.665264892784626,101.35714285714286,0.0
500.0,2721.0,2555.0,2507.0,8.0,1.3404994558051089,152.22222222222223,0.0
500.0,2722.0,2556.0,2538.0,4.0,2.094427190999916,136.4,0.0
500.0,2723.0,2557.0,2550.0,3.0,1.2071067811865477,108.25,0.0
500.0,2724.0,2563.0,2605.0,7.0,4.376654758113292,187.0,0.0
500.0,2725.0,2566.0,2512.0,9.0,2.3244834989744927,153.9,0.0
500.0,2726.0,2567.0,2506.0,10.0,1.717538384272015,104.0,0.0
500.0,2727.0,2573.0,2592.0,3.0,1.7071067811865477,111.5,0.0
500.0,2728.0,2574.0,2606.0,4.0,1.4142135623730951,103.8,0.0
500.0,2729.0,2577.0,2556.0,4.0,1.931370849898476,154.8,0.0
500.0,2730.0,2578.0,2603.0,5.0,1.7464514441031789,115.5,0.0
500.0,2731.0,2579.0,2594.0,6.0,8.784039379330956,113.71428571428572,0.0
500.0,2732.0,2581.0,2546.0,11.0,1.0690355937288494,85.83333333333333,0.0
500.0,2733.0,2587.0,2614.0,4.0,4.064779696339778,139.0,0.0
500.0,2734.0,2590.0,2628.0,6.0,1.6060915267313265,121.28571428571428,0.0
500.0,2735.0,2596.0,2635.0,7.0,1.1035533905932735,88.375,0.0
500.0,2736.0,2600.0,2668.0,11.0,1.5606601717798216,90.0,0.0
500.0,2737.0,2601.0,2624.0,8.0,1.9611423933192096,120.55555555555556,0.0
500.0,2738.0,2602.0,2620.0,5.0,1.373773447853214,108.83333333333331,0.0
500.0,2739.0,2604.0,2588.0,2.0,11.103567404291894,110.66666666666669,0.0
500.0,2740.0,2610.0,2649.0,7.0,2.9045084971874737,162.75,0.0
500.0,2741.0,2613.0,2625.0,3.0,3.0,178.75,0.0
500.0,2742.0,2614.0,2603.0,2.0,3.6666666666666665,132.33333333333334,0.0
500.0,2743.0,2616.0,2592.0,7.0,1.1553300858899105,95.375,0.0
500.0,2744.0,2621.0,2686.0,8.0,4.089593792393913,164.55555555555554,0.0
500.0,2745.0,2623.0,2661.0,6.0,2.574558918783447,165.14285714285714,0.0
500.0,2746.0,2629.0,2606.0,4.0,1.6485281374238572,105.8,0.0
500.0,2747.0,2633.0,2645.0,5.0,1.4821537044986952,107.66666666666669,0.0
500.0,2748.0,2634.0,2603.0,5.0,2.1477249195621124,120.5,0.0
500.0,2749.0,2637.0,2608.0,5.0,1.4428090415820634,106.5,0.0
500.0,2750.0,2642.0,2664.0,3.0,1.5606601717798214,103.5,0.0
500.0,2751.0,2647.0,2658.0,2.0,3.3874258867227933,133.33333333333334,0.0
500.0,2752.0,2650.0,2649.0,15.0,1.4674192915386923,121.625,0.0
500.0,2753.0,2652.0,2699.0,5.0,1.2750469233121475,111.0,0.0
500.0,2754.0,2654.0,2681.0,3.0,1.5606601717798214,100.0,0.0
500.0,2755.0,2661.0,2688.0,5.0,2.256105176207593,175.5,0.0
500.0,2756.0,2665.0,2737.0,8.0,1.47930094433164,104.55555555555556,0.0
500.0,2757.0,2668.0,2677.0,4.0,1.565685424949238,92.0,0.0
500.0,2758.0,2674.0,2693.0,14.0,4.8715210256175405,152.26666666666668,0.0
500.0,2759.0,2680.0,2625.0,7.0,1.5821067811865477,125.875,0.0
500.0,2760.0,2683.0,2682.0,3.0,2.118033988749895,132.0,0.0
500.0,2761.0,2685.0,2686.0,6.0,3.130383866404179,148.42857142857142,0.0
500.0,2762.0,2691.0,2656.0,5.0,1.7464514441031789,112.33333333333331,0.0
500.0,2763.0,2695.0,2628.0,9.0,2.3008767012245137,158.8,0.0
500.0,2764.0,2696.0,2727.0,4.0,1.165685424949238,91.0,0.0
500.0,2765.0,2700.0,2732.0,5.0,2.0204029158120775,115.16666666666669,0.0
500.0,2766.0,2705.0,2712.0,8.0,1.784943900249553,99.0,0.0
500.0,2767.0,2707.0,2682.0,3.0,1.766123775561495,114.5,0.0
500.0,2768.0,2710.0,2709.0,5.0,2.1559441376098207,135.66666666666666,0.0
500.0,2769.0,2717.0,2701.0,2.0,1.60947570824873,116.66666666666669,0.0
500.0,2770.0,2723.0,2779.0,8.0,1.2491822985688092,87.0,0.0
500.0,2771.0,2728.0,2727.0,6.0,1.8326324463923132,102.57142857142856,0.0
500.0,2772.0,2736.0,2717.0,2.0,1.4142135623730951,114.33333333333331,0.0
500.0,2773.0,2737.0,2756.0,6.0,1.6652648927846256,105.57142857142856,0.0
500.0,2774.0,2741.0,2678.0,9.0,2.448090296724472,182.0,0.0
500.0,2775.0,2746.0,2707.0,5.0,1.345177968644246,105.0,0.0
500.0,2776.0,2749.0,2760.0,3.0,1.9125703849682212,101.0,0.0
500.0,2777.0,2750.0,2770.0,4.0,1.5313708498984762,86.6,0.0
500.0,2778.0,2752.0,2767.0,6.0,1.1183467321065983,98.85714285714286,0.0
500.0,2779.0,2754.0,2775.0,3.0,1.25,101.0,0.0
500.0,2780.0,2759.0,2736.0,4.0,1.6485281374238572,108.8,0.0
500.0,2781.0,2762.0,2793.0,9.0,1.812899020449196,100.8,0.0
500.0,2782.0,2765.0,2720.0,6.0,2.4053134481416185,153.0,0.0
500.0,2783.0,2768.0,2709.0,8.0,3.4902650916150955,161.44444444444446,0.0
500.0,2784.0,2773.0,2797.0,10.0,1.2038764261017532,86.18181818181819,0.0
500.0,2785.0,2777.0,2814.0,6.0,1.261203874963741,90.57142857142856,0.0
500.0,2786.0,2778.0,2731.0,8.0,1.5706181015679397,105.0,0.0
500.0,2787.0,2779.0,2807.0,4.0,1.6485281374238572,92.0,0.0
500.0,2788.0,2783.0,2756.0,5.0,1.5107491837076632,95.66666666666669,0.0
500.0,2789.0,2784.0,2781.0,9.0,1.9064495102245984,109.4,0.0
500.0,2790.0,2785.0,2825.0,6.0,1.4978973391769388,97.57142857142856,0.0
500.0,2791.0,2798.0,2829.0,5.0,2.141640786499874,139.83333333333334,0.0
500.0,2792.0,2802.0,2814.0,5.0,1.7071067811865477,95.33333333333331,0.0
500.0,2793.0,2804.0,2712.0,14.0,1.898580577641272,117.0,0.0
500.0,2794.0,2805.0,2815.0,2.0,2.630974075664057,142.33333333333334,0.0
500.0,2795.0,2806.0,2770.0,5.0,2.0393446629166316,103.0,0.0
500.0,2796.0,2808.0,2828.0,5.0,1.345177968644246,90.83333333333331,0.0
500.0,2797.0,2810.0,2791.0,2.0,1.60947570824873,148.33333333333334,0.0
500.0,2798.0,2811.0,2833.0,4.0,1.248528137423857,88.4,0.0
500.0,2799.0,2812.0,2807.0,4.0,2.047213595499958,107.4,0.0
500.0,2800.0,2817.0,2858.0,7.0,1.7143470802648582,103.875,0.0
500.0,2801.0,2819.0,2810.0,6.0,1.4387239731236394,107.85714285714286,0.0
500.0,2802.0,2820.0,2783.0,6.0,1.6153051127664664,92.85714285714286,0.0
500.0,2803.0,2838.0,2857.0,8.0,1.7366152783740212,109.77777777777776,0.0
500.0,2804.0,2854.0,2868.0,6.0,2.1686199839284215,137.0,0.0
500.0,2805.0,2859.0,2888.0,10.0,1.2791879828968613,86.0,0.0
500.0,2806.0,2862.0,2939.0,20.0,7.965670615362099,184.23809523809524,0.0
500.0,2807.0,2865.0,2838.0,17.0,1.2192895330210505,91.66666666666669,0.0
500.0,2808.0,2873.0,2911.0,7.0,6.922398946401758,114.625,0.0
500.0,2809.0,2876.0,2897.0,4.0,2.507326211449112,156.2,0.0
500.0,2810.0,2884.0,2877.0,6.0,1.496958380659868,161.42857142857142,0.0
500.0,2811.0,2886.0,2775.0,33.0,1.4422075838447976,103.58823529411764,0.0
500.0,2812.0,2888.0,2913.0,7.0,1.2803300858899105,84.875,0.0
500.0,2813.0,2891.0,3014.0,18.0,5.962482923452973,146.6315789473684,0.0
500.0,2814.0,2899.0,2910.0,4.0,1.765685424949238,107.8,0.0
500.0,2815.0,2905.0,2912.0,8.0,7.561470086457222,209.66666666666663,0.0
500.0,2816.0,2906.0,2913.0,7.0,1.4053300858899105,104.875,0.0
500.0,2817.0,2908.0,2919.0,12.0,1.6708730270567966,131.23076923076923,0.0
500.0,2818.0,2912.0,2933.0,3.0,9.788779500700944,200.0,0.0
500.0,2819.0,2921.0,2897.0,6.0,2.1603453564103523,166.71428571428572,0.0
500.0,2820.0,2923.0,2899.0,4.0,1.482842712474619,100.4,0.0
500.0,2821.0,2924.0,2960.0,6.0,3.682614079769146,176.71428571428572,0.0
500.0,2822.0,2928.0,2927.0,3.0,1.4571067811865477,99.5,0.0
500.0,2823.0,2935.0,2963.0,5.0,1.67741585037433,119.16666666666669,0.0
500.0,2824.0,2944.0,2909.0,6.0,1.6153051127664664,155.42857142857142,0.0
500.0,2825.0,2946.0,2913.0,5.0,1.5118446353109125,96.83333333333331,0.0
500.0,2826.0,2948.0,2907.0,12.0,2.072636300769166,141.30769230769232,0.0
500.0,2827.0,2950.0,2927.0,4.0,1.765685424949238,91.6,0.0
500.0,2828.0,2951.0,2897.0,9.0,1.6899494936611668,108.3,0.0
500.0,2829.0,2952.0,2999.0,6.0,2.134895987142737,135.0,0.0
500.0,2830.0,2961.0,2978.0,10.0,2.011128863170224,137.36363636363637,0.0
500.0,2831.0,2964.0,2815.0,29.0,1.6642660025905092,111.43333333333334,0.0
500.0,2832.0,2970.0,3036.0,8.0,11.051472591284814,122.88888888888889,0.0
500.0,2833.0,2978.0,2988.0,8.0,1.8047378541243648,131.88888888888889,0.0
500.0,2834.0,2979.0,2998.0,8.0,2.052459550555509,145.33333333333334,0.0
500.0,2835.0,2981.0,2889.0,15.0,2.088525491562421,132.0,0.0
500.0,2836.0,2984.0,2975.0,2.0,1.2761423749153968,129.0,0.0
500.0,2837.0,2986.0,3011.0,3.0,,128.75,0.0
500.0,2838.0,2988.0,3044.0,7.0,1.942078882155695,122.625,0.0
500.0,2839.0,3002.0,3020.0,19.0,1.786067467586918,114.45,0.0
500.0,2840.0,3003.0,2910.0,13.0,2.685909160270607,114.28571428571428,0.0
500.0,2841.0,3004.0,3036.0,26.0,8.152331572544687,134.7037037037037,0.0
500.0,2842.0,3014.0,3085.0,17.0,13.60336375621322,163.44444444444446,0.0
500.0,2843.0,3016.0,3045.0,9.0,1.0828427124746192,80.4,0.0
500.0,2844.0,3020.0,3021.0,2.0,3.0,132.0,0.0
500.0,2845.0,3031.0,2990.0,4.0,1.248528137423857,88.0,0.0
500.0,2846.0,3041.0,3062.0,3.0,3.5,153.75,0.0
500.0,2847.0,3042.0,2960.0,14.0,6.7866902714877,228.53333333333333,0.0
500.0,2848.0,3045.0,3069.0,3.0,1.5606601717798214,85.75,0.0
500.0,2849.0,3047.0,3033.0,2.0,1.60947570824873,110.0,0.0
500.0,2850.0,3054.0,3049.0,4.0,1.082842712474619,110.6,0.0
500.0,2851.0,3056.0,3082.0,3.0,1.9604048132409448,133.25,0.0
500.0,2852.0,3057.0,3009.0,5.0,1.0,90.5,0.0
500.0,2853.0,3058.0,3111.0,17.0,1.4848845589643254,103.38888888888889,0.0
500.0,2854.0,3060.0,3040.0,9.0,1.6307135789365266,105.6,0.0
500.0,2855.0,3061.0,3034.0,4.0,1.5313708498984762,97.8,0.0
500.0,2856.0,3065.0,3066.0,4.0,1.365685424949238,95.0,0.0
500.0,2857.0,3077.0,3028.0,6.0,1.2020305089104422,100.85714285714286,0.0
500.0,2858.0,3084.0,3036.0,6.0,13.103480937266964,125.42857142857144,0.0
500.0,2859.0,3089.0,3067.0,7.0,1.6116152783740212,112.625,0.0
500.0,2860.0,3090.0,2991.0,11.0,1.1523689270621826,90.75,0.0
500.0,2861.0,3095.0,3061.0,5.0,1.235702260395516,100.66666666666669,0.0
500.0,2862.0,3096.0,3055.0,4.0,3.2916386233420467,168.8,0.0
500.0,2863.0,3098.0,3097.0,5.0,2.0,108.83333333333331,0.0
500.0,2864.0,3099.0,3124.0,3.0,1.4571067811865477,91.25,0.0
500.0,2865.0,3101.0,3119.0,3.0,1.5606601717798212,112.5,0.0
500.0,2866.0,3107.0,3187.0,12.0,1.7390537591623874,115.3076923076923,0.0
500.0,2867.0,3109.0,3093.0,2.0,1.4142135623730951,90.0,0.0
500.0,2868.0,3110.0,3121.0,3.0,1.3106601717798212,107.75,0.0
500.0,2869.0,3120.0,3080.0,4.0,1.6485281374238572,110.6,0.0
500.0,2870.0,3122.0,3098.0,9.0,1.3242640687119285,98.6,0.0
500.0,2871.0,3125.0,3185.0,9.0,2.036505818199175,127.7,0.0
500.0,2872.0,3138.0,3104.0,4.0,1.9300563079745772,116.0,0.0
500.0,2873.0,3140.0,3059.0,9.0,2.2365058181991753,140.3,0.0
500.0,2874.0,3142.0,3171.0,9.0,1.5071067811865475,96.3,0.0
500.0,2875.0,3143.0,3074.0,8.0,1.387253486026508,100.33333333333331,0.0
500.0,2876.0,3145.0,3162.0,4.0,1.282842712474619,105.0,0.0
500.0,2877.0,3148.0,3084.0,8.0,12.121518593977658,119.55555555555556,0.0
500.0,2878.0,3151.0,3183.0,6.0,1.2020305089104422,91.14285714285714,0.0
500.0,2879.0,3158.0,3244.0,14.0,1.3818614707571906,94.86666666666666,0.0
500.0,2880.0,3160.0,3005.0,19.0,2.248090296724471,142.15,0.0
500.0,2881.0,3164.0,3190.0,4.0,2.49256814798283,131.0,0.0
500.0,2882.0,3165.0,3103.0,8.0,1.5245943724153734,101.44444444444444,0.0
500.0,2883.0,3166.0,3210.0,7.0,1.766123775561495,110.25,0.0
500.0,2884.0,3169.0,3226.0,8.0,1.948514561916173,109.0,0.0
500.0,2885.0,3173.0,3063.0,13.0,19.595889515754266,190.0,0.0
500.0,2886.0,3179.0,3180.0,7.0,1.9125703849682212,149.75,0.0
500.0,2887.0,3181.0,3184.0,2.0,1.0,99.0,0.0
500.0,2888.0,3183.0,3175.0,2.0,1.2761423749153966,102.66666666666669,0.0
500.0,2889.0,3188.0,3018.0,21.0,2.1422268274769074,133.5909090909091,0.0
500.0,2890.0,3196.0,3176.0,8.0,1.7007928654850295,108.33333333333331,0.0
500.0,2891.0,3201.0,3085.0,15.0,14.436257003646343,179.375,0.0
500.0,2892.0,3203.0,3196.0,9.0,1.465685424949238,94.4,0.0
500.0,2893.0,3205.0,3185.0,3.0,2.3251407699364424,155.25,0.0
500.0,2894.0,3208.0,3171.0,5.0,2.079784777436513,125.33333333333331,0.0
500.0,2895.0,3211.0,3251.0,5.0,1.373773447853214,113.16666666666669,0.0
500.0,2896.0,3214.0,3202.0,2.0,1.2761423749153966,90.0,0.0
500.0,2897.0,3219.0,3162.0,8.0,1.6936267430132537,97.66666666666669,0.0
500.0,2898.0,3225.0,3218.0,6.0,2.134895987142737,167.71428571428572,0.0
500.0,2899.0,3228.0,3179.0,7.0,1.4866152783740212,117.5,0.0
500.0,2900.0,3239.0,3226.0,5.0,2.0393446629166316,120.33333333333331,0.0
500.0,2901.0,3240.0,3187.0,11.0,1.6094757082487303,106.91666666666669,0.0
500.0,2902.0,3243.0,3244.0,5.0,2.17741585037433,108.5,0.0
500.0,2903.0,3246.0,3195.0,7.0,1.4874368670764584,84.375,0.0
500.0,2904.0,3249.0,3261.0,3.0,1.7071067811865477,92.5,0.0
500.0,2905.0,3250.0,3261.0,6.0,1.5224077499274828,90.0,0.0
500.0,2906.0,3257.0,3214.0,6.0,1.1183467321065983,85.71428571428571,0.0
500.0,2907.0,3258.0,3241.0,6.0,2.2195187224636515,140.14285714285714,0.0
500.0,2908.0,3266.0,3282.0,3.0,1.0,109.25,0.0
500.0,2909.0,3270.0,3283.0,5.0,1.5404401145198807,94.5,0.0
500.0,2910.0,3275.0,3262.0,2.0,2.0,90.0,0.0
500.0,2911.0,3291.0,3347.0,10.0,1.2947855170108442,97.1818181818182,0.0
500.0,2912.0,3296.0,3331.0,6.0,1.320377241017041,86.57142857142857,0.0
500.0,2913.0,3297.0,3233.0,14.0,1.276142374915397,95.06666666666666,0.0
500.0,2914.0,3305.0,3290.0,3.0,1.4571067811865477,96.5,0.0
500.0,2915.0,3315.0,3305.0,3.0,1.1035533905932735,95.25,0.0
500.0,2916.0,3317.0,3307.0,5.0,1.981058252895446,147.0,0.0
500.0,2917.0,3318.0,3288.0,5.0,1.6380711874576983,94.66666666666669,0.0
500.0,2918.0,3321.0,3341.0,4.0,1.4142135623730951,88.8,0.0
500.0,2919.0,3323.0,3338.0,2.0,1.4120226591665963,122.33333333333331,0.0
500.0,2920.0,3324.0,3373.0,14.0,1.1771236166328256,85.2,0.0
500.0,2921.0,3327.0,3280.0,8.0,1.6357054835264846,120.11111111111111,0.0
500.0,2922.0,3332.0,3364.0,9.0,1.7307135789365264,107.6,0.0
500.0,2923.0,3336.0,3328.0,3.0,1.5606601717798212,103.5,0.0
500.0,2924.0,3337.0,3357.0,4.0,1.9772699034745351,153.0,0.0
500.0,2925.0,3350.0,3273.0,15.0,2.2799192915386923,121.5625,0.0
500.0,2926.0,3360.0,3371.0,3.0,1.4571067811865477,124.25,0.0
500.0,2927.0,3366.0,3306.0,11.0,1.9708567949894071,104.66666666666669,0.0
500.0,2928.0,3368.0,3395.0,5.0,1.2761423749153968,82.16666666666667,0.0
500.0,2929.0,3372.0,3461.0,13.0,1.534662955302755,99.71428571428572,0.0
500.0,2930.0,3377.0,3361.0,3.0,1.6035533905932735,106.0,0.0
500.0,2931.0,3383.0,3377.0,3.0,1.7071067811865477,110.0,0.0
500.0,2932.0,3390.0,3374.0,4.0,1.365685424949238,113.8,0.0
500.0,2933.0,3394.0,3376.0,3.0,3.040569415042095,170.25,0.0
500.0,2934.0,3397.0,3427.0,4.0,1.565685424949238,90.6,0.0
500.0,2935.0,3400.0,3492.0,13.0,1.5938363213560545,92.64285714285714,0.0
500.0,2936.0,3410.0,3416.0,3.0,1.4571067811865477,86.5,0.0
500.0,2937.0,3411.0,3419.0,5.0,11.780481779658786,130.0,0.0
500.0,2938.0,3422.0,3467.0,7.0,1.176776695296637,92.125,0.0
500.0,2939.0,3423.0,3413.0,4.0,1.612899020449196,124.4,0.0
500.0,2940.0,3429.0,3437.0,5.0,2.0,96.0,0.0
500.0,2941.0,3432.0,3415.0,9.0,1.1242640687119287,92.8,0.0
500.0,2942.0,3434.0,3446.0,4.0,1.448528137423857,88.4,0.0
500.0,2943.0,3437.0,3408.0,5.0,1.5118446353109125,96.5,0.0
500.0,2944.0,3439.0,3438.0,5.0,1.6380711874576983,103.5,0.0
500.0,2945.0,3443.0,3468.0,4.0,1.4142135623730951,87.6,0.0
500.0,2946.0,3445.0,3494.0,7.0,1.3535533905932735,94.5,0.0
500.0,2947.0,3447.0,3420.0,4.0,1.6485281374238572,99.8,0.0
500.0,2948.0,3452.0,3481.0,4.0,2.0485281374238573,118.0,0.0
500.0,2949.0,3454.0,3474.0,4.0,1.765685424949238,114.8,0.0
500.0,2950.0,3458.0,3428.0,9.0,1.3485281374238571,90.6,0.0
500.0,2951.0,3466.0,3467.0,2.0,2.0,108.0,0.0
500.0,2952.0,3469.0,3449.0,7.0,1.4785533905932735,116.5,0.0
500.0,2953.0,3470.0,3490.0,3.0,2.1770509831248424,148.5,0.0
500.0,2954.0,3471.0,3484.0,2.0,1.4142135623730951,91.66666666666669,0.0
500.0,2955.0,3472.0,3461.0,2.0,1.804737854124365,101.33333333333331,0.0
500.0,2956.0,3482.0,3536.0,20.0,2.0507947335653154,135.14285714285714,0.0
500.0,2957.0,3492.0,3543.0,10.0,1.5895710340216882,99.0909090909091,0.0
500.0,2958.0,3493.0,3451.0,6.0,1.5815811159807822,117.85714285714286,0.0
500.0,2959.0,3501.0,3563.0,14.0,1.4256517540566829,93.93333333333334,0.0
500.0,2960.0,3505.0,3514.0,5.0,2.118033988749895,120.0,0.0
500.0,2961.0,3507.0,3468.0,8.0,1.322166104067963,88.0,0.0
500.0,2962.0,3512.0,3445.0,12.0,1.530730379739359,95.23076923076924,0.0
500.0,2963.0,3516.0,3515.0,16.0,1.931083948514482,105.0,0.0
500.0,2964.0,3517.0,3477.0,8.0,11.06395056786334,108.55555555555556,0.0
500.0,2965.0,3518.0,3390.0,25.0,1.0796564543025182,96.5,0.0
500.0,2966.0,3527.0,3511.0,2.0,2.74535599249993,117.0,0.0
500.0,2967.0,3535.0,3503.0,6.0,1.5806421574637113,105.57142857142856,0.0
500.0,2968.0,3539.0,3544.0,6.0,1.522407749927483,94.0,0.0
500.0,2969.0,3545.0,3566.0,7.0,1.5088834764831844,104.0,0.0
500.0,2970.0,3550.0,3496.0,13.0,1.4387239731236396,111.0,0.0
500.0,2971.0,3559.0,3549.0,3.0,2.35483170074866,134.75,0.0
500.0,2972.0,3560.0,3571.0,2.0,1.1380711874576983,92.66666666666669,0.0
500.0,2973.0,3561.0,3542.0,6.0,1.9837642167675251,139.71428571428572,0.0
500.0,2974.0,3574.0,3653.0,33.0,14.348946774845244,125.0,0.0
500.0,2975.0,3579.0,3559.0,4.0,1.832455532033676,137.2,0.0
500.0,2976.0,3586.0,3528.0,13.0,9.099124316556932,119.85714285714286,0.0
500.0,2977.0,3589.0,3578.0,13.0,1.9918821083837623,129.28571428571428,0.0
500.0,2978.0,3604.0,3633.0,10.0,1.5207201873961689,107.72727272727272,0.0
500.0,2979.0,3606.0,3613.0,6.0,1.556131746713167,113.0,0.0
500.0,2980.0,3607.0,3633.0,8.0,1.387253486026508,95.11111111111111,0.0
500.0,2981.0,3610.0,3615.0,6.0,1.1183467321065983,92.28571428571428,0.0
500.0,2982.0,3612.0,3634.0,5.0,1.1380711874576983,88.83333333333333,0.0
500.0,2983.0,3614.0,3625.0,3.0,1.5606601717798214,92.5,0.0
500.0,2984.0,3618.0,3623.0,17.0,1.160717901499565,93.61111111111111,0.0
500.0,2985.0,3622.0,3550.0,16.0,1.351209573439832,97.3529411764706,0.0
500.0,2986.0,3628.0,3611.0,7.0,1.2588834764831844,97.625,0.0
500.0,2987.0,3631.0,3655.0,6.0,1.1183467321065983,83.0,0.0
500.0,2988.0,3632.0,3668.0,10.0,1.1506231135902163,86.9090909090909,0.0
500.0,2989.0,3635.0,3646.0,4.0,1.765685424949238,98.8,0.0
500.0,2990.0,3639.0,3556.0,18.0,2.1242463039472574,143.31578947368422,0.0
500.0,2991.0,3641.0,3622.0,22.0,1.3974841575535195,87.6086956521739,0.0
500.0,2992.0,3646.0,3663.0,3.0,1.6035533905932735,92.5,0.0
500.0,2993.0,3647.0,3704.0,13.0,7.181466496877992,154.64285714285714,0.0
500.0,2994.0,3648.0,3610.0,10.0,1.2038764261017532,82.63636363636364,0.0
500.0,2995.0,3650.0,3634.0,10.0,1.3759602649192233,103.27272727272728,0.0
500.0,2996.0,3651.0,3657.0,3.0,1.8535533905932735,104.25,0.0
500.0,2997.0,3656.0,3642.0,5.0,1.60947570824873,110.33333333333331,0.0
500.0,2998.0,3658.0,3676.0,6.0,1.261203874963741,106.42857142857144,0.0
500.0,2999.0,3660.0,3642.0,4.0,1.4485281374238572,102.6,0.0
500.0,3000.0,3662.0,3613.0,12.0,2.0544772255768744,113.76923076923076,0.0
500.0,3001.0,3669.0,3638.0,8.0,1.452340867985053,89.77777777777777,0.0
500.0,3002.0,3670.0,3682.0,2.0,1.4142135623730951,88.66666666666667,0.0
500.0,3003.0,3673.0,3656.0,7.0,1.4874368670764584,102.125,0.0
500.0,3004.0,3679.0,3664.0,4.0,1.9300563079745772,117.8,0.0
500.0,3005.0,3684.0,3694.0,2.0,2.1573786516665265,142.33333333333334,0.0
500.0,3006.0,3692.0,3708.0,6.0,1.866356443177997,106.42857142857144,0.0
500.0,3007.0,3700.0,3710.0,3.0,1.9125703849682212,112.25,0.0
500.0,3008.0,3702.0,3657.0,11.0,1.603553390593274,96.0,0.0
500.0,3009.0,3706.0,3720.0,4.0,1.331370849898476,96.4,0.0
500.0,3010.0,3709.0,3690.0,10.0,1.5415833935671046,108.0909090909091,0.0
500.0,3011.0,3717.0,3664.0,14.0,1.7143184428079243,97.26666666666668,0.0
500.0,3012.0,3721.0,3758.0,8.0,1.1571348402636774,105.88888888888889,0.0
500.0,3013.0,3725.0,3750.0,6.0,1.5806421574637113,107.57142857142856,0.0
500.0,3014.0,3730.0,3679.0,13.0,1.761203874963741,104.92857142857144,0.0
500.0,3015.0,3734.0,3719.0,4.0,1.248528137423857,105.0,0.0
500.0,3016.0,3739.0,3736.0,2.0,2.35483170074866,122.0,0.0
500.0,3017.0,3740.0,3770.0,7.0,1.7366152783740212,105.0,0.0
500.0,3018.0,3745.0,3758.0,4.0,1.812899020449196,135.6,0.0
500.0,3019.0,3747.0,3746.0,5.0,1.4714045207910316,107.66666666666669,0.0
500.0,3020.0,3752.0,3789.0,8.0,1.5706181015679397,106.88888888888889,0.0
500.0,3021.0,3753.0,3764.0,5.0,1.6380711874576983,111.33333333333331,0.0
500.0,3022.0,3755.0,3774.0,5.0,1.6488203711653615,94.33333333333331,0.0
500.0,3023.0,3757.0,3735.0,4.0,1.565685424949238,136.4,0.0
500.0,3024.0,3763.0,3772.0,3.0,1.2071067811865477,97.0,0.0
500.0,3025.0,3765.0,3757.0,6.0,1.5469181606780271,102.28571428571428,0.0
500.0,3026.0,3766.0,3782.0,5.0,2.0786893258332633,115.83333333333331,0.0
500.0,3027.0,3768.0,3720.0,10.0,1.3544995396919697,93.54545454545456,0.0
500.0,3028.0,3777.0,3764.0,4.0,1.2,109.8,0.0
500.0,3029.0,3787.0,3789.0,2.0,2.1573786516665265,150.0,0.0
500.0,3030.0,3793.0,3746.0,10.0,1.2635904487828789,105.45454545454544,0.0
500.0,3031.0,3794.0,3843.0,11.0,1.2214045207910318,86.33333333333333,0.0
500.0,3032.0,3795.0,3796.0,6.0,1.5469181606780271,100.28571428571428,0.0
500.0,3033.0,3797.0,3796.0,3.0,1.7071067811865477,111.0,0.0
500.0,3034.0,3802.0,3769.0,8.0,1.8183397979990832,123.11111111111111,0.0
500.0,3035.0,3804.0,3824.0,4.0,2.094427190999916,129.0,0.0
500.0,3036.0,3807.0,3772.0,8.0,1.2952060277213755,90.55555555555556,0.0
500.0,3037.0,3809.0,3782.0,5.0,1.482153704498695,96.66666666666669,0.0
500.0,3038.0,3813.0,3856.0,9.0,1.4071067811865476,97.3,0.0
500.0,3039.0,3814.0,3848.0,8.0,2.0262297752777543,121.77777777777776,0.0
500.0,3040.0,3815.0,3839.0,8.0,1.8571974046798736,104.11111111111111,0.0
500.0,3041.0,3817.0,3844.0,7.0,1.7803300858899107,120.875,0.0
500.0,3042.0,3819.0,3820.0,5.0,1.8047378541243653,124.33333333333331,0.0
500.0,3043.0,3832.0,3861.0,5.0,1.5118446353109125,91.0,0.0
500.0,3044.0,3836.0,3830.0,6.0,1.832632446392313,108.57142857142856,0.0
500.0,3045.0,3838.0,3789.0,11.0,2.0495461208226704,126.5,0.0
500.0,3046.0,3842.0,3792.0,11.0,2.0786893258332633,134.25,0.0
500.0,3047.0,3843.0,3884.0,8.0,1.3602934096799204,102.77777777777776,0.0
500.0,3048.0,3847.0,3780.0,15.0,1.368718433538229,86.9375,0.0
500.0,3049.0,3850.0,3815.0,8.0,1.433277215179074,87.77777777777777,0.0
500.0,3050.0,3852.0,3871.0,3.0,1.2071067811865477,85.75,0.0
500.0,3051.0,3854.0,3895.0,9.0,1.7071067811865477,107.7,0.0
500.0,3052.0,3857.0,3837.0,6.0,1.3786116485532691,92.0,0.0
500.0,3053.0,3858.0,3866.0,3.0,1.7071067811865477,111.0,0.0
500.0,3054.0,3862.0,3882.0,5.0,2.0393446629166316,117.83333333333331,0.0
500.0,3055.0,3863.0,3845.0,3.0,1.9125703849682212,136.5,0.0
500.0,3056.0,3867.0,3887.0,10.0,1.738999109499269,120.27272727272728,0.0
500.0,3057.0,3868.0,3830.0,6.0,1.261203874963741,95.85714285714286,0.0
500.0,3058.0,3888.0,3889.0,3.0,2.0,92.5,0.0
500.0,3059.0,3890.0,3894.0,3.0,1.8535533905932735,118.5,0.0
500.0,3060.0,3892.0,3905.0,4.0,1.482842712474619,96.6,0.0
500.0,3061.0,3895.0,3909.0,6.0,1.7826726663741537,107.85714285714286,0.0
500.0,3062.0,3903.0,3875.0,10.0,1.7551941626695695,111.54545454545456,0.0
500.0,3063.0,3906.0,3948.0,10.0,1.7019408501580329,111.0909090909091,0.0
500.0,3064.0,3914.0,3956.0,8.0,1.60947570824873,97.55555555555556,0.0
500.0,3065.0,3917.0,3902.0,4.0,1.565685424949238,93.8,0.0
500.0,3066.0,3918.0,3887.0,10.0,2.1826151829313765,134.0,0.0
500.0,3067.0,3919.0,3913.0,6.0,2.0337239967856844,100.71428571428572,0.0
500.0,3068.0,3927.0,3955.0,8.0,2.131879177457605,125.0,0.0
500.0,3069.0,3932.0,3893.0,11.0,1.408291244717639,97.25,0.0
500.0,3070.0,3933.0,3977.0,7.0,1.3106601717798214,85.125,0.0
500.0,3071.0,3934.0,3916.0,4.0,1.365685424949238,109.4,0.0
500.0,3072.0,3939.0,3891.0,13.0,1.4509791784989117,95.35714285714286,0.0
500.0,3073.0,3945.0,3975.0,4.0,2.4097254355082107,127.6,0.0
500.0,3074.0,3952.0,3964.0,10.0,1.8025842840678357,102.0,0.0
500.0,3075.0,3956.0,3978.0,3.0,1.5606601717798214,95.25,0.0
500.0,3076.0,3957.0,3951.0,3.0,2.0590169943749475,140.75,0.0
500.0,3077.0,3961.0,3936.0,4.0,1.165685424949238,94.2,0.0
500.0,3078.0,3963.0,3884.0,22.0,1.6791671429717403,118.56521739130434,0.0
500.0,3079.0,3965.0,3930.0,6.0,1.6153051127664664,90.0,0.0
500.0,3080.0,3972.0,3938.0,5.0,1.5118446353109125,93.83333333333331,0.0
500.0,3081.0,3974.0,3964.0,5.0,1.4714045207910316,112.0,0.0
500.0,3082.0,3981.0,4008.0,4.0,1.4142135623730951,94.0,0.0
500.0,3083.0,3985.0,4016.0,10.0,1.3700970738059524,104.45454545454544,0.0
500.0,3084.0,3987.0,4012.0,4.0,1.9300563079745772,111.8,0.0
500.0,3085.0,3988.0,4028.0,7.0,1.3838834764831844,94.5,0.0
500.0,3086.0,3991.0,3972.0,6.0,1.2958668302664964,90.0,0.0
500.0,3087.0,3996.0,4015.0,5.0,1.4023689270621826,93.83333333333331,0.0
500.0,3088.0,4000.0,3979.0,3.0,1.4142135623730951,94.75,0.0
500.0,3089.0,4006.0,4014.0,2.0,1.4142135623730951,99.0,0.0
500.0,3090.0,4007.0,3961.0,9.0,1.4142135623730954,104.2,0.0
500.0,3091.0,4009.0,4012.0,5.0,1.5107491837076632,109.16666666666669,0.0
500.0,3092.0,4016.0,4011.0,6.0,1.7489486695884693,113.42857142857144,0.0
500.0,3093.0,4017.0,3989.0,5.0,1.1380711874576983,88.33333333333333,0.0
500.0,3094.0,4020.0,4014.0,5.0,1.1380711874576983,96.0,0.0
500.0,3095.0,4023.0,4040.0,6.0,1.177520098159898,87.42857142857143,0.0
500.0,3096.0,4026.0,4030.0,4.0,9.023739288408226,163.0,0.0
500.0,3097.0,4032.0,4052.0,4.0,1.6485281374238572,97.4,0.0
500.0,3098.0,4033.0,4063.0,6.0,1.4387239731236394,97.85714285714286,0.0
500.0,3099.0,4049.0,4041.0,5.0,1.7071067811865472,138.0,0.0
500.0,3100.0,4054.0,4040.0,3.0,1.3106601717798212,85.0,0.0
500.0,3101.0,4061.0,4052.0,5.0,1.2071067811865477,101.16666666666669,0.0
500.0,3102.0,4062.0,4021.0,10.0,1.3539020206356518,100.72727272727272,0.0
500.0,3103.0,4064.0,4045.0,8.0,1.4134832613042625,109.22222222222224,0.0
500.0,3104.0,4065.0,4058.0,5.0,1.4131181107698456,116.16666666666669,0.0
500.0,3105.0,4073.0,4041.0,7.0,1.2285533905932735,105.25,0.0
500.0,3106.0,4074.0,4111.0,11.0,5.514113448937596,183.08333333333337,0.0
500.0,3107.0,4075.0,4099.0,5.0,2.1477249195621124,112.0,0.0
500.0,3108.0,4077.0,4052.0,5.0,1.4428090415820634,100.5,0.0
500.0,3109.0,4078.0,3993.0,20.0,1.4139005762007384,94.23809523809524,0.0
500.0,3110.0,4080.0,4079.0,3.0,1.2071067811865477,167.75,0.0
500.0,3111.0,4084.0,4109.0,5.0,1.235702260395516,93.5,0.0
500.0,3112.0,4087.0,4103.0,5.0,1.345177968644246,89.66666666666667,0.0
500.0,3113.0,4089.0,4066.0,5.0,2.0786893258332633,145.33333333333334,0.0
500.0,3114.0,4091.0,4154.0,14.0,1.702880251124337,110.93333333333334,0.0
500.0,3115.0,4093.0,4058.0,7.0,1.8830618877807477,113.625,0.0
500.0,3116.0,4097.0,4098.0,5.0,1.2761423749153966,88.66666666666667,0.0
500.0,3117.0,4102.0,4072.0,7.0,1.3838834764831844,95.375,0.0
500.0,3118.0,4103.0,4112.0,4.0,1.282842712474619,97.2,0.0
500.0,3119.0,4106.0,4130.0,4.0,1.248528137423857,99.4,0.0
500.0,3120.0,4109.0,4116.0,4.0,1.082842712474619,115.6,0.0
500.0,3121.0,4112.0,4100.0,4.0,1.765685424949238,106.6,0.0
500.0,3122.0,4125.0,4133.0,2.0,1.60947570824873,110.0,0.0
500.0,3123.0,4134.0,4133.0,5.0,2.0,117.83333333333331,0.0
500.0,3124.0,4136.0,4137.0,7.0,1.2285533905932735,89.625,0.0
500.0,3125.0,4139.0,4170.0,8.0,2.0398317191524726,136.77777777777777,0.0
500.0,3126.0,4141.0,4147.0,3.0,1.766123775561495,117.25,0.0
500.0,3127.0,4143.0,4156.0,3.0,1.3106601717798214,110.5,0.0
500.0,3128.0,4152.0,4153.0,3.0,1.1035533905932735,100.0,0.0
500.0,3129.0,4160.0,4178.0,5.0,1.304737854124365,104.66666666666669,0.0
500.0,3130.0,4161.0,4146.0,3.0,1.9125703849682212,131.0,0.0
500.0,3131.0,4163.0,4154.0,3.0,1.25,122.75,0.0
500.0,3132.0,4169.0,4114.0,13.0,1.2484791903299342,98.78571428571428,0.0
500.0,3133.0,4171.0,4146.0,6.0,1.496958380659868,106.57142857142856,0.0
500.0,3134.0,4172.0,4152.0,4.0,1.0,94.0,0.0
500.0,3135.0,4176.0,4172.0,4.0,1.082842712474619,98.2,0.0
500.0,3136.0,4183.0,4173.0,5.0,1.304737854124365,102.5,0.0
500.0,3137.0,4186.0,4202.0,7.0,1.2803300858899105,95.25,0.0
500.0,3138.0,4191.0,4178.0,3.0,2.0,123.5,0.0
500.0,3139.0,4192.0,4147.0,10.0,1.7019408501580329,117.1818181818182,0.0
500.0,3140.0,4195.0,4203.0,2.0,2.0,97.0,0.0
500.0,3141.0,4207.0,4157.0,15.0,1.2071067811865477,90.125,0.0
500.0,3142.0,4209.0,4217.0,2.0,1.4142135623730951,115.0,0.0
500.0,3143.0,4212.0,4213.0,4.0,2.0,129.0,0.0
500.0,3144.0,4219.0,4210.0,11.0,1.103553390593274,91.0,0.0
500.0,3145.0,4220.0,4211.0,2.0,1.60947570824873,110.0,0.0
500.0,3146.0,4221.0,4292.0,19.0,1.2571067811865475,95.75,0.0
500.0,3147.0,4222.0,4186.0,7.0,1.1035533905932735,84.5,0.0
500.0,3148.0,4223.0,4202.0,4.0,2.047213595499958,126.8,0.0
500.0,3149.0,4225.0,4196.0,7.0,1.4356601717798214,99.625,0.0
500.0,3150.0,4230.0,4190.0,8.0,1.948514561916173,123.44444444444444,0.0
500.0,3151.0,4235.0,4263.0,8.0,1.4714045207910316,108.88888888888889,0.0
500.0,3152.0,4236.0,4185.0,13.0,1.564249638329405,108.85714285714286,0.0
500.0,3153.0,4238.0,4242.0,2.0,1.3333333333333333,133.66666666666666,0.0
500.0,3154.0,4239.0,4259.0,6.0,1.6652648927846256,112.28571428571428,0.0
500.0,3155.0,4241.0,4266.0,6.0,1.69898888957031,117.71428571428572,0.0
500.0,3156.0,4251.0,4257.0,6.0,1.177520098159898,89.42857142857143,0.0
500.0,3157.0,4256.0,4274.0,8.0,1.60947570824873,114.11111111111111,0.0
500.0,3158.0,4261.0,4244.0,4.0,1.765685424949238,114.2,0.0
500.0,3159.0,4264.0,4247.0,5.0,1.7464514441031789,112.0,0.0
500.0,3160.0,4271.0,4259.0,3.0,1.3106601717798212,110.5,0.0
500.0,3161.0,4278.0,4330.0,10.0,1.5895710340216882,101.54545454545456,0.0
500.0,3162.0,4280.0,4291.0,7.0,1.2803300858899105,89.875,0.0
500.0,3163.0,4281.0,4265.0,12.0,1.3763786328455514,96.07692307692308,0.0
500.0,3164.0,4285.0,4312.0,5.0,1.0690355937288492,90.83333333333331,0.0
500.0,3165.0,4290.0,4283.0,8.0,1.1111111111111112,107.44444444444444,0.0
500.0,3166.0,4293.0,4213.0,22.0,1.2595896847163974,93.1304347826087,0.0
500.0,3167.0,4296.0,4264.0,8.0,1.7007928654850295,107.44444444444444,0.0
500.0,3168.0,4300.0,4282.0,6.0,2.2612038749637415,121.71428571428572,0.0
500.0,3169.0,4302.0,4332.0,7.0,1.301776695296637,101.5,0.0
500.0,3170.0,4303.0,4329.0,4.0,1.412899020449196,119.6,0.0
500.0,3171.0,4306.0,4335.0,5.0,5.5377625045079215,145.66666666666666,0.0
500.0,3172.0,4307.0,4320.0,3.0,1.7071067811865477,100.0,0.0
500.0,3173.0,4313.0,4268.0,11.0,1.201184463531091,105.58333333333331,0.0
500.0,3174.0,4314.0,4275.0,8.0,2.0786893258332633,128.22222222222223,0.0
500.0,3175.0,4316.0,4345.0,7.0,1.1553300858899105,95.125,0.0
500.0,3176.0,4325.0,4326.0,3.0,1.4571067811865477,107.75,0.0
500.0,3177.0,4333.0,4330.0,7.0,1.5303300858899105,113.75,0.0
500.0,3178.0,4336.0,4374.0,8.0,1.5443883262901852,120.0,0.0
500.0,3179.0,4342.0,4376.0,5.0,1.304737854124365,88.83333333333333,0.0
500.0,3180.0,4343.0,4297.0,17.0,1.2031585694162432,92.66666666666669,0.0
500.0,3181.0,4344.0,4332.0,2.0,1.60947570824873,109.33333333333331,0.0
500.0,3182.0,4349.0,4344.0,6.0,1.2958668302664964,108.85714285714286,0.0
500.0,3183.0,4353.0,4336.0,10.0,1.9370123444877512,128.0,0.0
500.0,3184.0,4356.0,4332.0,8.0,1.3412297568739415,99.33333333333331,0.0
500.0,3185.0,4360.0,4388.0,5.0,1.0690355937288492,94.66666666666669,0.0
500.0,3186.0,4365.0,4357.0,8.0,1.2754120738465635,109.33333333333331,0.0
500.0,3187.0,4368.0,4337.0,6.0,1.69898888957031,127.42857142857144,0.0
500.0,3188.0,4369.0,4347.0,6.0,1.355040196319796,105.14285714285714,0.0
500.0,3189.0,4373.0,4386.0,8.0,9.925889336342385,196.33333333333337,0.0
500.0,3190.0,4378.0,4385.0,4.0,1.248528137423857,99.0,0.0
500.0,3191.0,4379.0,4378.0,4.0,1.165685424949238,97.4,0.0
500.0,3192.0,4380.0,4358.0,4.0,1.3300563079745769,111.4,0.0
500.0,3193.0,4384.0,4364.0,7.0,1.051776695296637,93.25,0.0
500.0,3194.0,4387.0,4374.0,2.0,2.1573786516665265,125.66666666666669,0.0
500.0,3195.0,4389.0,4376.0,2.0,1.4142135623730951,102.0,0.0
500.0,3196.0,4390.0,4322.0,13.0,1.2193619865618197,88.5,0.0
500.0,3197.0,4391.0,4339.0,8.0,1.922284786638419,132.33333333333334,0.0
500.0,3198.0,4393.0,4413.0,6.0,1.5815811159807822,105.28571428571428,0.0
500.0,3199.0,4396.0,4380.0,5.0,1.5690355937288494,119.83333333333331,0.0
500.0,3200.0,4397.0,4353.0,10.0,1.7557916817258876,114.9090909090909,0.0
500.0,3201.0,4403.0,4423.0,4.0,1.5313708498984762,102.0,0.0
500.0,3202.0,4406.0,4430.0,4.0,1.165685424949238,84.0,0.0
500.0,3203.0,4414.0,4413.0,6.0,1.236693464213197,102.28571428571428,0.0
500.0,3204.0,4416.0,4481.0,16.0,7.656076206770547,158.35294117647058,0.0
500.0,3205.0,4417.0,4443.0,5.0,1.804737854124365,101.16666666666669,0.0
500.0,3206.0,4419.0,4433.0,3.0,1.9125703849682212,107.75,0.0
500.0,3207.0,4429.0,4424.0,2.0,2.1573786516665265,114.33333333333331,0.0
500.0,3208.0,4435.0,4461.0,4.0,2.625798040898392,146.6,0.0
500.0,3209.0,4436.0,4462.0,4.0,1.482842712474619,116.2,0.0
500.0,3210.0,4439.0,4440.0,2.0,1.1380711874576983,97.0,0.0
500.0,3211.0,4444.0,4483.0,15.0,1.2803300858899105,98.1875,0.0
500.0,3212.0,4453.0,4443.0,5.0,1.4428090415820634,109.33333333333331,0.0
500.0,3213.0,4457.0,4441.0,3.0,1.5606601717798212,99.5,0.0
500.0,3214.0,4460.0,4467.0,2.0,1.804737854124365,110.66666666666669,0.0
500.0,3215.0,4464.0,4469.0,5.0,1.1380711874576983,104.66666666666669,0.0
500.0,3216.0,4465.0,4472.0,3.0,1.3535533905932735,167.75,0.0
500.0,3217.0,4470.0,4481.0,2.0,15.445187665700642,147.33333333333334,0.0
500.0,3218.0,4471.0,4489.0,3.0,1.7071067811865477,120.5,0.0
500.0,3219.0,4473.0,4474.0,2.0,2.0786893258332633,145.0,0.0
500.0,3220.0,4477.0,4462.0,4.0,1.812899020449196,129.6,0.0
500.0,3221.0,4478.0,4483.0,7.0,1.2062851924841107,102.875,0.0
500.0,3222.0,4479.0,4445.0,6.0,1.5224077499274828,119.0,0.0
500.0,3223.0,4485.0,4510.0,4.0,1.365685424949238,94.2,0.0
500.0,3224.0,4487.0,4535.0,8.0,2.218956606383971,125.66666666666669,0.0
500.0,3225.0,4496.0,4466.0,9.0,1.0828427124746192,97.1,0.0
500.0,3226.0,4499.0,4510.0,3.0,1.7071067811865477,98.25,0.0
500.0,3227.0,4503.0,4542.0,11.0,1.3594757082487303,99.5,0.0
500.0,3228.0,4504.0,4505.0,11.0,1.103553390593274,91.08333333333331,0.0
500.0,3229.0,4506.0,4537.0,5.0,1.5404401145198807,105.16666666666669,0.0
500.0,3230.0,4517.0,4538.0,4.0,16.07931245586562,212.4,0.0
500.0,3231.0,4522.0,4555.0,6.0,1.177520098159898,103.0,0.0
500.0,3232.0,4525.0,4556.0,5.0,1.4428090415820634,110.16666666666669,0.0
500.0,3233.0,4533.0,4593.0,13.0,4.981137041951836,190.71428571428572,0.0
500.0,3234.0,4536.0,4558.0,5.0,1.60947570824873,95.5,0.0
500.0,3235.0,4547.0,4553.0,2.0,1.60947570824873,106.33333333333331,0.0
500.0,3236.0,4552.0,4558.0,2.0,1.4714045207910316,95.0,0.0
500.0,3237.0,4555.0,4556.0,4.0,1.248528137423857,121.0,0.0
500.0,3238.0,4557.0,4549.0,2.0,5.666666666666667,132.0,0.0
500.0,3239.0,4559.0,4572.0,4.0,1.860112615949154,135.0,0.0
500.0,3240.0,4570.0,4498.0,13.0,1.332632446392313,95.35714285714286,0.0
500.0,3241.0,4571.0,4498.0,14.0,1.3266329957741112,99.93333333333334,0.0
500.0,3242.0,4575.0,4551.0,6.0,6.592058839156013,126.14285714285714,0.0
500.0,3243.0,4579.0,4606.0,6.0,1.236693464213197,92.14285714285714,0.0
500.0,3244.0,4581.0,4592.0,13.0,8.841036114496044,214.5,0.0
500.0,3245.0,4582.0,4620.0,10.0,3.1482132854835423,161.0,0.0
500.0,3246.0,4584.0,4564.0,6.0,1.6153051127664664,106.28571428571428,0.0
500.0,3247.0,4585.0,4572.0,2.0,1.9621165057908916,147.33333333333334,0.0
500.0,3248.0,4590.0,4611.0,7.0,1.9571067811865477,125.375,0.0
500.0,3249.0,4591.0,4505.0,20.0,1.1577956428087983,90.52380952380952,0.0
500.0,3250.0,4604.0,4565.0,9.0,14.450337666579632,199.2,0.0
500.0,3251.0,4608.0,4595.0,5.0,10.819864854841803,187.5,0.0
500.0,3252.0,4615.0,4619.0,2.0,5.586974434427795,118.33333333333331,0.0
500.0,3253.0,4621.0,4626.0,4.0,12.93145340993664,172.2,0.0
500.0,3254.0,4622.0,4607.0,5.0,15.617315633780564,204.83333333333337,0.0
500.0,3255.0,4623.0,4606.0,8.0,1.2952060277213755,99.0,0.0
500.0,3256.0,4632.0,4626.0,5.0,15.174055572390856,180.0,0.0
500.0,3257.0,4634.0,4629.0,3.0,8.873340659700713,126.0,0.0
500.0,3258.0,4637.0,4580.0,23.0,1.6479073531868564,107.41666666666669,0.0
500.0,3259.0,4639.0,4665.0,13.0,4.45902612417714,152.92857142857142,0.0
500.0,3260.0,4642.0,4641.0,2.0,13.64917951508632,220.0,0.0
500.0,3261.0,4648.0,4662.0,17.0,7.57434326177682,147.61111111111111,0.0
500.0,3262.0,4651.0,4668.0,14.0,5.038552830414588,168.06666666666666,0.0
500.0,3263.0,4652.0,4632.0,12.0,13.515258757175303,205.92307692307693,0.0
500.0,3264.0,4659.0,4649.0,15.0,12.625500754651334,192.875,0.0
500.0,3265.0,4662.0,4669.0,2.0,11.0,176.66666666666666,0.0
500.0,3266.0,4666.0,4663.0,7.0,10.606352404612888,175.75,0.0
500.0,3267.0,4667.0,4670.0,3.0,10.172262163874622,200.0,0.0
500.0,3268.0,4676.0,4634.0,23.0,3.523783559371708,126.375,0.0
500.0,3269.0,4680.0,4681.0,2.0,1.4120226591665963,158.0,0.0
500.0,3270.0,4689.0,4688.0,7.0,27.080811923356865,187.25,0.0
500.0,3271.0,4692.0,4696.0,11.0,15.24246640739672,171.08333333333334,0.0
500.0,3272.0,4693.0,4688.0,5.0,28.706369357119495,201.0,0.0
500.0,3273.0,4694.0,4702.0,16.0,16.654878325602464,224.47058823529412,0.0
500.0,3274.0,4702.0,4704.0,4.0,7.76619037896906,235.2,0.0
500.0,3275.0,4703.0,4701.0,3.0,11.604993373369204,225.75,0.0
500.0,3276.0,40.0,48.0,7.0,1.7071067811865477,127.875,0.0
500.0,3277.0,50.0,51.0,6.0,1.8908668539285416,134.85714285714286,0.0
500.0,3278.0,55.0,48.0,9.0,1.6,138.1,0.0
500.0,3279.0,60.0,88.0,16.0,1.3121844581979565,133.41176470588235,0.0
500.0,3280.0,61.0,96.0,18.0,1.5116499658809666,122.94736842105264,0.0
500.0,3281.0,67.0,69.0,11.0,1.6380711874576983,107.0,0.0
500.0,3282.0,68.0,43.0,12.0,1.9643562351727355,124.07692307692308,0.0
500.0,3283.0,76.0,64.0,14.0,2.3461400820883194,153.33333333333334,0.0
500.0,3284.0,77.0,89.0,30.0,1.894237075862528,110.7741935483871,0.0
500.0,3285.0,78.0,74.0,15.0,1.9049192915386923,116.5,0.0
500.0,3286.0,84.0,100.0,11.0,2.4325674591875504,147.5,0.0
500.0,3287.0,97.0,72.0,24.0,2.01486523566445,131.68,0.0
500.0,3288.0,103.0,92.0,7.0,2.251095876530642,151.125,0.0
500.0,3289.0,110.0,128.0,8.0,1.8571974046798736,102.66666666666669,0.0
500.0,3290.0,114.0,124.0,13.0,1.8030457633656631,107.92857142857144,0.0
500.0,3291.0,115.0,137.0,10.0,2.1173879876963944,128.36363636363637,0.0
500.0,3292.0,134.0,148.0,10.0,1.7981156131240768,102.0,0.0
500.0,3293.0,141.0,155.0,6.0,1.6143661542493957,125.28571428571428,0.0
500.0,3294.0,157.0,186.0,17.0,2.255861931374602,141.27777777777777,0.0
500.0,3295.0,162.0,154.0,13.0,2.051055474437062,148.57142857142858,0.0
500.0,3296.0,163.0,177.0,10.0,1.4448111115447426,109.27272727272728,0.0
500.0,3297.0,164.0,185.0,16.0,1.0487310073380112,78.6470588235294,0.0
500.0,3298.0,166.0,174.0,5.0,1.304737854124365,105.16666666666669,0.0
500.0,3299.0,175.0,177.0,5.0,1.4131181107698456,122.5,0.0
500.0,3300.0,212.0,283.0,41.0,1.4962052484182369,92.52380952380952,0.0
500.0,3301.0,216.0,207.0,4.0,1.4,114.0,0.0
500.0,3302.0,218.0,236.0,10.0,1.658421880647208,90.54545454545456,0.0
500.0,3303.0,229.0,242.0,5.0,1.2071067811865477,101.0,0.0
500.0,3304.0,233.0,270.0,15.0,1.6227493774286028,104.8125,0.0
500.0,3305.0,245.0,292.0,17.0,2.1640577179024607,145.38888888888889,0.0
500.0,3306.0,247.0,248.0,3.0,1.2071067811865477,125.75,0.0
500.0,3307.0,255.0,248.0,3.0,1.1035533905932735,124.5,0.0
500.0,3308.0,258.0,266.0,18.0,1.63905976967005,99.73684210526316,0.0
500.0,3309.0,260.0,242.0,7.0,1.3830618877807477,118.0,0.0
500.0,3310.0,268.0,291.0,8.0,1.1571348402636774,97.44444444444444,0.0
500.0,3311.0,273.0,270.0,22.0,1.338514976260189,112.1304347826087,0.0
500.0,3312.0,276.0,296.0,20.0,1.5863670713802267,93.14285714285714,0.0
500.0,3313.0,287.0,307.0,7.0,1.3106601717798214,107.5,0.0
500.0,3314.0,290.0,302.0,4.0,1.565685424949238,118.8,0.0
500.0,3315.0,306.0,357.0,21.0,1.501892298197392,92.36363636363636,0.0
500.0,3316.0,309.0,315.0,11.0,1.5744101855826809,108.33333333333331,0.0
500.0,3317.0,311.0,343.0,14.0,1.4090375276074305,89.8,0.0
500.0,3318.0,320.0,289.0,16.0,1.6554197425724089,102.88235294117646,0.0
500.0,3319.0,321.0,330.0,9.0,1.9886349517372677,106.7,0.0
500.0,3320.0,323.0,322.0,9.0,2.070820393249937,110.3,0.0
500.0,3321.0,325.0,346.0,12.0,1.9912576551825136,110.6923076923077,0.0
500.0,3322.0,332.0,360.0,15.0,1.46154851942814,87.4375,0.0
500.0,3323.0,352.0,374.0,7.0,1.6848385830773842,113.375,0.0
500.0,3324.0,354.0,366.0,11.0,1.3737734478532142,110.41666666666669,0.0
500.0,3325.0,358.0,478.0,36.0,1.7181537542694234,98.29729729729728,0.0
500.0,3326.0,373.0,397.0,16.0,1.2192895330210505,100.05882352941175,0.0
500.0,3327.0,379.0,346.0,12.0,1.498362204970698,93.84615384615384,0.0
500.0,3328.0,383.0,393.0,5.0,1.974698660430546,102.0,0.0
500.0,3329.0,400.0,401.0,5.0,2.0,119.83333333333331,0.0
500.0,3330.0,402.0,466.0,25.0,1.2771781048452664,91.1153846153846,0.0
500.0,3331.0,403.0,378.0,18.0,1.511995897966203,96.42105263157896,0.0
500.0,3332.0,408.0,339.0,22.0,2.14892064683669,154.1304347826087,0.0
500.0,3333.0,422.0,423.0,8.0,1.0460237291525665,115.11111111111111,0.0
500.0,3334.0,425.0,384.0,11.0,1.3249579113843055,93.66666666666669,0.0
500.0,3335.0,429.0,447.0,6.0,9.16419108944642,122.71428571428572,0.0
500.0,3336.0,434.0,457.0,11.0,4.314786282464517,175.75,0.0
500.0,3337.0,441.0,440.0,16.0,1.2537475587638094,111.05882352941175,0.0
500.0,3338.0,443.0,471.0,13.0,2.042468103562289,131.78571428571428,0.0
500.0,3339.0,446.0,454.0,26.0,7.0839958535770915,164.33333333333334,0.0
500.0,3340.0,452.0,492.0,12.0,1.095587745163022,83.23076923076923,0.0
500.0,3341.0,459.0,440.0,8.0,1.2952060277213755,95.77777777777776,0.0
500.0,3342.0,464.0,512.0,12.0,2.036318150384583,123.23076923076924,0.0
500.0,3343.0,472.0,405.0,19.0,1.6310422144175014,90.05,0.0
500.0,3344.0,474.0,551.0,26.0,1.3962401781420368,94.33333333333331,0.0
500.0,3345.0,482.0,500.0,5.0,1.4428090415820634,90.83333333333331,0.0
500.0,3346.0,485.0,480.0,8.0,1.934912618041455,111.11111111111111,0.0
500.0,3347.0,494.0,486.0,8.0,1.5634519790961638,117.0,0.0
500.0,3348.0,503.0,584.0,20.0,1.3482718332849888,88.71428571428571,0.0
500.0,3349.0,518.0,595.0,20.0,1.8047378541243648,99.8095238095238,0.0
500.0,3350.0,519.0,548.0,10.0,4.024497959419927,189.0,0.0
500.0,3351.0,521.0,524.0,13.0,1.68977530353517,110.0,0.0
500.0,3352.0,528.0,466.0,15.0,1.992896844835792,115.1875,0.0
500.0,3353.0,531.0,553.0,7.0,1.6338834764831844,94.0,0.0
500.0,3354.0,535.0,449.0,21.0,2.142027808977186,127.3181818181818,0.0
500.0,3355.0,537.0,437.0,27.0,2.2863216364874996,157.57142857142858,0.0
500.0,3356.0,539.0,554.0,4.0,1.9300563079745772,109.6,0.0
500.0,3357.0,543.0,506.0,8.0,1.387253486026508,100.33333333333331,0.0
500.0,3358.0,555.0,596.0,12.0,1.9185807234256325,125.92307692307692,0.0
500.0,3359.0,565.0,525.0,10.0,1.1506231135902163,97.72727272727272,0.0
500.0,3360.0,568.0,549.0,9.0,1.2478708664619076,98.0,0.0
500.0,3361.0,578.0,615.0,16.0,1.4831296138586136,101.17647058823528,0.0
500.0,3362.0,586.0,596.0,9.0,2.269890871741394,150.6,0.0
500.0,3363.0,587.0,601.0,5.0,1.4714045207910316,111.16666666666669,0.0
500.0,3364.0,589.0,682.0,23.0,1.887797324556886,105.41666666666669,0.0
500.0,3365.0,590.0,609.0,16.0,4.463013841761179,186.35294117647055,0.0
500.0,3366.0,598.0,553.0,17.0,1.5118446353109125,91.44444444444444,0.0
500.0,3367.0,600.0,609.0,5.0,,194.0,0.0
500.0,3368.0,602.0,608.0,10.0,1.8402400624653896,101.36363636363636,0.0
500.0,3369.0,603.0,567.0,12.0,1.3631807193644894,99.3846153846154,0.0
500.0,3370.0,642.0,634.0,16.0,1.1319200404187817,88.17647058823529,0.0
500.0,3371.0,655.0,628.0,8.0,1.3602934096799206,97.88888888888889,0.0
500.0,3372.0,658.0,618.0,16.0,2.083318109705808,141.47058823529412,0.0
500.0,3373.0,659.0,694.0,7.0,1.809838583077384,107.375,0.0
500.0,3374.0,665.0,530.0,35.0,1.1476030138606876,86.77777777777777,0.0
500.0,3375.0,666.0,671.0,12.0,1.3763786328455514,97.76923076923076,0.0
500.0,3376.0,670.0,701.0,8.0,2.2818478952495065,154.0,0.0
500.0,3377.0,680.0,726.0,8.0,1.543658025221352,135.55555555555554,0.0
500.0,3378.0,684.0,679.0,31.0,1.3760955578350975,97.0625,0.0
500.0,3379.0,690.0,710.0,4.0,1.412899020449196,153.8,0.0
500.0,3380.0,697.0,786.0,24.0,2.545305058642906,132.64,0.0
500.0,3381.0,700.0,747.0,10.0,1.5954342251349594,100.54545454545456,0.0
500.0,3382.0,704.0,725.0,12.0,1.8829775895860823,104.76923076923076,0.0
500.0,3383.0,708.0,663.0,27.0,2.0340371043658676,146.03571428571428,0.0
500.0,3384.0,712.0,681.0,6.0,1.6060915267313265,107.71428571428572,0.0
500.0,3385.0,715.0,735.0,4.0,1.578584445398434,108.2,0.0
500.0,3386.0,716.0,767.0,15.0,2.180533988749895,125.375,0.0
500.0,3387.0,717.0,664.0,9.0,2.094427190999916,116.1,0.0
500.0,3388.0,720.0,688.0,6.0,1.7826726663741534,109.0,0.0
500.0,3389.0,728.0,742.0,11.0,1.853553390593274,107.58333333333331,0.0
500.0,3390.0,736.0,765.0,6.0,1.866356443177997,118.71428571428572,0.0
500.0,3391.0,737.0,751.0,14.0,2.008161166324831,140.33333333333334,0.0
500.0,3392.0,744.0,619.0,23.0,1.577645207311221,96.0,0.0
500.0,3393.0,745.0,755.0,9.0,1.8714776642118864,123.5,0.0
500.0,3394.0,746.0,673.0,14.0,1.2990187582825714,96.26666666666668,0.0
500.0,3395.0,748.0,707.0,7.0,2.0590169943749475,106.25,0.0
500.0,3396.0,762.0,663.0,19.0,1.236067467586918,93.4,0.0
500.0,3397.0,766.0,759.0,11.0,1.8387079251871652,102.25,0.0
500.0,3398.0,779.0,649.0,27.0,1.352502060181743,97.75,0.0
500.0,3399.0,781.0,873.0,28.0,1.5233514991191055,95.34482758620688,0.0
500.0,3400.0,790.0,839.0,18.0,2.1802723619602036,136.52631578947367,0.0
500.0,3401.0,799.0,767.0,11.0,2.319766178082611,142.41666666666666,0.0
500.0,3402.0,806.0,915.0,26.0,1.4205681133084214,88.88888888888889,0.0
500.0,3403.0,816.0,789.0,6.0,1.7826726663741537,128.28571428571428,0.0
500.0,3404.0,820.0,833.0,4.0,1.765685424949238,133.0,0.0
500.0,3405.0,821.0,847.0,11.0,2.2254567855861196,134.58333333333334,0.0
500.0,3406.0,824.0,845.0,28.0,1.729039159438998,105.6206896551724,0.0
500.0,3407.0,869.0,855.0,25.0,1.8197580191917215,110.6153846153846,0.0
500.0,3408.0,874.0,897.0,7.0,2.3251407699364424,155.5,0.0
500.0,3409.0,876.0,1032.0,30.0,1.7018195871761763,106.74193548387096,0.0
500.0,3410.0,878.0,993.0,24.0,1.6691168824543143,103.4,0.0
500.0,3411.0,885.0,886.0,23.0,1.0345177968644246,87.83333333333333,0.0
500.0,3412.0,888.0,973.0,17.0,1.1932615924788377,95.16666666666669,0.0
500.0,3413.0,893.0,909.0,13.0,1.4377850146065687,110.92857142857144,0.0
500.0,3414.0,905.0,959.0,15.0,2.1993191812340056,136.25,0.0
500.0,3415.0,911.0,859.0,11.0,1.629148039707046,119.08333333333331,0.0
500.0,3416.0,914.0,946.0,11.0,2.4999559830966422,154.41666666666666,0.0
500.0,3417.0,924.0,1015.0,17.0,2.097966878869995,118.83333333333331,0.0
500.0,3418.0,936.0,1013.0,18.0,4.050747193460061,153.57894736842104,0.0
500.0,3419.0,945.0,1005.0,12.0,1.4856698845372895,90.46153846153848,0.0
500.0,3420.0,951.0,969.0,3.0,1.3535533905932735,89.5,0.0
500.0,3421.0,952.0,1055.0,26.0,1.3745443841558551,89.14814814814815,0.0
500.0,3422.0,953.0,927.0,28.0,2.048841650517198,146.9655172413793,0.0
500.0,3423.0,962.0,993.0,7.0,1.7803300858899107,126.125,0.0
500.0,3424.0,972.0,979.0,11.0,1.9023689270621824,102.0,0.0
500.0,3425.0,978.0,995.0,18.0,1.4901951841570928,100.84210526315788,0.0
500.0,3426.0,981.0,1023.0,8.0,1.433277215179074,93.44444444444444,0.0
500.0,3427.0,982.0,1058.0,13.0,1.2780658733565835,98.85714285714286,0.0
500.0,3428.0,990.0,1026.0,6.0,2.2949278717494255,129.0,0.0
500.0,3429.0,1003.0,1013.0,4.0,5.282831145833074,165.0,0.0
500.0,3430.0,1006.0,927.0,16.0,1.2919994140504496,96.41176470588236,0.0
500.0,3431.0,1011.0,1068.0,8.0,1.5706181015679397,111.33333333333331,0.0
500.0,3432.0,1012.0,1023.0,4.0,1.8828427124746192,102.6,0.0
500.0,3433.0,1017.0,977.0,20.0,2.0511077197376726,118.76190476190476,0.0
500.0,3434.0,1018.0,938.0,22.0,1.4440523232868012,98.34782608695652,0.0
500.0,3435.0,1019.0,1091.0,11.0,1.117851130197758,89.0,0.0
500.0,3436.0,1020.0,1057.0,14.0,2.102442070483037,139.06666666666666,0.0
500.0,3437.0,1027.0,1048.0,12.0,4.494855680642598,144.30769230769232,0.0
500.0,3438.0,1036.0,1068.0,42.0,2.0768593415115593,168.04651162790697,0.0
500.0,3439.0,1039.0,1014.0,30.0,2.012058877233448,142.3548387096774,0.0
500.0,3440.0,1043.0,1098.0,8.0,2.1770509831248424,173.22222222222223,0.0
500.0,3441.0,1044.0,1062.0,10.0,1.2259346703853249,97.0909090909091,0.0
500.0,3442.0,1046.0,1045.0,5.0,1.981058252895446,188.83333333333337,0.0
500.0,3443.0,1049.0,1075.0,31.0,1.568957210186779,100.6875,0.0
500.0,3444.0,1054.0,1026.0,12.0,3.050839314656111,156.6153846153846,0.0
500.0,3445.0,1064.0,1056.0,10.0,1.6422268274769072,110.36363636363636,0.0
500.0,3446.0,1069.0,1037.0,5.0,1.845354552482872,154.66666666666666,0.0
500.0,3447.0,1080.0,1032.0,7.0,2.1188555774523317,132.625,0.0
500.0,3448.0,1082.0,1072.0,7.0,2.118033988749895,177.25,0.0
500.0,3449.0,1083.0,1035.0,20.0,2.056206661309473,168.04761904761904,0.0
500.0,3450.0,1089.0,979.0,18.0,1.201496164460326,89.21052631578948,0.0
500.0,3451.0,1090.0,1031.0,11.0,1.617851130197758,92.0,0.0
500.0,3452.0,1092.0,1067.0,8.0,2.4001251288323937,185.55555555555551,0.0
500.0,3453.0,1105.0,1058.0,7.0,1.942078882155695,152.375,0.0
500.0,3454.0,1109.0,1188.0,14.0,1.2871423859576845,95.13333333333334,0.0
500.0,3455.0,1110.0,1142.0,15.0,1.5713834764831844,113.0625,0.0
500.0,3456.0,1114.0,1175.0,11.0,2.2594268566489193,129.91666666666666,0.0
500.0,3457.0,1129.0,1124.0,10.0,3.2256844555443935,120.8181818181818,0.0
500.0,3458.0,1137.0,1045.0,14.0,2.0157378651666527,129.06666666666666,0.0
500.0,3459.0,1148.0,1204.0,11.0,1.968207412715717,107.66666666666669,0.0
500.0,3460.0,1149.0,1196.0,10.0,1.483064408998615,103.63636363636364,0.0
500.0,3461.0,1162.0,1225.0,12.0,1.3313181376434822,90.53846153846152,0.0
500.0,3462.0,1165.0,1230.0,15.0,2.0295084971874737,124.1875,0.0
500.0,3463.0,1166.0,1227.0,16.0,1.7865665230359558,114.6470588235294,0.0
500.0,3464.0,1172.0,1218.0,20.0,4.917843879867404,161.52380952380952,0.0
500.0,3465.0,1177.0,1139.0,8.0,2.1969665594161496,140.33333333333334,0.0
500.0,3466.0,1187.0,1188.0,5.0,2.0393446629166316,128.0,0.0
500.0,3467.0,1210.0,1211.0,9.0,1.1242640687119287,118.0,0.0
500.0,3468.0,1214.0,1202.0,9.0,1.8478708664619077,120.0,0.0
500.0,3469.0,1226.0,1271.0,18.0,1.642454248735628,98.63157894736842,0.0
500.0,3470.0,1233.0,1297.0,13.0,1.3550401963197962,88.71428571428571,0.0
500.0,3471.0,1241.0,1206.0,17.0,1.9548284776176916,123.61111111111111,0.0
500.0,3472.0,1250.0,1258.0,27.0,1.2341553280751445,94.92857142857144,0.0
500.0,3473.0,1252.0,1247.0,7.0,1.5080618877807477,127.25,0.0
500.0,3474.0,1255.0,1276.0,4.0,2.047213595499958,135.6,0.0
500.0,3475.0,1260.0,1304.0,10.0,1.3544995396919697,96.8181818181818,0.0
500.0,3476.0,1262.0,1384.0,22.0,1.4664313939720806,108.6086956521739,0.0
500.0,3477.0,1263.0,1209.0,11.0,9.185134144444469,182.08333333333337,0.0
500.0,3478.0,1266.0,1243.0,5.0,1.304737854124365,107.33333333333331,0.0
500.0,3479.0,1270.0,1246.0,9.0,1.6721349351738362,101.1,0.0
500.0,3480.0,1282.0,1295.0,19.0,1.8946461113496085,117.35,0.0
500.0,3481.0,1283.0,1259.0,6.0,1.3786116485532691,106.57142857142856,0.0
500.0,3482.0,1286.0,1313.0,14.0,1.8638278219492104,130.2,0.0
500.0,3483.0,1287.0,1256.0,5.0,1.0690355937288492,104.0,0.0
500.0,3484.0,1292.0,1279.0,8.0,1.1571348402636774,99.44444444444444,0.0
500.0,3485.0,1293.0,1198.0,24.0,2.02428682665083,127.68,0.0
500.0,3486.0,1301.0,1374.0,32.0,1.1934780700257646,89.0,0.0
500.0,3487.0,1303.0,1302.0,19.0,2.0886349517372675,150.6,0.0
500.0,3488.0,1312.0,1230.0,22.0,2.2157306928038887,142.2608695652174,0.0
500.0,3489.0,1317.0,1383.0,11.0,1.658291244717639,101.0,0.0
500.0,3490.0,1325.0,1335.0,5.0,1.6380711874576983,126.16666666666669,0.0
500.0,3491.0,1327.0,1307.0,4.0,1.9300563079745772,133.0,0.0
500.0,3492.0,1329.0,1366.0,17.0,1.46545575562393,95.44444444444444,0.0
500.0,3493.0,1338.0,1365.0,5.0,1.5118446353109125,97.0,0.0
500.0,3494.0,1339.0,1366.0,9.0,1.3485281374238571,100.4,0.0
500.0,3495.0,1340.0,1341.0,6.0,1.5469181606780271,101.42857142857144,0.0
500.0,3496.0,1352.0,1302.0,8.0,2.407291251304169,142.22222222222223,0.0
500.0,3497.0,1364.0,1428.0,16.0,1.3957601212563444,97.47058823529412,0.0
500.0,3498.0,1368.0,1389.0,17.0,2.0918042134721397,146.27777777777777,0.0
500.0,3499.0,1370.0,1405.0,10.0,1.2259346703853249,100.0,0.0
500.0,3500.0,1381.0,1431.0,20.0,1.363210333236644,94.33333333333331,0.0
500.0,3501.0,1382.0,1390.0,9.0,2.094427190999916,159.1,0.0
500.0,3502.0,1388.0,1424.0,14.0,2.5175250411213086,176.6,0.0
500.0,3503.0,1401.0,1342.0,12.0,1.7659551791721655,115.6153846153846,0.0
500.0,3504.0,1402.0,1341.0,12.0,1.3450216441721978,103.6923076923077,0.0
500.0,3505.0,1404.0,1336.0,13.0,1.1010152544552212,101.0,0.0
500.0,3506.0,1408.0,1432.0,7.0,2.015302186859058,128.875,0.0
500.0,3507.0,1429.0,1432.0,10.0,1.4824668899422968,114.8181818181818,0.0
500.0,3508.0,1435.0,1462.0,8.0,1.497634296068786,139.33333333333334,0.0
500.0,3509.0,1437.0,1383.0,18.0,1.7225222137556768,100.57894736842104,0.0
500.0,3510.0,1445.0,1495.0,19.0,1.2363961030678927,92.9,0.0
500.0,3511.0,1451.0,1478.0,6.0,1.4040610178208843,116.85714285714286,0.0
500.0,3512.0,1455.0,1483.0,8.0,1.934912618041455,117.44444444444444,0.0
500.0,3513.0,1458.0,1422.0,10.0,2.289918809067645,160.63636363636363,0.0
500.0,3514.0,1464.0,1481.0,18.0,1.9139504306311443,117.21052631578948,0.0
500.0,3515.0,1467.0,1449.0,4.0,1.448528137423857,152.4,0.0
500.0,3516.0,1474.0,1465.0,9.0,1.9886349517372677,113.6,0.0
500.0,3517.0,1477.0,1494.0,16.0,1.924398626006992,114.17647058823528,0.0
500.0,3518.0,1479.0,1383.0,33.0,1.102508275712899,85.02941176470588,0.0
500.0,3519.0,1485.0,1490.0,22.0,1.9695896991193809,113.34782608695652,0.0
500.0,3520.0,1488.0,1493.0,14.0,1.9609475708248731,105.73333333333332,0.0
500.0,3521.0,1489.0,1500.0,9.0,1.6071067811865476,100.5,0.0
500.0,3522.0,1497.0,1506.0,27.0,1.6984410423608585,95.64285714285714,0.0
500.0,3523.0,1503.0,1498.0,13.0,2.5217471423484232,195.3571428571429,0.0
500.0,3524.0,1512.0,1234.0,71.0,,123.84722222222224,0.0
500.0,3525.0,1522.0,1553.0,21.0,1.5736747403795468,91.86363636363636,0.0
500.0,3526.0,1525.0,1524.0,12.0,1.2494338990091758,106.15384615384616,0.0
500.0,3527.0,1533.0,1519.0,5.0,1.4417135899788145,154.33333333333334,0.0
500.0,3528.0,1534.0,1519.0,6.0,,172.28571428571428,0.0
500.0,3529.0,1535.0,1592.0,18.0,1.9417327487890617,115.0,0.0
500.0,3530.0,1545.0,1500.0,22.0,1.5160894645690788,95.6086956521739,0.0
500.0,3531.0,1546.0,1618.0,20.0,1.6567817696954203,98.9047619047619,0.0
500.0,3532.0,1549.0,1583.0,18.0,1.7657777092886606,110.52631578947368,0.0
500.0,3533.0,1557.0,1583.0,18.0,1.798965257236787,151.05263157894737,0.0
500.0,3534.0,1559.0,1592.0,33.0,2.291935175686679,192.2058823529412,0.0
500.0,3535.0,1560.0,1621.0,15.0,2.0295084971874737,122.3125,0.0
500.0,3536.0,1562.0,1625.0,17.0,1.2718290126106762,90.61111111111111,0.0
500.0,3537.0,1564.0,1585.0,5.0,1.0690355937288492,94.0,0.0
500.0,3538.0,1567.0,1536.0,11.0,2.0102014579060388,133.83333333333334,0.0
500.0,3539.0,1574.0,1607.0,8.0,,143.22222222222223,0.0
500.0,3540.0,1579.0,1491.0,31.0,1.7694013840109384,117.28125,0.0
500.0,3541.0,1584.0,1556.0,11.0,1.7416245780509725,120.16666666666669,0.0
500.0,3542.0,1588.0,1589.0,7.0,1.5303300858899105,92.125,0.0
500.0,3543.0,1597.0,1581.0,16.0,1.2882055845065687,100.41176470588236,0.0
500.0,3544.0,1603.0,1606.0,26.0,1.4560632777401763,91.5925925925926,0.0
500.0,3545.0,1609.0,1590.0,12.0,2.1545205394034723,150.92307692307693,0.0
500.0,3546.0,1619.0,1625.0,9.0,2.047213595499958,145.0,0.0
500.0,3547.0,1620.0,1664.0,11.0,1.289892388718256,106.16666666666669,0.0
500.0,3548.0,1622.0,1630.0,8.0,2.170736784138396,143.33333333333334,0.0
500.0,3549.0,1626.0,1638.0,34.0,2.030476840139189,149.31428571428572,0.0
500.0,3550.0,1628.0,1610.0,14.0,1.6204757192910175,109.8,0.0
500.0,3551.0,1636.0,1610.0,11.0,1.7755946491137722,105.5,0.0
500.0,3552.0,1642.0,1659.0,13.0,2.0928973628389835,148.92857142857142,0.0
500.0,3553.0,1643.0,1632.0,6.0,2.540834921997763,170.28571428571428,0.0
500.0,3554.0,1649.0,1648.0,7.0,1.6116152783740212,120.875,0.0
500.0,3555.0,1657.0,1691.0,9.0,1.6307135789365266,104.3,0.0
500.0,3556.0,1658.0,1602.0,13.0,1.5933668420975189,93.5,0.0
500.0,3557.0,1663.0,1808.0,32.0,1.4506078086390548,92.0,0.0
500.0,3558.0,1667.0,1671.0,10.0,2.094427190999916,164.72727272727272,0.0
500.0,3559.0,1675.0,1651.0,6.0,1.9500402199818407,113.28571428571428,0.0
500.0,3560.0,1678.0,1740.0,13.0,2.0930540987408155,127.71428571428572,0.0
500.0,3561.0,1685.0,1767.0,18.0,1.9759580929928977,116.10526315789474,0.0
500.0,3562.0,1701.0,1724.0,21.0,1.9789377753293436,149.13636363636363,0.0
500.0,3563.0,1702.0,1652.0,15.0,1.1031425962420554,94.125,0.0
500.0,3564.0,1703.0,1727.0,44.0,1.4361648221771002,85.02222222222223,0.0
500.0,3565.0,1709.0,1752.0,8.0,1.387253486026508,88.0,0.0
500.0,3566.0,1711.0,1696.0,15.0,1.8901650429449552,112.8125,0.0
500.0,3567.0,1713.0,1721.0,22.0,1.9441207235703857,124.65217391304348,0.0
500.0,3568.0,1714.0,1715.0,13.0,2.8181103946306223,204.21428571428572,0.0
500.0,3569.0,1717.0,1740.0,14.0,1.8752660136327977,121.8,0.0
500.0,3570.0,1720.0,1807.0,18.0,,97.6842105263158,0.0
500.0,3571.0,1729.0,1735.0,8.0,2.052459550555509,119.0,0.0
500.0,3572.0,1737.0,1759.0,24.0,1.1462741699796952,84.24,0.0
500.0,3573.0,1739.0,1754.0,10.0,1.9896681379429704,117.27272727272728,0.0
500.0,3574.0,1748.0,1754.0,5.0,2.0786893258332633,126.33333333333331,0.0
500.0,3575.0,1751.0,1745.0,11.0,1.6286003139054213,125.75,0.0
500.0,3576.0,1757.0,1811.0,13.0,2.27775312999988,150.14285714285714,0.0
500.0,3577.0,1760.0,1765.0,9.0,1.9414213562373095,119.8,0.0
500.0,3578.0,1770.0,1793.0,8.0,1.322166104067963,90.11111111111111,0.0
500.0,3579.0,1775.0,1731.0,9.0,1.8714776642118869,115.4,0.0
500.0,3580.0,1778.0,1704.0,13.0,1.665264892784626,94.21428571428572,0.0
500.0,3581.0,1784.0,1805.0,6.0,1.4285714285714286,107.0,0.0
500.0,3582.0,1786.0,1824.0,10.0,1.429811096487078,88.81818181818181,0.0
500.0,3583.0,1797.0,1757.0,16.0,1.6104825647782788,111.23529411764706,0.0
500.0,3584.0,1798.0,1780.0,7.0,2.1483640746398054,186.625,0.0
500.0,3585.0,1799.0,1880.0,20.0,2.1231075349898387,136.23809523809524,0.0
500.0,3586.0,1801.0,1804.0,11.0,1.5059223176554564,96.0,0.0
500.0,3587.0,1809.0,1756.0,13.0,2.436808327315191,193.8571428571429,0.0
500.0,3588.0,1810.0,1805.0,12.0,1.79235100613429,118.6923076923077,0.0
500.0,3589.0,1822.0,1813.0,6.0,2.1011719903570527,155.57142857142858,0.0
500.0,3590.0,1826.0,1816.0,24.0,2.0097933995897974,112.28,0.0
500.0,3591.0,1832.0,1860.0,11.0,1.2559223176554564,102.5,0.0
500.0,3592.0,1836.0,1825.0,14.0,1.702880251124337,102.4,0.0
500.0,3593.0,1841.0,1828.0,18.0,1.0526315789473684,86.78947368421052,0.0
500.0,3594.0,1844.0,1862.0,11.0,1.6725889843221229,99.58333333333331,0.0
500.0,3595.0,1848.0,1818.0,12.0,1.4670052162973444,111.6923076923077,0.0
500.0,3596.0,1853.0,1883.0,21.0,1.6158989307492977,102.04545454545456,0.0
500.0,3597.0,1858.0,1859.0,11.0,2.6437705220725434,214.58333333333337,0.0
500.0,3598.0,1864.0,1849.0,10.0,1.733733437442316,107.72727272727272,0.0
500.0,3599.0,1868.0,1800.0,25.0,1.6843237370616857,105.03846153846152,0.0
500.0,3600.0,1872.0,1892.0,7.0,2.3975424859373686,177.125,0.0
500.0,3601.0,1876.0,1900.0,6.0,2.2532427192493354,154.57142857142858,0.0
500.0,3602.0,1881.0,1860.0,7.0,1.9857936896715844,133.75,0.0
500.0,3603.0,1882.0,1813.0,19.0,1.9890733023495235,135.85,0.0
500.0,3604.0,1885.0,1879.0,23.0,1.6133895563224314,96.125,0.0
500.0,3605.0,1893.0,1938.0,11.0,1.8446302428426211,114.08333333333331,0.0
500.0,3606.0,1901.0,1917.0,12.0,1.9643562351727355,161.92307692307693,0.0
500.0,3607.0,1902.0,1918.0,7.0,2.118033988749895,153.375,0.0
500.0,3608.0,1906.0,1931.0,22.0,1.9950586746683767,122.3913043478261,0.0
500.0,3609.0,1910.0,1955.0,21.0,1.9234501273459272,160.3181818181818,0.0
500.0,3610.0,1912.0,1840.0,16.0,1.5962095831830267,98.6470588235294,0.0
500.0,3611.0,1916.0,1974.0,12.0,2.290882003614653,145.15384615384616,0.0
500.0,3612.0,1919.0,1877.0,11.0,1.6232257220515895,100.16666666666669,0.0
500.0,3613.0,1929.0,1970.0,10.0,1.181818181818182,89.63636363636364,0.0
500.0,3614.0,1930.0,1950.0,7.0,1.1035533905932735,95.25,0.0
500.0,3615.0,1944.0,1928.0,5.0,1.5404401145198807,102.16666666666669,0.0
500.0,3616.0,1953.0,1939.0,16.0,2.0210873807277796,155.47058823529412,0.0
500.0,3617.0,1960.0,1981.0,5.0,2.0204029158120775,196.66666666666663,0.0
500.0,3618.0,1963.0,2010.0,10.0,1.4077528522035063,107.45454545454544,0.0
500.0,3619.0,1966.0,1941.0,17.0,1.954828477617691,136.22222222222223,0.0
500.0,3620.0,1967.0,1994.0,10.0,1.866966459749596,110.8181818181818,0.0
500.0,3621.0,1973.0,2024.0,20.0,1.821808590903996,114.76190476190476,0.0
500.0,3622.0,2000.0,2024.0,6.0,2.0174882135532095,116.0,0.0
500.0,3623.0,2003.0,2043.0,12.0,2.2089977649803467,175.69230769230768,0.0
500.0,3624.0,2007.0,1817.0,41.0,1.3737734478532142,91.47619047619048,0.0
500.0,3625.0,2008.0,2054.0,17.0,1.73965047216582,110.94444444444444,0.0
500.0,3626.0,2011.0,2083.0,18.0,,203.0,0.0
500.0,3627.0,2019.0,1970.0,15.0,1.7071067811865477,101.25,0.0
500.0,3628.0,2025.0,2070.0,7.0,1.9125703849682212,117.75,0.0
500.0,3629.0,2031.0,2001.0,16.0,1.9382849776246265,139.41176470588235,0.0
500.0,3630.0,2034.0,2081.0,7.0,2.3101128709055896,156.375,0.0
500.0,3631.0,2035.0,1955.0,14.0,1.6828427124746193,126.6,0.0
500.0,3632.0,2037.0,1984.0,9.0,1.6307135789365266,103.4,0.0
500.0,3633.0,2041.0,2009.0,29.0,1.7128258770283409,98.83333333333331,0.0
500.0,3634.0,2042.0,2088.0,7.0,1.7803300858899105,91.875,0.0
500.0,3635.0,2044.0,2081.0,11.0,1.7267791126448635,119.16666666666669,0.0
500.0,3636.0,2049.0,1954.0,25.0,2.1498965704709017,168.5,0.0
500.0,3637.0,2059.0,2069.0,11.0,1.3535533905932735,101.0,0.0
500.0,3638.0,2076.0,1997.0,12.0,1.8697796761050205,115.23076923076924,0.0
500.0,3639.0,2085.0,2112.0,21.0,1.1584218806472075,88.5,0.0
500.0,3640.0,2090.0,1998.0,16.0,1.37518844713122,92.0,0.0
500.0,3641.0,2092.0,2079.0,16.0,1.4680833723081266,99.6470588235294,0.0
500.0,3642.0,2096.0,2176.0,22.0,2.1642212017389837,156.08695652173913,0.0
500.0,3643.0,2097.0,2206.0,19.0,2.2304946585868337,175.65,0.0
500.0,3644.0,2099.0,2123.0,10.0,1.573375980851388,131.8181818181818,0.0
500.0,3645.0,2107.0,2079.0,11.0,2.0304215151659792,135.5,0.0
500.0,3646.0,2109.0,1969.0,28.0,1.2344479266628734,86.79310344827586,0.0
500.0,3647.0,2110.0,2166.0,22.0,,125.04347826086956,0.0
500.0,3648.0,2113.0,2143.0,5.0,1.344082517040997,117.5,0.0
500.0,3649.0,2126.0,2069.0,9.0,1.7307135789365264,103.1,0.0
500.0,3650.0,2133.0,2252.0,27.0,1.0443800245399746,82.75,0.0
500.0,3651.0,2134.0,2244.0,20.0,1.3513430286300352,94.9047619047619,0.0
500.0,3652.0,2137.0,2127.0,4.0,,177.6,0.0
500.0,3653.0,2139.0,2077.0,11.0,1.4142135623730951,90.0,0.0
500.0,3654.0,2141.0,2121.0,13.0,1.421392495472262,95.35714285714286,0.0
500.0,3655.0,2150.0,2081.0,11.0,2.20674191393706,143.91666666666666,0.0
500.0,3656.0,2152.0,2235.0,16.0,1.6066887352343977,95.29411764705884,0.0
500.0,3657.0,2156.0,2143.0,6.0,1.6480901510350798,134.0,0.0
500.0,3658.0,2157.0,2124.0,5.0,1.4428090415820634,96.0,0.0
500.0,3659.0,2160.0,2197.0,11.0,2.7945941390353704,146.91666666666666,0.0
500.0,3660.0,2161.0,2247.0,16.0,1.4789491543371147,92.70588235294116,0.0
500.0,3661.0,2164.0,2201.0,18.0,1.065402141427331,84.78947368421052,0.0
500.0,3662.0,2168.0,2143.0,7.0,1.809838583077384,117.125,0.0
500.0,3663.0,2175.0,2233.0,11.0,2.2249090597844945,142.16666666666666,0.0
500.0,3664.0,2184.0,2119.0,11.0,2.5851593692903445,166.08333333333334,0.0
500.0,3665.0,2187.0,2223.0,9.0,1.4478708664619075,109.4,0.0
500.0,3666.0,2193.0,2137.0,15.0,,172.5,0.0
500.0,3667.0,2194.0,2226.0,16.0,,141.88235294117646,0.0
500.0,3668.0,2202.0,2220.0,6.0,,170.85714285714286,0.0
500.0,3669.0,2204.0,2236.0,6.0,1.6398155235170109,123.28571428571428,0.0
500.0,3670.0,2208.0,2223.0,9.0,2.130056307974577,168.0,0.0
500.0,3671.0,2209.0,2170.0,12.0,1.530730379739359,121.92307692307692,0.0
500.0,3672.0,2214.0,2215.0,4.0,1.165685424949238,115.2,0.0
500.0,3673.0,2217.0,2213.0,26.0,2.2686519259996323,166.77777777777777,0.0
500.0,3674.0,2218.0,2288.0,19.0,1.165685424949238,92.45,0.0
500.0,3675.0,2231.0,2232.0,4.0,2.047213595499958,108.6,0.0
500.0,3676.0,2234.0,2233.0,11.0,2.185564396867863,132.5,0.0
500.0,3677.0,2239.0,2273.0,14.0,2.7555548221721264,166.93333333333334,0.0
500.0,3678.0,2245.0,2329.0,19.0,1.3313708498984762,98.85,0.0
500.0,3679.0,2249.0,2314.0,16.0,1.533592224227381,108.70588235294116,0.0
500.0,3680.0,2256.0,2274.0,9.0,1.5640986324787454,91.8,0.0
500.0,3681.0,2265.0,2235.0,7.0,1.4874368670764584,100.75,0.0
500.0,3682.0,2269.0,2211.0,10.0,1.3694995547496347,100.54545454545456,0.0
500.0,3683.0,2270.0,2328.0,18.0,1.3721614637823931,99.05263157894736,0.0
500.0,3684.0,2271.0,2333.0,12.0,2.2271568401726385,173.69230769230768,0.0
500.0,3685.0,2272.0,2255.0,27.0,1.4568720415572796,107.39285714285714,0.0
500.0,3686.0,2283.0,2334.0,9.0,1.7242640687119284,90.5,0.0
500.0,3687.0,2286.0,2278.0,12.0,1.9280380847881524,101.6153846153846,0.0
500.0,3688.0,2287.0,2302.0,3.0,5.554029175494951,96.5,0.0
500.0,3689.0,2303.0,2302.0,10.0,4.611854142905692,101.27272727272728,0.0
500.0,3690.0,2313.0,2343.0,6.0,1.2857142857142858,99.0,0.0
500.0,3691.0,2319.0,2416.0,17.0,1.2856742013183862,98.44444444444444,0.0
500.0,3692.0,2320.0,2355.0,7.0,1.4571067811865477,103.125,0.0
500.0,3693.0,2335.0,2370.0,18.0,1.248838003229361,91.36842105263158,0.0
500.0,3694.0,2339.0,2359.0,10.0,1.1882788919877707,95.8181818181818,0.0
500.0,3695.0,2342.0,2401.0,9.0,1.4242640687119283,87.4,0.0
500.0,3696.0,2345.0,2454.0,19.0,1.0707106781186548,93.05,0.0
500.0,3697.0,2346.0,2436.0,14.0,1.1771236166328256,90.6,0.0
500.0,3698.0,2347.0,2370.0,20.0,1.622431800565023,97.1904761904762,0.0
500.0,3699.0,2360.0,2316.0,10.0,1.7557916817258876,105.1818181818182,0.0
500.0,3700.0,2361.0,2427.0,10.0,2.390115260423667,150.36363636363637,0.0
500.0,3701.0,2365.0,2407.0,7.0,1.7803300858899105,104.125,0.0
500.0,3702.0,2366.0,2288.0,13.0,1.4928210669008333,98.5,0.0
500.0,3703.0,2378.0,2224.0,24.0,2.5846116434887194,185.8,0.0
500.0,3704.0,2383.0,2404.0,6.0,1.6060915267313265,125.57142857142856,0.0
500.0,3705.0,2386.0,2421.0,9.0,1.8242640687119285,97.7,0.0
500.0,3706.0,2387.0,2450.0,10.0,1.9046222381471505,119.9090909090909,0.0
500.0,3707.0,2393.0,2314.0,17.0,1.5539201526931743,102.5,0.0
500.0,3708.0,2394.0,2341.0,11.0,1.6779635761759548,100.83333333333331,0.0
500.0,3709.0,2396.0,2465.0,12.0,1.3955488941331504,88.76923076923077,0.0
500.0,3710.0,2397.0,2336.0,10.0,1.385694607919935,107.27272727272728,0.0
500.0,3711.0,2399.0,2490.0,19.0,1.4313708498984763,88.85,0.0
500.0,3712.0,2402.0,2227.0,28.0,1.4317358353435066,94.03448275862068,0.0
500.0,3713.0,2403.0,2324.0,13.0,1.4509791784989117,106.35714285714286,0.0
500.0,3714.0,2405.0,2486.0,14.0,1.370423279073603,88.13333333333334,0.0
500.0,3715.0,2414.0,2453.0,8.0,2.96335625617943,191.66666666666663,0.0
500.0,3716.0,2417.0,2355.0,11.0,1.5606601717798216,101.5,0.0
500.0,3717.0,2420.0,2473.0,8.0,1.674563090207275,100.77777777777776,0.0
500.0,3718.0,2426.0,2514.0,13.0,1.3846268793464456,94.57142857142856,0.0
500.0,3719.0,2431.0,2503.0,11.0,1.1523689270621826,86.41666666666667,0.0
500.0,3720.0,2439.0,2423.0,3.0,1.5,202.75,0.0
500.0,3721.0,2462.0,2456.0,7.0,1.9125703849682212,132.125,0.0
500.0,3722.0,2470.0,2621.0,24.0,2.075872765604973,124.8,0.0
500.0,3723.0,2472.0,2501.0,5.0,1.844082517040997,112.0,0.0
500.0,3724.0,2480.0,2557.0,21.0,1.1694510027889935,90.45454545454544,0.0
500.0,3725.0,2494.0,2443.0,14.0,2.094427190999916,158.26666666666668,0.0
500.0,3726.0,2499.0,2605.0,16.0,2.714553974144065,130.23529411764707,0.0
500.0,3727.0,2505.0,2678.0,26.0,2.2864631470086954,170.33333333333334,0.0
500.0,3728.0,2508.0,2544.0,13.0,2.329278083695477,182.71428571428572,0.0
500.0,3729.0,2509.0,2604.0,28.0,7.34890020364274,117.93103448275862,0.0
500.0,3730.0,2521.0,2500.0,10.0,1.0753115567951084,91.0,0.0
500.0,3731.0,2522.0,2540.0,7.0,1.4866152783740212,99.0,0.0
500.0,3732.0,2524.0,2538.0,7.0,1.8830618877807477,121.125,0.0
500.0,3733.0,2525.0,2588.0,11.0,7.259188662419764,116.5,0.0
500.0,3734.0,2533.0,2500.0,5.0,1.1380711874576983,93.33333333333331,0.0
500.0,3735.0,2536.0,2585.0,8.0,1.987372168596964,124.44444444444444,0.0
500.0,3736.0,2541.0,2600.0,14.0,1.5037566124069366,90.86666666666666,0.0
500.0,3737.0,2547.0,2559.0,11.0,1.3244101855826809,107.66666666666669,0.0
500.0,3738.0,2552.0,2444.0,17.0,1.498364597137619,94.94444444444444,0.0
500.0,3739.0,2554.0,2651.0,15.0,1.7071067811865477,101.6875,0.0
500.0,3740.0,2566.0,2628.0,14.0,2.2240453183331934,157.06666666666666,0.0
500.0,3741.0,2567.0,2700.0,26.0,1.6094757082487297,108.11111111111111,0.0
500.0,3742.0,2574.0,2501.0,12.0,1.882977589586083,99.84615384615384,0.0
500.0,3743.0,2577.0,2626.0,7.0,2.1920788821556947,148.25,0.0
500.0,3744.0,2578.0,2602.0,9.0,1.3899494936611667,109.5,0.0
500.0,3745.0,2579.0,2588.0,6.0,9.971647840335583,114.85714285714286,0.0
500.0,3746.0,2581.0,2546.0,16.0,1.1461930220140335,85.05882352941177,0.0
500.0,3747.0,2596.0,2642.0,8.0,1.0460237291525665,86.44444444444444,0.0
500.0,3748.0,2601.0,2543.0,11.0,1.8637548484993125,119.16666666666669,0.0
500.0,3749.0,2605.0,2641.0,9.0,7.041842558537414,160.4,0.0
500.0,3750.0,2610.0,2477.0,20.0,2.3650295838922633,150.52380952380952,0.0
500.0,3751.0,2623.0,2427.0,32.0,2.3181184481483244,151.75757575757575,0.0
500.0,3752.0,2624.0,2805.0,24.0,1.9348652356644505,114.6,0.0
500.0,3753.0,2629.0,2665.0,14.0,1.6209138999323176,104.6,0.0
500.0,3754.0,2633.0,2734.0,12.0,1.837917094384013,106.15384615384616,0.0
500.0,3755.0,2634.0,2620.0,15.0,1.7325843344836476,113.0625,0.0
500.0,3756.0,2637.0,2704.0,8.0,1.5825156319021427,98.55555555555556,0.0
500.0,3757.0,2645.0,2743.0,12.0,1.1087856586440843,88.3076923076923,0.0
500.0,3758.0,2647.0,2498.0,24.0,5.435162671677285,133.2,0.0
500.0,3759.0,2654.0,2592.0,9.0,1.165685424949238,89.8,0.0
500.0,3760.0,2677.0,2719.0,5.0,1.4714045207910316,90.16666666666669,0.0
500.0,3761.0,2680.0,2744.0,8.0,1.1571348402636774,93.33333333333331,0.0
500.0,3762.0,2683.0,2684.0,18.0,1.9015258002364188,124.42105263157896,0.0
500.0,3763.0,2691.0,2627.0,9.0,1.1414213562373097,97.2,0.0
500.0,3764.0,2695.0,2791.0,14.0,2.1496556659829955,143.73333333333332,0.0
500.0,3765.0,2705.0,2651.0,28.0,1.197514553839926,88.13793103448276,0.0
500.0,3766.0,2728.0,2749.0,7.0,1.6338834764831844,100.0,0.0
500.0,3767.0,2741.0,2794.0,9.0,2.430933009199091,185.7,0.0
500.0,3768.0,2746.0,2788.0,7.0,1.4785533905932735,106.5,0.0
500.0,3769.0,2754.0,2701.0,7.0,1.3838834764831844,102.5,0.0
500.0,3770.0,2759.0,2775.0,4.0,1.765685424949238,103.8,0.0
500.0,3771.0,2760.0,2761.0,12.0,2.0181590751922913,96.23076923076924,0.0
500.0,3772.0,2762.0,2719.0,25.0,1.5598595840809248,96.15384615384616,0.0
500.0,3773.0,2765.0,2803.0,6.0,2.362375865320794,150.71428571428572,0.0
500.0,3774.0,2778.0,2864.0,26.0,1.5967666063780772,93.33333333333331,0.0
500.0,3775.0,2784.0,2832.0,10.0,1.7019408501580329,121.0,0.0
500.0,3776.0,2785.0,2651.0,18.0,1.4811650328279449,95.89473684210526,0.0
500.0,3777.0,2797.0,2767.0,10.0,1.1506231135902167,97.45454545454544,0.0
500.0,3778.0,2798.0,2693.0,15.0,2.929291688217097,134.375,0.0
500.0,3779.0,2802.0,2823.0,9.0,1.548528137423857,121.7,0.0
500.0,3780.0,2804.0,3017.0,37.0,2.012597596437344,115.5,0.0
500.0,3781.0,2806.0,2815.0,31.0,1.9379793663082696,121.96875,0.0
500.0,3782.0,2808.0,2714.0,14.0,1.232352091615905,96.0,0.0
500.0,3783.0,2811.0,2719.0,13.0,1.18977530353517,88.78571428571429,0.0
500.0,3784.0,2812.0,2743.0,11.0,1.6488203711653615,107.08333333333331,0.0
500.0,3785.0,2817.0,2747.0,12.0,1.806054512663006,103.3846153846154,0.0
500.0,3786.0,2825.0,3032.0,34.0,1.7654976332458236,98.37142857142857,0.0
500.0,3787.0,2828.0,2809.0,10.0,1.1506231135902163,110.0909090909091,0.0
500.0,3788.0,2829.0,2873.0,11.0,3.058016459135994,140.83333333333334,0.0
500.0,3789.0,2833.0,2883.0,12.0,1.4856698845372895,90.0,0.0
500.0,3790.0,2838.0,2771.0,11.0,1.6207661022496538,93.91666666666669,0.0
500.0,3791.0,2854.0,2837.0,8.0,2.105649402179851,153.0,0.0
500.0,3792.0,2858.0,2903.0,11.0,1.5601124459781968,111.25,0.0
500.0,3793.0,2859.0,2881.0,21.0,1.6960776590447617,105.86363636363636,0.0
500.0,3794.0,2862.0,3063.0,30.0,9.361445949494524,195.80645161290323,0.0
500.0,3795.0,2868.0,2952.0,18.0,2.056141547624822,129.05263157894737,0.0
500.0,3796.0,2876.0,2832.0,11.0,2.1377063202082107,148.75,0.0
500.0,3797.0,2891.0,2939.0,30.0,12.001435633780948,160.2258064516129,0.0
500.0,3798.0,2905.0,2924.0,10.0,4.772100212298091,200.0909090909091,0.0
500.0,3799.0,2906.0,2914.0,16.0,1.7138566420065562,108.88235294117646,0.0
500.0,3800.0,2911.0,3042.0,20.0,5.747346713023269,196.28571428571428,0.0
500.0,3801.0,2921.0,2934.0,10.0,2.2202709613289304,170.63636363636363,0.0
500.0,3802.0,2923.0,2953.0,5.0,2.9137675962918723,147.0,0.0
500.0,3803.0,2935.0,2883.0,9.0,1.4071067811865476,96.3,0.0
500.0,3804.0,2944.0,3023.0,13.0,2.753364334285515,141.07142857142858,0.0
500.0,3805.0,2948.0,3104.0,21.0,1.1847497773748172,95.27272727272728,0.0
500.0,3806.0,2950.0,2990.0,5.0,1.3737734478532142,88.0,0.0
500.0,3807.0,2961.0,3133.0,19.0,1.3153567894682632,91.2,0.0
500.0,3808.0,2979.0,3006.0,8.0,2.4958711933237945,156.77777777777777,0.0
500.0,3809.0,2981.0,3167.0,23.0,2.1427156198851613,132.91666666666666,0.0
500.0,3810.0,2984.0,2994.0,3.0,1.2071067811865477,134.25,0.0
500.0,3811.0,2986.0,2953.0,5.0,4.714415480850589,162.83333333333334,0.0
500.0,3812.0,2999.0,3100.0,19.0,1.9714776642118867,136.5,0.0
500.0,3813.0,3011.0,3010.0,15.0,1.0828427124746192,101.0,0.0
500.0,3814.0,3016.0,3060.0,12.0,1.1274503268840292,84.61538461538461,0.0
500.0,3815.0,3021.0,2983.0,7.0,1.8616152783740212,119.75,0.0
500.0,3816.0,3041.0,3056.0,4.0,1.365685424949238,125.4,0.0
500.0,3817.0,3047.0,3052.0,3.0,1.25,100.25,0.0
500.0,3818.0,3054.0,3008.0,6.0,1.261203874963741,95.42857142857144,0.0
500.0,3819.0,3057.0,3131.0,9.0,1.3899494936611667,87.3,0.0
500.0,3820.0,3065.0,3030.0,5.0,1.5118446353109125,105.33333333333331,0.0
500.0,3821.0,3066.0,2990.0,10.0,1.2791879828968613,87.36363636363636,0.0
500.0,3822.0,3069.0,3032.0,8.0,1.543658025221352,99.44444444444444,0.0
500.0,3823.0,3077.0,3175.0,12.0,1.172510822086099,89.92307692307692,0.0
500.0,3824.0,3082.0,3062.0,3.0,4.330081979395713,167.5,0.0
500.0,3825.0,3089.0,3155.0,13.0,1.72396877957939,112.0,0.0
500.0,3826.0,3090.0,3197.0,15.0,1.2696067811865477,88.875,0.0
500.0,3827.0,3095.0,3110.0,9.0,1.265685424949238,96.0,0.0
500.0,3828.0,3096.0,3143.0,8.0,1.5443883262901852,107.11111111111111,0.0
500.0,3829.0,3099.0,3044.0,11.0,1.3589279824471054,106.25,0.0
500.0,3830.0,3101.0,3156.0,7.0,1.2285533905932735,99.0,0.0
500.0,3831.0,3107.0,3017.0,14.0,1.8366517650989704,124.06666666666666,0.0
500.0,3832.0,3109.0,3146.0,5.0,1.4714045207910316,101.5,0.0
500.0,3833.0,3120.0,3147.0,5.0,1.5118446353109125,111.66666666666669,0.0
500.0,3834.0,3121.0,3074.0,5.0,1.2071067811865477,111.33333333333331,0.0
500.0,3835.0,3124.0,3133.0,6.0,1.68977530353517,92.57142857142856,0.0
500.0,3836.0,3125.0,2973.0,18.0,2.092810727350522,133.8421052631579,0.0
500.0,3837.0,3138.0,3176.0,5.0,2.0786893258332633,108.5,0.0
500.0,3838.0,3140.0,3238.0,13.0,2.042468103562289,139.85714285714286,0.0
500.0,3839.0,3151.0,3076.0,9.0,1.406449510224598,94.5,0.0
500.0,3840.0,3158.0,3149.0,15.0,1.6919417382415922,107.875,0.0
500.0,3841.0,3160.0,3392.0,38.0,2.1328156842220167,132.66666666666666,0.0
500.0,3842.0,3164.0,3191.0,4.0,1.880983669457533,127.0,0.0
500.0,3843.0,3165.0,3182.0,9.0,1.0828427124746192,90.0,0.0
500.0,3844.0,3166.0,3078.0,11.0,1.795266980572088,110.33333333333331,0.0
500.0,3845.0,3169.0,3040.0,16.0,1.8899406002642327,111.11764705882354,0.0
500.0,3846.0,3181.0,3149.0,4.0,1.8,99.4,0.0
500.0,3847.0,3188.0,3376.0,31.0,2.1567979382653215,139.0625,0.0
500.0,3848.0,3205.0,3236.0,15.0,2.0812851924841107,152.375,0.0
500.0,3849.0,3208.0,3241.0,6.0,2.3378654545702497,136.85714285714286,0.0
500.0,3850.0,3211.0,3147.0,9.0,1.1242640687119287,112.1,0.0
500.0,3851.0,3219.0,3288.0,18.0,1.5119958979662032,98.10526315789474,0.0
500.0,3852.0,3225.0,3276.0,9.0,2.0830621427371834,146.4,0.0
500.0,3853.0,3228.0,3310.0,15.0,1.8622696297959995,108.9375,0.0
500.0,3854.0,3239.0,3277.0,7.0,1.883883476483184,129.125,0.0
500.0,3855.0,3240.0,3292.0,25.0,1.65519453272012,98.3846153846154,0.0
500.0,3856.0,3250.0,3195.0,7.0,1.5088834764831844,87.25,0.0
500.0,3857.0,3266.0,3281.0,5.0,2.687069582478744,140.83333333333334,0.0
500.0,3858.0,3270.0,3232.0,6.0,1.68977530353517,104.0,0.0
500.0,3859.0,3275.0,3305.0,6.0,1.1428571428571428,90.0,0.0
500.0,3860.0,3283.0,3407.0,21.0,1.2415322044993071,91.4090909090909,0.0
500.0,3861.0,3315.0,3290.0,4.0,1.448528137423857,98.2,0.0
500.0,3862.0,3317.0,3308.0,11.0,1.9708567949894071,140.0,0.0
500.0,3863.0,3318.0,3361.0,11.0,1.540440114519881,96.66666666666669,0.0
500.0,3864.0,3321.0,3241.0,15.0,1.5240485194281397,96.0,0.0
500.0,3865.0,3323.0,3340.0,3.0,1.75,109.5,0.0
500.0,3866.0,3327.0,3333.0,9.0,1.806449510224598,125.6,0.0
500.0,3867.0,3332.0,3223.0,24.0,1.66741357562384,109.36,0.0
500.0,3868.0,3336.0,3252.0,20.0,1.3679962886360884,99.38095238095238,0.0
500.0,3869.0,3337.0,3255.0,14.0,2.000584467483009,139.8,0.0
500.0,3870.0,3360.0,3368.0,16.0,1.0831890330807703,84.88235294117646,0.0
500.0,3871.0,3364.0,3422.0,9.0,1.365685424949238,89.4,0.0
500.0,3872.0,3366.0,3501.0,21.0,1.6882788919877705,97.5,0.0
500.0,3873.0,3371.0,3452.0,13.0,1.9005499192222168,138.07142857142858,0.0
500.0,3874.0,3373.0,3374.0,16.0,1.1663780661615406,106.05882352941175,0.0
500.0,3875.0,3383.0,3461.0,12.0,1.453807302816282,97.0,0.0
500.0,3876.0,3394.0,3504.0,17.0,2.1892840361062955,143.33333333333334,0.0
500.0,3877.0,3400.0,3320.0,14.0,1.8161760458079528,94.66666666666669,0.0
500.0,3878.0,3411.0,3343.0,17.0,11.528766398387212,110.83333333333331,0.0
500.0,3879.0,3416.0,3486.0,11.0,1.3594757082487303,91.5,0.0
500.0,3880.0,3432.0,3484.0,12.0,1.318625817210073,86.61538461538461,0.0
500.0,3881.0,3439.0,3490.0,9.0,1.7071067811865477,108.3,0.0
500.0,3882.0,3447.0,3428.0,6.0,1.2857142857142858,100.14285714285714,0.0
500.0,3883.0,3454.0,3378.0,19.0,1.468910180061537,109.65,0.0
500.0,3884.0,3469.0,3438.0,9.0,1.548528137423857,100.4,0.0
500.0,3885.0,3470.0,3413.0,8.0,2.0786893258332633,125.77777777777776,0.0
500.0,3886.0,3471.0,3433.0,6.0,1.1183467321065983,89.28571428571429,0.0
500.0,3887.0,3474.0,3528.0,11.0,2.6781013683973476,121.41666666666669,0.0
500.0,3888.0,3481.0,3494.0,11.0,1.2214045207910318,85.83333333333333,0.0
500.0,3889.0,3482.0,3584.0,22.0,1.7602296249668945,102.08695652173913,0.0
500.0,3890.0,3493.0,3598.0,29.0,1.4923184207233489,105.16666666666669,0.0
500.0,3891.0,3505.0,3515.0,8.0,1.6547691363324633,114.88888888888889,0.0
500.0,3892.0,3507.0,3541.0,11.0,1.117851130197758,86.66666666666667,0.0
500.0,3893.0,3514.0,3537.0,7.0,2.0670788821556947,131.875,0.0
500.0,3894.0,3516.0,3486.0,17.0,1.8142696805273544,104.83333333333331,0.0
500.0,3895.0,3517.0,3477.0,25.0,5.161605666882026,107.65384615384616,0.0
500.0,3896.0,3527.0,3578.0,12.0,1.811015674374235,104.84615384615384,0.0
500.0,3897.0,3539.0,3486.0,14.0,1.703318431765637,102.06666666666666,0.0
500.0,3898.0,3543.0,3598.0,17.0,1.6420193992280026,100.16666666666669,0.0
500.0,3899.0,3545.0,3464.0,16.0,1.4789491543371147,108.0,0.0
500.0,3900.0,3560.0,3555.0,3.0,1.1035533905932735,87.5,0.0
500.0,3901.0,3561.0,3661.0,22.0,2.1129020761955513,137.0,0.0
500.0,3902.0,3571.0,3555.0,3.0,1.2071067811865477,92.5,0.0
500.0,3903.0,3574.0,3441.0,34.0,9.043088721609832,127.05714285714286,0.0
500.0,3904.0,3579.0,3549.0,6.0,2.4104734566523582,142.42857142857142,0.0
500.0,3905.0,3586.0,3647.0,15.0,9.44453597432932,125.8125,0.0
500.0,3906.0,3589.0,3556.0,14.0,1.820475719291018,129.33333333333334,0.0
500.0,3907.0,3604.0,3541.0,28.0,1.5817261270720275,107.75862068965516,0.0
500.0,3908.0,3606.0,3597.0,9.0,1.806449510224598,120.9,0.0
500.0,3909.0,3612.0,3592.0,6.0,1.3203772410170405,88.0,0.0
500.0,3910.0,3614.0,3584.0,8.0,1.452340867985053,95.22222222222224,0.0
500.0,3911.0,3618.0,3554.0,19.0,1.442845613292491,106.65,0.0
500.0,3912.0,3628.0,3591.0,9.0,1.248528137423857,86.6,0.0
500.0,3913.0,3631.0,3525.0,24.0,1.189116882454314,92.24,0.0
500.0,3914.0,3635.0,3584.0,11.0,1.60947570824873,96.0,0.0
500.0,3915.0,3639.0,3716.0,19.0,2.1386349517372674,142.55,0.0
500.0,3916.0,3650.0,3597.0,13.0,2.042468103562289,127.42857142857144,0.0
500.0,3917.0,3651.0,3598.0,13.0,1.5938363213560545,101.07142857142856,0.0
500.0,3918.0,3658.0,3690.0,8.0,1.830967629402119,134.0,0.0
500.0,3919.0,3660.0,3706.0,12.0,1.3823509806520882,91.3846153846154,0.0
500.0,3920.0,3662.0,3779.0,27.0,1.908198331579919,115.03571428571428,0.0
500.0,3921.0,3670.0,3625.0,12.0,1.3768842258932052,87.6923076923077,0.0
500.0,3922.0,3673.0,3708.0,20.0,1.748948669588469,104.38095238095238,0.0
500.0,3923.0,3676.0,3681.0,9.0,1.5313708498984764,94.4,0.0
500.0,3924.0,3684.0,3504.0,41.0,2.0085353683898157,128.3095238095238,0.0
500.0,3925.0,3692.0,3668.0,7.0,1.3838834764831844,101.0,0.0
500.0,3926.0,3700.0,3661.0,10.0,1.3318437763520805,108.9090909090909,0.0
500.0,3927.0,3702.0,3780.0,17.0,1.73965047216582,92.83333333333331,0.0
500.0,3928.0,3709.0,3681.0,11.0,1.789892388718256,98.83333333333331,0.0
500.0,3929.0,3725.0,3726.0,17.0,1.3313327799365358,86.77777777777777,0.0
500.0,3930.0,3734.0,3774.0,7.0,1.4866152783740212,96.125,0.0
500.0,3931.0,3739.0,3821.0,24.0,1.5616652224137044,108.44,0.0
500.0,3932.0,3740.0,3759.0,9.0,1.8714776642118864,111.0,0.0
500.0,3933.0,3745.0,3778.0,6.0,1.866356443177997,123.14285714285714,0.0
500.0,3934.0,3747.0,3794.0,14.0,1.3818614707571906,90.86666666666666,0.0
500.0,3935.0,3753.0,3763.0,11.0,1.5202200572599407,104.25,0.0
500.0,3936.0,3755.0,3719.0,8.0,1.0920474583051325,90.77777777777776,0.0
500.0,3937.0,3765.0,3736.0,6.0,1.6999278480873807,108.28571428571428,0.0
500.0,3938.0,3766.0,3754.0,7.0,1.8535533905932735,125.0,0.0
500.0,3939.0,3770.0,3792.0,18.0,1.524420528360929,116.42105263157896,0.0
500.0,3940.0,3777.0,3818.0,10.0,1.2635904487828789,86.9090909090909,0.0
500.0,3941.0,3787.0,3760.0,6.0,2.0512122103388934,145.71428571428572,0.0
500.0,3942.0,3793.0,3843.0,11.0,1.3880711874576983,91.0,0.0
500.0,3943.0,3795.0,3817.0,10.0,1.733733437442316,111.54545454545456,0.0
500.0,3944.0,3797.0,3796.0,4.0,1.282842712474619,105.8,0.0
500.0,3945.0,3802.0,3854.0,11.0,1.5458147063737129,99.5,0.0
500.0,3946.0,3804.0,3778.0,5.0,1.9417135899788145,122.83333333333331,0.0
500.0,3947.0,3809.0,3808.0,5.0,1.2071067811865477,90.0,0.0
500.0,3948.0,3813.0,3759.0,11.0,1.4762313868432388,96.0,0.0
500.0,3949.0,3814.0,3733.0,16.0,1.3706213576321042,142.11764705882354,0.0
500.0,3950.0,3819.0,3791.0,12.0,1.9198013330183197,130.84615384615384,0.0
500.0,3951.0,3824.0,3862.0,11.0,1.746451444103179,127.91666666666669,0.0
500.0,3952.0,3836.0,3871.0,18.0,1.248838003229361,96.94736842105264,0.0
500.0,3953.0,3838.0,3904.0,14.0,2.023899031491484,129.0,0.0
500.0,3954.0,3842.0,3910.0,15.0,1.846450235429066,119.625,0.0
500.0,3955.0,3844.0,3887.0,8.0,1.661935258804239,126.44444444444444,0.0
500.0,3956.0,3847.0,3780.0,23.0,1.117851130197758,84.0,0.0
500.0,3957.0,3852.0,3818.0,8.0,1.0460237291525665,82.77777777777777,0.0
500.0,3958.0,3857.0,3891.0,7.0,1.2285533905932735,88.75,0.0
500.0,3959.0,3858.0,3893.0,7.0,1.4785533905932735,99.75,0.0
500.0,3960.0,3861.0,3853.0,9.0,1.506449510224598,111.0,0.0
500.0,3961.0,3863.0,3846.0,7.0,1.8535533905932735,140.5,0.0
500.0,3962.0,3868.0,3872.0,21.0,1.219473960215736,90.1818181818182,0.0
500.0,3963.0,3888.0,3913.0,8.0,1.5896817543739183,91.11111111111111,0.0
500.0,3964.0,3889.0,3871.0,5.0,1.5118446353109125,94.33333333333331,0.0
500.0,3965.0,3890.0,3873.0,4.0,1.6485281374238572,114.0,0.0
500.0,3966.0,3892.0,3839.0,10.0,1.6051685681356709,96.1818181818182,0.0
500.0,3967.0,3903.0,3904.0,12.0,1.7609940174609364,109.84615384615384,0.0
500.0,3968.0,3906.0,3831.0,16.0,1.9727430033673856,119.29411764705884,0.0
500.0,3969.0,3914.0,3882.0,9.0,1.8478708664619077,112.7,0.0
500.0,3970.0,3917.0,3973.0,11.0,1.3101124459781968,93.75,0.0
500.0,3971.0,3927.0,3901.0,11.0,1.7755946491137722,116.16666666666669,0.0
500.0,3972.0,3933.0,3894.0,10.0,1.2038764261017532,93.8181818181818,0.0
500.0,3973.0,3934.0,3915.0,7.0,1.2285533905932735,117.5,0.0
500.0,3974.0,3939.0,3992.0,18.0,1.4319279329461545,111.3157894736842,0.0
500.0,3975.0,3948.0,4021.0,28.0,1.5553836435375372,113.93103448275862,0.0
500.0,3976.0,3957.0,4004.0,7.0,1.9562851924841107,127.125,0.0
500.0,3977.0,3963.0,4114.0,29.0,1.6778540310156294,106.0,0.0
500.0,3978.0,3974.0,3959.0,7.0,1.8830618877807477,133.125,0.0
500.0,3979.0,3975.0,4030.0,10.0,6.9487411734633096,139.0909090909091,0.0
500.0,3980.0,3978.0,4009.0,8.0,1.452340867985053,96.11111111111111,0.0
500.0,3981.0,3981.0,3913.0,17.0,1.4099002000683745,91.94444444444444,0.0
500.0,3982.0,3985.0,3955.0,15.0,1.8102493774286028,119.6875,0.0
500.0,3983.0,3987.0,3882.0,23.0,1.643719642212342,111.58333333333331,0.0
500.0,3984.0,4006.0,3964.0,6.0,1.4978973391769388,104.0,0.0
500.0,3985.0,4008.0,4015.0,9.0,1.2952060277213755,95.6,0.0
500.0,3986.0,4017.0,4040.0,5.0,1.2761423749153966,86.66666666666667,0.0
500.0,3987.0,4023.0,3971.0,14.0,1.398037516565143,93.2,0.0
500.0,3988.0,4026.0,4079.0,13.0,3.4669022183746825,178.07142857142858,0.0
500.0,3989.0,4032.0,4011.0,5.0,1.5118446353109125,102.33333333333331,0.0
500.0,3990.0,4033.0,3969.0,12.0,1.6126146183736654,116.15384615384616,0.0
500.0,3991.0,4049.0,4108.0,13.0,1.7826726663741537,133.42857142857142,0.0
500.0,3992.0,4054.0,4098.0,9.0,1.4071067811865476,87.0,0.0
500.0,3993.0,4062.0,4157.0,21.0,1.3136134062096212,92.45454545454544,0.0
500.0,3994.0,4063.0,4100.0,9.0,1.5313708498984762,103.3,0.0
500.0,3995.0,4065.0,4097.0,13.0,1.4091372900969898,93.78571428571428,0.0
500.0,3996.0,4077.0,4125.0,13.0,1.4387239731236396,105.42857142857144,0.0
500.0,3997.0,4080.0,4079.0,11.0,1.1868867239266072,131.33333333333334,0.0
500.0,3998.0,4089.0,4139.0,11.0,2.0590169943749475,134.33333333333334,0.0
500.0,3999.0,4093.0,4159.0,15.0,1.482995128834866,97.6875,0.0
500.0,4000.0,4102.0,4143.0,8.0,1.0920474583051325,101.77777777777776,0.0
500.0,4001.0,4106.0,4066.0,9.0,1.4485281374238572,115.2,0.0
500.0,4002.0,4134.0,4162.0,8.0,1.7015231665538624,117.0,0.0
500.0,4003.0,4160.0,4130.0,8.0,1.2301186457628306,95.77777777777776,0.0
500.0,4004.0,4161.0,4178.0,14.0,1.843790283299492,130.6,0.0
500.0,4005.0,4163.0,4195.0,8.0,1.2031585694162432,95.77777777777776,0.0
500.0,4006.0,4176.0,4153.0,5.0,1.1380711874576983,95.16666666666669,0.0
500.0,4007.0,4191.0,4213.0,4.0,1.765685424949238,121.2,0.0
500.0,4008.0,4192.0,4241.0,12.0,1.5944555431813738,115.6923076923077,0.0
500.0,4009.0,4209.0,4215.0,3.0,1.4571067811865477,113.75,0.0
500.0,4010.0,4212.0,4190.0,6.0,1.5815811159807822,123.28571428571428,0.0
500.0,4011.0,4217.0,4208.0,5.0,1.5404401145198807,121.0,0.0
500.0,4012.0,4222.0,4249.0,8.0,1.2491822985688097,93.44444444444444,0.0
500.0,4013.0,4223.0,4245.0,7.0,1.9857936896715844,133.0,0.0
500.0,4014.0,4225.0,4251.0,8.0,1.0920474583051325,89.22222222222223,0.0
500.0,4015.0,4230.0,4302.0,19.0,1.1032247551122991,91.4,0.0
500.0,4016.0,4235.0,4173.0,15.0,1.8535533905932735,106.5,0.0
500.0,4017.0,4236.0,4263.0,15.0,1.681218433538229,123.875,0.0
500.0,4018.0,4238.0,4246.0,7.0,1.3321067811865477,110.625,0.0
500.0,4019.0,4256.0,4266.0,17.0,1.7718290126106762,120.11111111111111,0.0
500.0,4020.0,4261.0,4282.0,6.0,2.2112440949455823,124.42857142857144,0.0
500.0,4021.0,4274.0,4333.0,21.0,1.642824346533225,109.6818181818182,0.0
500.0,4022.0,4278.0,4237.0,11.0,1.3594757082487303,107.16666666666669,0.0
500.0,4023.0,4280.0,4187.0,22.0,1.3540058966839543,89.21739130434783,0.0
500.0,4024.0,4281.0,4325.0,14.0,1.4256517540566829,93.6,0.0
500.0,4025.0,4290.0,4322.0,10.0,1.0753115567951084,90.0,0.0
500.0,4026.0,4296.0,4377.0,13.0,1.7658106679813117,107.5,0.0
500.0,4027.0,4300.0,4320.0,12.0,1.268098567249121,91.46153846153848,0.0
500.0,4028.0,4303.0,4294.0,5.0,1.1380711874576983,112.0,0.0
500.0,4029.0,4306.0,4162.0,35.0,2.1925252561129094,124.27777777777776,0.0
500.0,4030.0,4307.0,4257.0,12.0,1.249433899009176,87.92307692307692,0.0
500.0,4031.0,4312.0,4350.0,8.0,1.2031585694162432,91.0,0.0
500.0,4032.0,4313.0,4395.0,13.0,1.4754895892494555,97.78571428571428,0.0
500.0,4033.0,4314.0,4357.0,8.0,2.052459550555509,126.55555555555556,0.0
500.0,4034.0,4326.0,4297.0,5.0,1.60947570824873,102.5,0.0
500.0,4035.0,4335.0,4358.0,6.0,4.629925248852278,114.14285714285714,0.0
500.0,4036.0,4342.0,4308.0,14.0,1.287580566598984,96.66666666666669,0.0
500.0,4037.0,4349.0,4339.0,9.0,1.365685424949238,121.3,0.0
500.0,4038.0,4360.0,4389.0,11.0,1.1035533905932735,99.25,0.0
500.0,4039.0,4365.0,4405.0,8.0,1.4142135623730951,108.44444444444444,0.0
500.0,4040.0,4368.0,4454.0,15.0,1.7066959868353289,112.5,0.0
500.0,4041.0,4369.0,4377.0,13.0,1.278535352615119,103.35714285714286,0.0
500.0,4042.0,4373.0,4470.0,19.0,9.24521009828798,149.55,0.0
500.0,4043.0,4384.0,4440.0,11.0,1.0,90.0,0.0
500.0,4044.0,4386.0,4517.0,22.0,11.3358655485153,214.17391304347825,0.0
500.0,4045.0,4387.0,4417.0,7.0,1.6633919736706582,109.625,0.0
500.0,4046.0,4391.0,4474.0,15.0,1.9710394410778471,128.9375,0.0
500.0,4047.0,4393.0,4345.0,7.0,1.6338834764831844,98.25,0.0
500.0,4048.0,4396.0,4493.0,18.0,1.8304879865455177,120.52631578947368,0.0
500.0,4049.0,4397.0,4358.0,11.0,1.530969240967604,115.0,0.0
500.0,4050.0,4403.0,4291.0,18.0,1.375901874933208,94.0,0.0
500.0,4051.0,4406.0,4399.0,7.0,1.2588834764831844,98.5,0.0
500.0,4052.0,4419.0,4377.0,9.0,1.589949493661167,116.2,0.0
500.0,4053.0,4429.0,4458.0,7.0,1.5383919736706582,110.25,0.0
500.0,4054.0,4430.0,4424.0,9.0,1.1414213562373097,92.4,0.0
500.0,4055.0,4435.0,4357.0,13.0,2.0087441067766045,121.07142857142856,0.0
500.0,4056.0,4457.0,4458.0,4.0,1.565685424949238,106.6,0.0
500.0,4057.0,4460.0,4407.0,9.0,1.2064495102245982,107.3,0.0
500.0,4058.0,4465.0,4484.0,4.0,1.365685424949238,165.4,0.0
500.0,4059.0,4471.0,4445.0,6.0,1.7826726663741537,134.57142857142858,0.0
500.0,4060.0,4473.0,4524.0,8.0,1.3142696805273544,121.22222222222224,0.0
500.0,4061.0,4477.0,4512.0,5.0,2.118033988749895,118.5,0.0
500.0,4062.0,4478.0,4489.0,9.0,1.2064495102245982,114.4,0.0
500.0,4063.0,4479.0,4553.0,12.0,1.204373403807106,90.3846153846154,0.0
500.0,4064.0,4485.0,4509.0,9.0,1.7048627177541058,104.7,0.0
500.0,4065.0,4487.0,4540.0,20.0,7.901582737623043,161.71428571428572,0.0
500.0,4066.0,4503.0,4354.0,25.0,1.3730186465321153,91.6153846153846,0.0
500.0,4067.0,4506.0,4469.0,6.0,1.5815811159807822,107.85714285714286,0.0
500.0,4068.0,4522.0,4458.0,10.0,1.2947855170108442,100.45454545454544,0.0
500.0,4069.0,4533.0,4249.0,54.0,1.7505435061903285,120.21818181818182,0.0
500.0,4070.0,4536.0,4443.0,15.0,1.5303300858899105,95.125,0.0
500.0,4071.0,4538.0,4565.0,7.0,18.444391071119636,195.75,0.0
500.0,4072.0,4552.0,4596.0,10.0,2.5334990679496463,116.72727272727272,0.0
500.0,4073.0,4557.0,4629.0,24.0,4.069874331584154,126.36,0.0
500.0,4074.0,4559.0,4546.0,10.0,1.4610061647150432,119.0,0.0
500.0,4075.0,4575.0,4608.0,9.0,9.706645085620256,166.4,0.0
500.0,4076.0,4579.0,4537.0,10.0,1.3168437612944155,96.9090909090909,0.0
500.0,4077.0,4582.0,4524.0,11.0,1.7267791126448635,123.58333333333331,0.0
500.0,4078.0,4584.0,4572.0,8.0,2.052459550555509,129.11111111111111,0.0
500.0,4079.0,4604.0,4568.0,31.0,7.894525129671509,198.375,0.0
500.0,4080.0,4611.0,4647.0,19.0,5.1718696143872,189.7,0.0
500.0,4081.0,4615.0,4545.0,15.0,3.213967641730033,126.6875,0.0
500.0,4082.0,4619.0,4663.0,24.0,4.273274415782109,140.84,0.0
500.0,4083.0,4620.0,4641.0,12.0,8.56002279064528,200.3846153846154,0.0
500.0,4084.0,4621.0,4520.0,33.0,3.3982322735577677,157.38235294117646,0.0
500.0,4085.0,4622.0,4641.0,19.0,12.718634212302788,211.9,0.0
500.0,4086.0,4623.0,4580.0,13.0,1.2020305089104422,91.07142857142856,0.0
500.0,4087.0,4648.0,4605.0,22.0,4.163137100545671,151.30434782608697,0.0
500.0,4088.0,4651.0,4645.0,14.0,5.622550855200313,121.73333333333332,0.0
500.0,4089.0,4659.0,4489.0,47.0,3.615891228645376,134.64583333333334,0.0
500.0,4090.0,4669.0,4663.0,10.0,11.645268011058231,174.27272727272728,0.0
500.0,4091.0,4670.0,4665.0,8.0,10.282453140516251,192.11111111111111,0.0
500.0,4092.0,4680.0,4681.0,5.0,1.5500938466242948,155.33333333333334,0.0
500.0,4093.0,4689.0,4696.0,16.0,22.20729433114639,186.76470588235293,0.0
500.0,4094.0,4703.0,4706.0,12.0,4.7738432017573285,196.15384615384616,0.0
500.0,4095.0,600.0,563.0,15.0,9.179942301811256,191.5,0.0
500.0,4096.0,2741.0,2795.0,12.0,1.4670052162973444,113.84615384615384,0.0
500.0,4097.0,3107.0,2902.0,26.0,1.6616105546470112,95.48148148148148,0.0
500.0,4098.0,38.0,64.0,15.0,1.8752660136327972,120.6875,0.0
500.0,4099.0,62.0,64.0,10.0,2.230056307974577,154.27272727272728,0.0
500.0,4100.0,72.0,74.0,8.0,1.896055011360664,143.22222222222223,0.0
500.0,4101.0,88.0,96.0,5.0,2.256105176207593,171.5,0.0
500.0,4102.0,92.0,64.0,15.0,1.7576705454661168,126.9375,0.0
500.0,4103.0,104.0,124.0,6.0,2.1686199839284215,145.42857142857142,0.0
500.0,4104.0,128.0,235.0,54.0,1.7346670680424428,93.89090909090908,0.0
500.0,4105.0,137.0,145.0,5.0,2.941259839067825,164.16666666666666,0.0
500.0,4106.0,138.0,137.0,9.0,1.946284073991415,146.0,0.0
500.0,4107.0,148.0,159.0,8.0,1.4127529602354292,112.11111111111111,0.0
500.0,4108.0,154.0,145.0,14.0,2.412899020449196,157.2,0.0
500.0,4109.0,155.0,145.0,6.0,2.0429375828208243,145.14285714285714,0.0
500.0,4110.0,156.0,159.0,13.0,1.9918821083837623,147.64285714285714,0.0
500.0,4111.0,161.0,174.0,7.0,1.2285533905932735,104.75,0.0
500.0,4112.0,168.0,159.0,4.0,2.188854381999832,145.0,0.0
500.0,4113.0,177.0,195.0,9.0,1.7779271744364844,129.4,0.0
500.0,4114.0,179.0,168.0,8.0,1.673832789138442,109.0,0.0
500.0,4115.0,196.0,195.0,17.0,2.0853683920691974,156.05555555555554,0.0
500.0,4116.0,198.0,201.0,2.0,1.0,147.33333333333334,0.0
500.0,4117.0,207.0,262.0,21.0,2.03835303848231,127.95454545454544,0.0
500.0,4118.0,217.0,195.0,7.0,2.2806043737181163,167.625,0.0
500.0,4119.0,219.0,236.0,12.0,1.4724719710562273,100.53846153846152,0.0
500.0,4120.0,225.0,226.0,19.0,1.5446461113496084,120.35,0.0
500.0,4121.0,226.0,221.0,5.0,2.0393446629166316,139.83333333333334,0.0
500.0,4122.0,236.0,250.0,3.0,1.8535533905932735,107.75,0.0
500.0,4123.0,266.0,297.0,11.0,1.3732257220515898,92.41666666666669,0.0
500.0,4124.0,289.0,336.0,30.0,1.5197644636196157,96.58064516129032,0.0
500.0,4125.0,291.0,294.0,3.0,1.5590169943749477,151.25,0.0
500.0,4126.0,292.0,294.0,2.0,2.23606797749979,179.33333333333334,0.0
500.0,4127.0,298.0,314.0,9.0,1.8714776642118864,111.0,0.0
500.0,4128.0,302.0,307.0,2.0,1.60947570824873,123.33333333333331,0.0
500.0,4129.0,305.0,322.0,9.0,1.6135562914111456,102.6,0.0
500.0,4130.0,315.0,250.0,24.0,1.6345393990187722,105.88,0.0
500.0,4131.0,339.0,312.0,10.0,2.300848190180992,150.9090909090909,0.0
500.0,4132.0,343.0,346.0,5.0,2.118033988749895,112.33333333333331,0.0
500.0,4133.0,366.0,394.0,9.0,1.3485281374238571,105.7,0.0
500.0,4134.0,374.0,380.0,3.0,2.23606797749979,125.75,0.0
500.0,4135.0,375.0,389.0,6.0,1.866356443177997,102.85714285714286,0.0
500.0,4136.0,378.0,384.0,5.0,2.0,112.0,0.0
500.0,4137.0,387.0,394.0,6.0,1.8326324463923132,109.71428571428572,0.0
500.0,4138.0,388.0,401.0,6.0,1.261203874963741,110.85714285714286,0.0
500.0,4139.0,393.0,387.0,13.0,1.8978243795944023,113.21428571428572,0.0
500.0,4140.0,397.0,431.0,8.0,1.60947570824873,120.77777777777776,0.0
500.0,4141.0,401.0,411.0,4.0,1.282842712474619,128.2,0.0
500.0,4142.0,405.0,404.0,17.0,1.229388344693998,100.11111111111111,0.0
500.0,4143.0,414.0,448.0,8.0,1.60947570824873,95.0,0.0
500.0,4144.0,423.0,411.0,3.0,1.0,127.25,0.0
500.0,4145.0,437.0,468.0,15.0,2.1838468377833267,139.0625,0.0
500.0,4146.0,447.0,462.0,11.0,13.072533663915962,123.5,0.0
500.0,4147.0,448.0,467.0,5.0,1.9023689270621824,95.0,0.0
500.0,4148.0,449.0,404.0,12.0,2.272048542865043,139.53846153846155,0.0
500.0,4149.0,453.0,502.0,13.0,1.9918821083837623,104.85714285714286,0.0
500.0,4150.0,454.0,462.0,2.0,15.680442953856458,167.0,0.0
500.0,4151.0,456.0,511.0,15.0,1.6379144203735585,112.3125,0.0
500.0,4152.0,466.0,380.0,23.0,1.9708567949894071,108.375,0.0
500.0,4153.0,475.0,506.0,10.0,1.429811096487078,98.27272727272728,0.0
500.0,4154.0,478.0,490.0,3.0,2.1770509831248424,118.0,0.0
500.0,4155.0,480.0,486.0,9.0,1.5242640687119289,112.2,0.0
500.0,4156.0,481.0,504.0,10.0,2.107901145192586,138.0909090909091,0.0
500.0,4157.0,493.0,524.0,7.0,1.1035533905932735,114.75,0.0
500.0,4158.0,496.0,514.0,10.0,1.7019408501580329,104.72727272727272,0.0
500.0,4159.0,500.0,488.0,8.0,1.5634519790961638,91.66666666666669,0.0
500.0,4160.0,506.0,502.0,3.0,1.7071067811865477,115.0,0.0
500.0,4161.0,509.0,499.0,2.0,11.754461953697842,191.66666666666663,0.0
500.0,4162.0,510.0,525.0,4.0,1.448528137423857,113.4,0.0
500.0,4163.0,512.0,552.0,10.0,2.011128863170224,121.0909090909091,0.0
500.0,4164.0,513.0,530.0,9.0,1.7307135789365264,104.7,0.0
500.0,4165.0,514.0,526.0,3.0,1.5606601717798214,117.75,0.0
500.0,4166.0,527.0,510.0,14.0,1.6323520916159049,114.6,0.0
500.0,4167.0,548.0,509.0,9.0,5.424966949555381,199.6,0.0
500.0,4168.0,549.0,577.0,7.0,2.1625703849682214,134.75,0.0
500.0,4169.0,550.0,542.0,2.0,2.1573786516665265,120.0,0.0
500.0,4170.0,553.0,495.0,17.0,1.3086860658946693,88.33333333333333,0.0
500.0,4171.0,554.0,550.0,19.0,1.306449510224598,105.5,0.0
500.0,4172.0,557.0,576.0,4.0,2.141640786499874,132.8,0.0
500.0,4173.0,559.0,542.0,11.0,1.4422613157804387,103.83333333333331,0.0
500.0,4174.0,563.0,520.0,10.0,4.587947095120111,156.36363636363637,0.0
500.0,4175.0,567.0,580.0,17.0,2.006800971937359,149.38888888888889,0.0
500.0,4176.0,569.0,619.0,18.0,1.9854496660191585,118.73684210526316,0.0
500.0,4177.0,583.0,624.0,13.0,1.7071067811865477,108.28571428571428,0.0
500.0,4178.0,584.0,641.0,18.0,1.5988528211174071,97.6842105263158,0.0
500.0,4179.0,594.0,577.0,7.0,2.251095876530642,151.75,0.0
500.0,4180.0,595.0,688.0,22.0,1.8394406864941415,101.47826086956522,0.0
500.0,4181.0,596.0,597.0,15.0,2.095458490135008,131.5625,0.0
500.0,4182.0,599.0,705.0,29.0,2.175193210153856,136.1,0.0
500.0,4183.0,605.0,580.0,22.0,2.061582950652118,153.56521739130434,0.0
500.0,4184.0,606.0,649.0,11.0,2.0495461208226704,140.16666666666666,0.0
500.0,4185.0,608.0,671.0,15.0,1.5388027680218768,95.6875,0.0
500.0,4186.0,615.0,636.0,6.0,2.28696671603502,160.14285714285714,0.0
500.0,4187.0,618.0,594.0,9.0,2.0122417494872464,133.0,0.0
500.0,4188.0,619.0,633.0,13.0,1.9331782215889988,103.64285714285714,0.0
500.0,4189.0,620.0,633.0,4.0,1.765685424949238,99.4,0.0
500.0,4190.0,628.0,624.0,6.0,1.261203874963741,96.57142857142856,0.0
500.0,4191.0,629.0,656.0,9.0,1.4313708498984763,91.3,0.0
500.0,4192.0,634.0,573.0,19.0,1.5778174593052023,93.5,0.0
500.0,4193.0,649.0,663.0,4.0,2.141640786499874,159.2,0.0
500.0,4194.0,651.0,749.0,25.0,1.4812987121285457,95.8076923076923,0.0
500.0,4195.0,664.0,576.0,24.0,2.084984471899924,121.16,0.0
500.0,4196.0,668.0,681.0,2.0,1.60947570824873,110.66666666666669,0.0
500.0,4197.0,673.0,681.0,2.0,1.804737854124365,112.0,0.0
500.0,4198.0,679.0,751.0,13.0,1.6352087304994407,109.14285714285714,0.0
500.0,4199.0,682.0,769.0,18.0,2.0718451674732505,120.15789473684212,0.0
500.0,4200.0,687.0,662.0,4.0,1.282842712474619,165.8,0.0
500.0,4201.0,694.0,764.0,17.0,1.5575032139290623,94.66666666666669,0.0
500.0,4202.0,696.0,705.0,11.0,1.7459037183015549,136.83333333333334,0.0
500.0,4203.0,701.0,741.0,7.0,2.376095876530642,156.25,0.0
500.0,4204.0,707.0,618.0,17.0,1.9417135899788136,100.72222222222224,0.0
500.0,4205.0,710.0,726.0,5.0,2.1573786516665265,176.83333333333334,0.0
500.0,4206.0,719.0,616.0,19.0,1.7481995019428822,108.0,0.0
500.0,4207.0,725.0,652.0,17.0,1.5769320172694574,104.33333333333331,0.0
500.0,4208.0,727.0,710.0,5.0,2.118033988749895,170.83333333333334,0.0
500.0,4209.0,731.0,759.0,6.0,1.6652648927846256,99.14285714285714,0.0
500.0,4210.0,742.0,741.0,7.0,1.3535533905932735,127.375,0.0
500.0,4211.0,749.0,763.0,4.0,2.094427190999916,133.0,0.0
500.0,4212.0,751.0,775.0,9.0,2.365247584249853,147.2,0.0
500.0,4213.0,754.0,784.0,11.0,1.1523689270621826,97.16666666666669,0.0
500.0,4214.0,755.0,705.0,15.0,1.7000036260223397,128.375,0.0
500.0,4215.0,757.0,743.0,14.0,2.1496556659829955,155.46666666666667,0.0
500.0,4216.0,765.0,773.0,6.0,2.0674479935713683,132.42857142857142,0.0
500.0,4217.0,767.0,758.0,14.0,2.4910038787994493,157.73333333333332,0.0
500.0,4218.0,789.0,761.0,9.0,2.070820393249937,122.3,0.0
500.0,4219.0,802.0,772.0,10.0,1.7766548878968231,102.36363636363636,0.0
500.0,4220.0,817.0,836.0,6.0,2.4053134481416185,139.28571428571428,0.0
500.0,4221.0,822.0,843.0,22.0,2.0668100459671983,144.69565217391303,0.0
500.0,4222.0,823.0,671.0,35.0,1.7392853216314037,98.25,0.0
500.0,4223.0,837.0,867.0,8.0,2.1049191011110175,132.0,0.0
500.0,4224.0,838.0,764.0,23.0,1.570496337508979,95.25,0.0
500.0,4225.0,839.0,858.0,6.0,2.185794725677967,129.14285714285714,0.0
500.0,4226.0,843.0,865.0,8.0,2.3414735682767915,145.77777777777777,0.0
500.0,4227.0,855.0,803.0,15.0,1.5388027680218768,100.5,0.0
500.0,4228.0,859.0,755.0,30.0,1.7771929110757931,108.90322580645162,0.0
500.0,4229.0,865.0,887.0,4.0,2.59148346584763,151.0,0.0
500.0,4230.0,882.0,853.0,7.0,2.221587379343169,145.0,0.0
500.0,4231.0,889.0,841.0,11.0,1.735702260395516,105.41666666666669,0.0
500.0,4232.0,890.0,898.0,3.0,1.1035533905932735,108.75,0.0
500.0,4233.0,897.0,909.0,2.0,2.433521026581923,158.33333333333334,0.0
500.0,4234.0,899.0,898.0,4.0,1.9300563079745772,109.4,0.0
500.0,4235.0,913.0,927.0,13.0,2.0674479935713683,141.0,0.0
500.0,4236.0,938.0,979.0,14.0,1.6485281374238572,97.46666666666668,0.0
500.0,4237.0,946.0,898.0,9.0,1.6313708498984762,106.6,0.0
500.0,4238.0,947.0,977.0,6.0,2.304141457784566,116.71428571428572,0.0
500.0,4239.0,959.0,980.0,4.0,2.094427190999916,128.4,0.0
500.0,4240.0,960.0,986.0,5.0,2.275046923312148,143.66666666666666,0.0
500.0,4241.0,961.0,969.0,3.0,1.1035533905932735,91.25,0.0
500.0,4242.0,966.0,1051.0,15.0,2.0629514606666106,127.75,0.0
500.0,4243.0,973.0,975.0,4.0,1.412899020449196,117.0,0.0
500.0,4244.0,977.0,994.0,5.0,1.982153704498695,118.83333333333331,0.0
500.0,4245.0,993.0,1037.0,6.0,2.798858667221271,140.28571428571428,0.0
500.0,4246.0,995.0,994.0,9.0,1.9650281539872885,102.0,0.0
500.0,4247.0,1002.0,980.0,5.0,1.6488203711653615,118.0,0.0
500.0,4248.0,1009.0,1024.0,10.0,2.0870379390216502,149.0909090909091,0.0
500.0,4249.0,1013.0,1059.0,7.0,3.559498269894142,152.5,0.0
500.0,4250.0,1014.0,1015.0,8.0,2.6799661099340586,183.77777777777777,0.0
500.0,4251.0,1023.0,1084.0,9.0,1.5307135789365265,116.2,0.0
500.0,4252.0,1025.0,1067.0,6.0,2.1520707288922827,157.42857142857142,0.0
500.0,4253.0,1026.0,1037.0,2.0,4.061552812808831,161.33333333333334,0.0
500.0,4254.0,1031.0,1002.0,24.0,1.5188225099390855,101.56,0.0
500.0,4255.0,1035.0,1045.0,9.0,2.118033988749895,188.8,0.0
500.0,4256.0,1047.0,1037.0,3.0,3.1987520201261863,169.0,0.0
500.0,4257.0,1050.0,1155.0,17.0,1.5269600763465874,89.38888888888889,0.0
500.0,4258.0,1053.0,1058.0,15.0,2.0224053420232657,151.3125,0.0
500.0,4259.0,1056.0,1079.0,6.0,2.2532427192493354,140.42857142857142,0.0
500.0,4260.0,1057.0,1066.0,6.0,2.1011719903570527,148.71428571428572,0.0
500.0,4261.0,1062.0,994.0,10.0,1.4071553331471889,97.8181818181818,0.0
500.0,4262.0,1068.0,1093.0,16.0,2.1320491170438194,175.2941176470588,0.0
500.0,4263.0,1072.0,1104.0,4.0,2.3545398069490697,175.0,0.0
500.0,4264.0,1075.0,1173.0,18.0,1.6548788791303537,116.05263157894736,0.0
500.0,4265.0,1079.0,1112.0,5.0,2.4621165057908914,140.33333333333334,0.0
500.0,4266.0,1091.0,1203.0,20.0,1.4217577269452295,100.38095238095238,0.0
500.0,4267.0,1098.0,1016.0,45.0,,103.56521739130434,0.0
500.0,4268.0,1099.0,1051.0,14.0,,139.33333333333334,0.0
500.0,4269.0,1108.0,1139.0,5.0,2.118033988749895,159.0,0.0
500.0,4270.0,1111.0,1096.0,2.0,6.078025377426049,122.66666666666669,0.0
500.0,4271.0,1124.0,1096.0,4.0,7.22257273989999,123.4,0.0
500.0,4272.0,1138.0,1139.0,6.0,1.7234993003208543,149.42857142857142,0.0
500.0,4273.0,1151.0,1183.0,6.0,1.5224077499274828,94.85714285714286,0.0
500.0,4274.0,1171.0,1209.0,8.0,12.79244459066973,180.44444444444449,0.0
500.0,4275.0,1175.0,1203.0,13.0,2.3788899994912804,164.28571428571428,0.0
500.0,4276.0,1181.0,1196.0,3.0,1.3535533905932735,106.75,0.0
500.0,4277.0,1188.0,1202.0,7.0,1.9125703849682212,117.375,0.0
500.0,4278.0,1192.0,1215.0,5.0,2.118033988749895,127.16666666666669,0.0
500.0,4279.0,1195.0,1201.0,8.0,2.052459550555509,128.33333333333334,0.0
500.0,4280.0,1198.0,1199.0,20.0,2.0283120690415255,125.1904761904762,0.0
500.0,4281.0,1206.0,1211.0,10.0,1.3000511890677977,114.27272727272728,0.0
500.0,4282.0,1211.0,1224.0,3.0,1.2071067811865477,124.75,0.0
500.0,4283.0,1212.0,1157.0,10.0,1.74486230061254,106.0909090909091,0.0
500.0,4284.0,1216.0,1220.0,5.0,1.5797847774365126,113.0,0.0
500.0,4285.0,1218.0,1224.0,10.0,1.7013433311017152,140.8181818181818,0.0
500.0,4286.0,1219.0,1164.0,18.0,1.1488645855129576,85.6842105263158,0.0
500.0,4287.0,1225.0,1242.0,3.0,2.1770509831248424,127.0,0.0
500.0,4288.0,1228.0,1221.0,3.0,2.266123775561495,132.0,0.0
500.0,4289.0,1234.0,1024.0,37.0,2.1754688306411354,133.42105263157896,0.0
500.0,4290.0,1239.0,1238.0,7.0,1.4571067811865477,123.5,0.0
500.0,4291.0,1243.0,1259.0,5.0,2.196723314583158,144.33333333333334,0.0
500.0,4292.0,1246.0,1242.0,9.0,2.047213595499958,146.6,0.0
500.0,4293.0,1247.0,1238.0,2.0,1.1380711874576983,124.66666666666669,0.0
500.0,4294.0,1251.0,1232.0,4.0,1.765685424949238,126.0,0.0
500.0,4295.0,1256.0,1279.0,13.0,1.790790557990391,127.28571428571428,0.0
500.0,4296.0,1258.0,1302.0,9.0,1.8307135789365263,108.4,0.0
500.0,4297.0,1261.0,1276.0,3.0,1.3535533905932735,158.75,0.0
500.0,4298.0,1264.0,1200.0,14.0,1.8523896302656229,125.53333333333332,0.0
500.0,4299.0,1271.0,1297.0,12.0,1.5175324662582967,99.3846153846154,0.0
500.0,4300.0,1275.0,1259.0,6.0,2.0674479935713683,145.71428571428572,0.0
500.0,4301.0,1281.0,1203.0,16.0,2.2603044045437573,149.0,0.0
500.0,4302.0,1290.0,1330.0,14.0,2.126341101974521,146.66666666666666,0.0
500.0,4303.0,1304.0,1346.0,7.0,1.5606601717798214,116.375,0.0
500.0,4304.0,1306.0,1318.0,3.0,2.118033988749895,141.75,0.0
500.0,4305.0,1307.0,1284.0,5.0,2.0786893258332633,118.0,0.0
500.0,4306.0,1315.0,1342.0,6.0,2.8446695806898936,142.42857142857142,0.0
500.0,4307.0,1322.0,1422.0,20.0,2.084727225922135,130.0,0.0
500.0,4308.0,1335.0,1318.0,3.0,2.53224755112299,140.75,0.0
500.0,4309.0,1336.0,1307.0,5.0,1.844082517040997,122.5,0.0
500.0,4310.0,1362.0,1378.0,2.0,2.0786893258332633,108.0,0.0
500.0,4311.0,1375.0,1423.0,12.0,,143.53846153846155,0.0
500.0,4312.0,1390.0,1413.0,6.0,2.0337239967856844,125.42857142857144,0.0
500.0,4313.0,1397.0,1330.0,28.0,2.0247231360256723,144.20689655172413,0.0
500.0,4314.0,1399.0,1346.0,9.0,2.023606797749979,127.9,0.0
500.0,4315.0,1424.0,1423.0,6.0,2.0786893258332633,207.71428571428572,0.0
500.0,4316.0,1432.0,1457.0,7.0,1.942078882155695,137.0,0.0
500.0,4317.0,1438.0,1444.0,2.0,1.9621165057908916,120.33333333333331,0.0
500.0,4318.0,1465.0,1413.0,16.0,1.37518844713122,98.11764705882354,0.0
500.0,4319.0,1469.0,1413.0,15.0,1.5816959868353289,109.25,0.0
500.0,4320.0,1473.0,1493.0,10.0,1.4668693558283143,116.63636363636364,0.0
500.0,4321.0,1478.0,1495.0,9.0,1.6485281374238572,115.6,0.0
500.0,4322.0,1486.0,1490.0,3.0,1.766123775561495,117.25,0.0
500.0,4323.0,1493.0,1505.0,7.0,1.715168668967295,127.375,0.0
500.0,4324.0,1498.0,1520.0,11.0,2.657699502012657,180.5,0.0
500.0,4325.0,1502.0,1501.0,5.0,2.931370849898476,212.33333333333337,0.0
500.0,4326.0,1514.0,1495.0,9.0,1.6071067811865476,108.7,0.0
500.0,4327.0,1520.0,1524.0,5.0,2.620224891956393,186.0,0.0
500.0,4328.0,1536.0,1526.0,4.0,2.141640786499874,148.6,0.0
500.0,4329.0,1541.0,1524.0,7.0,2.1778725718272796,176.875,0.0
500.0,4330.0,1542.0,1558.0,7.0,1.4874368670764584,108.25,0.0
500.0,4331.0,1543.0,1566.0,9.0,1.7064495102245978,95.8,0.0
500.0,4332.0,1544.0,1509.0,12.0,2.0193390537972635,129.15384615384616,0.0
500.0,4333.0,1553.0,1554.0,15.0,1.8937851924841107,110.0,0.0
500.0,4334.0,1554.0,1531.0,14.0,1.4804420483984622,107.33333333333331,0.0
500.0,4335.0,1556.0,1541.0,7.0,2.479649267123916,176.375,0.0
500.0,4336.0,1576.0,1556.0,8.0,2.555496866351078,184.88888888888889,0.0
500.0,4337.0,1583.0,1632.0,11.0,2.059564720176572,130.83333333333334,0.0
500.0,4338.0,1590.0,1566.0,6.0,2.01842717207028,119.28571428571428,0.0
500.0,4339.0,1592.0,1645.0,20.0,2.648273494090011,199.66666666666663,0.0
500.0,4340.0,1594.0,1558.0,9.0,1.4313708498984763,116.2,0.0
500.0,4341.0,1606.0,1681.0,19.0,1.3485281374238571,94.5,0.0
500.0,4342.0,1607.0,1639.0,10.0,1.2415322044993071,109.45454545454544,0.0
500.0,4343.0,1614.0,1634.0,20.0,1.8942510354459443,119.14285714285714,0.0
500.0,4344.0,1621.0,1634.0,4.0,2.094427190999916,149.0,0.0
500.0,4345.0,1625.0,1652.0,7.0,2.1770509831248424,148.375,0.0
500.0,4346.0,1629.0,1645.0,6.0,1.901019398480752,154.0,0.0
500.0,4347.0,1632.0,1661.0,10.0,2.4838614101118095,177.63636363636363,0.0
500.0,4348.0,1633.0,1576.0,14.0,1.7922418007937826,113.8,0.0
500.0,4349.0,1635.0,1665.0,7.0,1.5901686689672951,113.875,0.0
500.0,4350.0,1640.0,1697.0,16.0,1.429831517021486,99.70588235294116,0.0
500.0,4351.0,1648.0,1594.0,12.0,1.7027356087778045,111.6153846153846,0.0
500.0,4352.0,1651.0,1652.0,18.0,2.037273891184177,147.89473684210526,0.0
500.0,4353.0,1659.0,1707.0,14.0,2.2287831724575584,142.6,0.0
500.0,4354.0,1673.0,1665.0,3.0,1.2071067811865477,115.5,0.0
500.0,4355.0,1677.0,1645.0,8.0,2.511236239943505,200.0,0.0
500.0,4356.0,1681.0,1693.0,4.0,2.047213595499958,122.8,0.0
500.0,4357.0,1691.0,1731.0,8.0,1.497634296068786,109.22222222222224,0.0
500.0,4358.0,1696.0,1644.0,14.0,,128.6,0.0
500.0,4359.0,1698.0,1633.0,22.0,1.5158036945856226,95.91304347826087,0.0
500.0,4360.0,1699.0,1693.0,6.0,1.9500402199818407,153.28571428571428,0.0
500.0,4361.0,1715.0,1756.0,17.0,2.5369496143831793,203.61111111111111,0.0
500.0,4362.0,1721.0,1677.0,25.0,2.079488054033524,139.6153846153846,0.0
500.0,4363.0,1724.0,1749.0,5.0,1.1380711874576983,106.83333333333331,0.0
500.0,4364.0,1740.0,1859.0,27.0,2.163276272033831,134.67857142857142,0.0
500.0,4365.0,1745.0,1768.0,5.0,2.0786893258332633,120.66666666666669,0.0
500.0,4366.0,1752.0,1759.0,6.0,1.5469181606780271,87.71428571428571,0.0
500.0,4367.0,1754.0,1849.0,21.0,1.6535547091468517,104.54545454545456,0.0
500.0,4368.0,1758.0,1785.0,16.0,1.4890416764108685,97.47058823529412,0.0
500.0,4369.0,1764.0,1749.0,6.0,1.4387239731236394,99.57142857142856,0.0
500.0,4370.0,1765.0,1825.0,15.0,1.839347080264858,113.375,0.0
500.0,4371.0,1767.0,1800.0,14.0,2.001022648124309,125.06666666666666,0.0
500.0,4372.0,1769.0,1792.0,4.0,1.6957417329238151,117.6,0.0
500.0,4373.0,1780.0,1772.0,11.0,1.8090169943749477,196.25,0.0
500.0,4374.0,1782.0,1800.0,5.0,2.1573786516665265,135.33333333333334,0.0
500.0,4375.0,1805.0,1768.0,23.0,1.8759130179785055,118.20833333333331,0.0
500.0,4376.0,1807.0,1874.0,16.0,1.4486715881158545,101.82352941176472,0.0
500.0,4377.0,1813.0,1769.0,24.0,1.840876497259365,127.8,0.0
500.0,4378.0,1818.0,1847.0,14.0,2.424921679615793,181.53333333333333,0.0
500.0,4379.0,1824.0,1842.0,7.0,1.176776695296637,87.5,0.0
500.0,4380.0,1828.0,1840.0,4.0,1.6485281374238572,102.4,0.0
500.0,4381.0,1830.0,1851.0,4.0,2.4257980408983917,197.2,0.0
500.0,4382.0,1837.0,1863.0,5.0,2.079784777436513,171.33333333333334,0.0
500.0,4383.0,1842.0,1870.0,5.0,1.304737854124365,99.0,0.0
500.0,4384.0,1852.0,1830.0,5.0,2.433521026581923,216.16666666666663,0.0
500.0,4385.0,1859.0,1894.0,16.0,2.8048625643593335,207.8823529411765,0.0
500.0,4386.0,1860.0,1926.0,24.0,2.0758924332897384,134.08,0.0
500.0,4387.0,1871.0,1891.0,13.0,1.5938363213560545,91.92857142857144,0.0
500.0,4388.0,1874.0,1922.0,13.0,1.3795506070703405,102.0,0.0
500.0,4389.0,1877.0,1880.0,10.0,2.192102025435185,153.45454545454547,0.0
500.0,4390.0,1879.0,1968.0,22.0,1.2590181447494848,96.78260869565216,0.0
500.0,4391.0,1880.0,1907.0,7.0,2.39638058405169,148.625,0.0
500.0,4392.0,1892.0,1913.0,10.0,2.2579267397264844,171.1818181818182,0.0
500.0,4393.0,1894.0,1917.0,10.0,2.331198238855736,199.1818181818182,0.0
500.0,4394.0,1909.0,1905.0,4.0,1.9300563079745772,135.4,0.0
500.0,4395.0,1917.0,1939.0,4.0,2.141640786499874,190.4,0.0
500.0,4396.0,1918.0,1941.0,5.0,2.0786893258332633,138.0,0.0
500.0,4397.0,1922.0,1950.0,7.0,1.3535533905932735,110.875,0.0
500.0,4398.0,1926.0,2040.0,22.0,1.990117349336754,128.65217391304347,0.0
500.0,4399.0,1928.0,1909.0,4.0,1.282842712474619,127.2,0.0
500.0,4400.0,1933.0,1907.0,12.0,1.2362359855281135,100.3076923076923,0.0
500.0,4401.0,1938.0,1984.0,13.0,2.0260755844279825,122.92857142857144,0.0
500.0,4402.0,1943.0,1936.0,8.0,,192.11111111111111,0.0
500.0,4403.0,1947.0,1938.0,15.0,2.1330618877807472,129.125,0.0
500.0,4404.0,1950.0,1983.0,5.0,1.872677996249965,113.66666666666669,0.0
500.0,4405.0,1954.0,1957.0,3.0,2.766123775561495,188.5,0.0
500.0,4406.0,1955.0,1936.0,6.0,1.673539520302695,180.14285714285714,0.0
500.0,4407.0,1968.0,1995.0,14.0,2.1296181273332775,174.6,0.0
500.0,4408.0,1969.0,1970.0,2.0,2.0,112.0,0.0
500.0,4409.0,1971.0,1943.0,8.0,,201.88888888888889,0.0
500.0,4410.0,1974.0,2016.0,7.0,2.3991856633422426,161.25,0.0
500.0,4411.0,1985.0,2001.0,3.0,2.0590169943749475,143.0,0.0
500.0,4412.0,1989.0,2112.0,20.0,1.477859897653482,94.9047619047619,0.0
500.0,4413.0,1997.0,1983.0,14.0,1.9928614817994783,121.2,0.0
500.0,4414.0,1998.0,2012.0,6.0,1.9837642167675251,122.71428571428572,0.0
500.0,4415.0,2024.0,2077.0,10.0,1.4512718217143317,96.0909090909091,0.0
500.0,4416.0,2027.0,2072.0,10.0,2.35265896408299,172.0,0.0
500.0,4417.0,2038.0,1939.0,18.0,2.2640807381310672,173.1578947368421,0.0
500.0,4418.0,2043.0,2058.0,11.0,2.2364328447492774,181.75,0.0
500.0,4419.0,2047.0,2001.0,7.0,2.0590169943749475,125.875,0.0
500.0,4420.0,2051.0,2077.0,21.0,1.3886262034765706,89.81818181818181,0.0
500.0,4421.0,2070.0,2227.0,28.0,1.9556819531765128,102.72413793103448,0.0
500.0,4422.0,2080.0,2230.0,27.0,1.811476762562084,99.82142857142856,0.0
500.0,4423.0,2083.0,2093.0,3.0,,179.5,0.0
500.0,4424.0,2088.0,2124.0,6.0,1.6652648927846256,93.71428571428572,0.0
500.0,4425.0,2094.0,2105.0,13.0,1.9500402199818407,163.57142857142858,0.0
500.0,4426.0,2102.0,2115.0,12.0,2.2531744511277183,189.92307692307693,0.0
500.0,4427.0,2103.0,1980.0,20.0,1.2890984672316894,96.47619047619048,0.0
500.0,4428.0,2108.0,2057.0,10.0,2.289918809067645,177.0,0.0
500.0,4429.0,2111.0,2128.0,2.0,2.433521026581923,158.33333333333334,0.0
500.0,4430.0,2112.0,2176.0,11.0,1.4767791126448635,104.33333333333331,0.0
500.0,4431.0,2119.0,2105.0,2.0,2.433521026581923,191.0,0.0
500.0,4432.0,2121.0,2047.0,14.0,1.0666666666666669,85.53333333333333,0.0
500.0,4433.0,2129.0,2111.0,8.0,2.3152437929990364,150.66666666666666,0.0
500.0,4434.0,2149.0,2158.0,9.0,1.6478708664619073,91.9,0.0
500.0,4435.0,2167.0,2154.0,18.0,2.0745477823683545,133.31578947368422,0.0
500.0,4436.0,2170.0,2180.0,2.0,2.1595695548730247,193.66666666666663,0.0
500.0,4437.0,2176.0,2213.0,9.0,2.3545398069490697,165.5,0.0
500.0,4438.0,2179.0,2180.0,8.0,1.934912618041455,175.66666666666666,0.0
500.0,4439.0,2195.0,2211.0,15.0,2.044262745781211,132.875,0.0
500.0,4440.0,2205.0,2236.0,7.0,1.7357936896715844,124.875,0.0
500.0,4441.0,2206.0,2243.0,15.0,2.1036905345073764,154.0,0.0
500.0,4442.0,2216.0,2198.0,6.0,1.37955060707034,107.28571428571428,0.0
500.0,4443.0,2220.0,2224.0,21.0,,163.95454545454547,0.0
500.0,4444.0,2223.0,2295.0,13.0,2.261517346767405,162.64285714285714,0.0
500.0,4445.0,2224.0,2225.0,6.0,,199.8571428571429,0.0
500.0,4446.0,2227.0,2278.0,11.0,1.6779635761759548,107.08333333333331,0.0
500.0,4447.0,2232.0,2198.0,7.0,1.5598385830773842,105.5,0.0
500.0,4448.0,2233.0,2336.0,19.0,2.3562041797328908,157.8,0.0
500.0,4449.0,2235.0,2260.0,9.0,1.9307135789365268,114.7,0.0
500.0,4450.0,2236.0,2255.0,3.0,1.7215873793431686,118.5,0.0
500.0,4451.0,2237.0,2262.0,4.0,2.260112615949154,169.4,0.0
500.0,4452.0,2244.0,2243.0,8.0,1.987372168596964,133.11111111111111,0.0
500.0,4453.0,2246.0,2297.0,8.0,2.3209493133331467,150.88888888888889,0.0
500.0,4454.0,2252.0,2305.0,8.0,1.322166104067963,86.0,0.0
500.0,4455.0,2257.0,2230.0,36.0,2.1228485964727213,177.97297297297297,0.0
500.0,4456.0,2273.0,2322.0,10.0,2.235023475889692,144.72727272727272,0.0
500.0,4457.0,2280.0,2230.0,13.0,2.194069353196036,178.14285714285714,0.0
500.0,4458.0,2292.0,2312.0,7.0,2.118033988749895,129.625,0.0
500.0,4459.0,2302.0,2424.0,23.0,2.838304907950258,106.75,0.0
500.0,4460.0,2309.0,2295.0,7.0,2.2956322727489686,189.625,0.0
500.0,4461.0,2316.0,2255.0,10.0,2.1182330072496156,113.63636363636364,0.0
500.0,4462.0,2318.0,2354.0,7.0,2.3927727915886936,111.0,0.0
500.0,4463.0,2324.0,2293.0,5.0,1.9714045207910316,136.66666666666666,0.0
500.0,4464.0,2328.0,2351.0,4.0,1.731370849898476,153.0,0.0
500.0,4465.0,2334.0,2356.0,13.0,1.492351587642298,103.92857142857144,0.0
500.0,4466.0,2336.0,2377.0,8.0,2.4525846793879023,166.77777777777777,0.0
500.0,4467.0,2341.0,2348.0,8.0,1.61518122858284,126.0,0.0
500.0,4468.0,2343.0,2354.0,3.0,1.5590169943749477,108.75,0.0
500.0,4469.0,2355.0,2356.0,13.0,1.8617496501604271,110.14285714285714,0.0
500.0,4470.0,2358.0,2305.0,18.0,1.4104731512222808,93.0,0.0
500.0,4471.0,2363.0,2322.0,8.0,1.922284786638419,118.55555555555556,0.0
500.0,4472.0,2367.0,2389.0,7.0,2.251095876530642,180.375,0.0
500.0,4473.0,2368.0,2390.0,4.0,1.482842712474619,105.0,0.0
500.0,4474.0,2370.0,2526.0,26.0,1.4359093563592766,91.92592592592592,0.0
500.0,4475.0,2374.0,2295.0,13.0,2.0683869520884395,133.21428571428572,0.0
500.0,4476.0,2382.0,2377.0,6.0,2.185794725677967,159.28571428571428,0.0
500.0,4477.0,2401.0,2537.0,35.0,1.1015792847081216,81.86111111111111,0.0
500.0,4478.0,2404.0,2390.0,3.0,1.7071067811865477,113.25,0.0
500.0,4479.0,2416.0,2436.0,5.0,1.304737854124365,95.0,0.0
500.0,4480.0,2423.0,2408.0,2.0,1.804737854124365,184.66666666666663,0.0
500.0,4481.0,2427.0,2449.0,4.0,2.539781743482788,161.8,0.0
500.0,4482.0,2429.0,2408.0,3.0,1.5,200.5,0.0
500.0,4483.0,2443.0,2297.0,24.0,2.1675642759897635,147.2,0.0
500.0,4484.0,2444.0,2465.0,10.0,1.8934933749769265,105.0,0.0
500.0,4485.0,2445.0,2513.0,10.0,1.4142135623730954,95.1818181818182,0.0
500.0,4486.0,2446.0,2467.0,4.0,2.326882723033592,205.2,0.0
500.0,4487.0,2448.0,2489.0,8.0,1.792110022721329,113.0,0.0
500.0,4488.0,2450.0,2543.0,23.0,1.8637548484993125,119.625,0.0
500.0,4489.0,2454.0,2391.0,11.0,1.1523689270621826,99.58333333333331,0.0
500.0,4490.0,2465.0,2487.0,4.0,1.765685424949238,98.6,0.0
500.0,4491.0,2467.0,2477.0,3.0,1.766123775561495,193.75,0.0
500.0,4492.0,2473.0,2585.0,39.0,1.325876446268078,93.55,0.0
500.0,4493.0,2489.0,2449.0,7.0,2.015302186859058,131.0,0.0
500.0,4494.0,2498.0,2483.0,2.0,12.3006815874906,108.33333333333331,0.0
500.0,4495.0,2500.0,2484.0,2.0,1.60947570824873,98.33333333333331,0.0
500.0,4496.0,2503.0,2513.0,6.0,1.4040610178208843,92.71428571428572,0.0
500.0,4497.0,2506.0,2450.0,23.0,1.8633895563224312,118.125,0.0
500.0,4498.0,2507.0,2423.0,13.0,1.9169424383565232,189.71428571428572,0.0
500.0,4499.0,2510.0,2483.0,13.0,9.196728605764791,113.5,0.0
500.0,4500.0,2526.0,2599.0,12.0,1.3131590624511904,93.6153846153846,0.0
500.0,4501.0,2528.0,2546.0,3.0,1.5606601717798212,95.0,0.0
500.0,4502.0,2537.0,2670.0,20.0,1.589438266725273,91.85714285714286,0.0
500.0,4503.0,2540.0,2558.0,3.0,2.0590169943749475,100.5,0.0
500.0,4504.0,2550.0,2442.0,17.0,1.7202216688254248,115.22222222222224,0.0
500.0,4505.0,2559.0,2607.0,7.0,2.1770509831248424,153.25,0.0
500.0,4506.0,2585.0,2712.0,17.0,1.9091698989995411,116.83333333333331,0.0
500.0,4507.0,2607.0,2630.0,4.0,2.141640786499874,155.4,0.0
500.0,4508.0,2608.0,2513.0,15.0,1.5450843344836471,98.5625,0.0
500.0,4509.0,2620.0,2627.0,10.0,1.9467466874884631,116.63636363636364,0.0
500.0,4510.0,2625.0,2662.0,6.0,2.514446594213077,191.71428571428572,0.0
500.0,4511.0,2626.0,2682.0,11.0,1.746451444103179,133.0,0.0
500.0,4512.0,2627.0,2656.0,10.0,1.6110317592489418,115.1818181818182,0.0
500.0,4513.0,2635.0,2664.0,5.0,1.7071067811865477,113.16666666666669,0.0
500.0,4514.0,2641.0,2693.0,6.0,6.195856131041334,169.28571428571428,0.0
500.0,4515.0,2649.0,2720.0,8.0,2.373895353554639,155.77777777777777,0.0
500.0,4516.0,2664.0,2701.0,4.0,1.8828427124746192,106.8,0.0
500.0,4517.0,2678.0,2764.0,13.0,1.319907761758505,110.64285714285714,0.0
500.0,4518.0,2681.0,2714.0,4.0,1.9300563079745772,111.6,0.0
500.0,4519.0,2684.0,2690.0,2.0,1.4714045207910316,148.66666666666666,0.0
500.0,4520.0,2686.0,2709.0,3.0,4.64881039515431,167.75,0.0
500.0,4521.0,2688.0,2699.0,8.0,2.1049191011110175,170.88888888888889,0.0
500.0,4522.0,2699.0,2738.0,6.0,2.23606797749979,166.71428571428572,0.0
500.0,4523.0,2704.0,2781.0,11.0,1.657743518916014,93.66666666666669,0.0
500.0,4524.0,2727.0,2756.0,4.0,1.5313708498984762,105.0,0.0
500.0,4525.0,2731.0,2670.0,7.0,2.0590169943749475,105.75,0.0
500.0,4526.0,2732.0,2864.0,24.0,1.661991059059382,110.28,0.0
500.0,4527.0,2734.0,2743.0,4.0,1.8828427124746192,105.0,0.0
500.0,4528.0,2744.0,2751.0,5.0,1.67741585037433,132.66666666666666,0.0
500.0,4529.0,2747.0,2767.0,3.0,1.2071067811865477,114.5,0.0
500.0,4530.0,2761.0,2729.0,8.0,1.6357054835264846,99.66666666666669,0.0
500.0,4531.0,2771.0,2744.0,6.0,1.6060915267313265,95.14285714285714,0.0
500.0,4532.0,2781.0,2801.0,3.0,2.23606797749979,106.75,0.0
500.0,4533.0,2788.0,2745.0,10.0,1.6798826058744611,126.0909090909091,0.0
500.0,4534.0,2791.0,2875.0,18.0,2.0997429752430428,145.52631578947367,0.0
500.0,4535.0,2793.0,2782.0,2.0,2.23606797749979,108.33333333333331,0.0
500.0,4536.0,2794.0,2823.0,7.0,2.354649267123916,181.375,0.0
500.0,4537.0,2795.0,2764.0,6.0,1.6652648927846256,101.0,0.0
500.0,4538.0,2803.0,2837.0,6.0,2.185794725677967,147.71428571428572,0.0
500.0,4539.0,2809.0,2780.0,4.0,1.765685424949238,148.6,0.0
500.0,4540.0,2814.0,2883.0,17.0,1.5344913493527794,92.11111111111111,0.0
500.0,4541.0,2832.0,2676.0,22.0,2.2926137549558043,144.65217391304347,0.0
500.0,4542.0,2857.0,2844.0,6.0,1.5806421574637113,136.42857142857142,0.0
500.0,4543.0,2864.0,3000.0,22.0,1.9801392942115243,113.30434782608695,0.0
500.0,4544.0,2877.0,2920.0,7.0,2.840655783108815,188.875,0.0
500.0,4545.0,2881.0,2875.0,2.0,2.35483170074866,164.66666666666666,0.0
500.0,4546.0,2889.0,2929.0,8.0,1.727022640762784,114.0,0.0
500.0,4547.0,2902.0,2956.0,21.0,1.6723825983456286,96.72727272727272,0.0
500.0,4548.0,2903.0,2909.0,11.0,1.990529126447723,158.41666666666666,0.0
500.0,4549.0,2907.0,2926.0,3.0,1.5,142.0,0.0
500.0,4550.0,2909.0,2938.0,8.0,1.9945382910687397,179.33333333333334,0.0
500.0,4551.0,2914.0,2894.0,3.0,1.766123775561495,146.25,0.0
500.0,4552.0,2919.0,2937.0,3.0,3.0,195.25,0.0
500.0,4553.0,2927.0,2867.0,11.0,1.5803325032381377,105.41666666666669,0.0
500.0,4554.0,2934.0,3005.0,10.0,2.4241473874306836,162.0,0.0
500.0,4555.0,2939.0,3027.0,11.0,18.61079285632097,184.58333333333337,0.0
500.0,4556.0,2953.0,2959.0,18.0,2.507136211728115,160.57894736842104,0.0
500.0,4557.0,2963.0,3006.0,6.0,2.2681506146124635,163.28571428571428,0.0
500.0,4558.0,2973.0,2936.0,8.0,2.6393454005082764,177.66666666666666,0.0
500.0,4559.0,2975.0,2994.0,2.0,1.0,140.66666666666666,0.0
500.0,4560.0,2983.0,3007.0,7.0,1.2803300858899105,109.125,0.0
500.0,4561.0,2991.0,2980.0,7.0,1.3535533905932735,96.0,0.0
500.0,4562.0,2998.0,3088.0,10.0,2.2579267397264844,143.45454545454547,0.0
500.0,4563.0,3008.0,2995.0,2.0,1.804737854124365,108.66666666666669,0.0
500.0,4564.0,3009.0,2958.0,6.0,1.177520098159898,116.57142857142856,0.0
500.0,4565.0,3010.0,2985.0,3.0,1.2071067811865477,110.5,0.0
500.0,4566.0,3017.0,3040.0,3.0,2.38415776431139,136.5,0.0
500.0,4567.0,3018.0,3000.0,7.0,2.213525491562421,170.0,0.0
500.0,4568.0,3023.0,3055.0,4.0,5.096836864145457,178.8,0.0
500.0,4569.0,3028.0,3076.0,11.0,1.844082517040997,118.25,0.0
500.0,4570.0,3030.0,3104.0,10.0,1.8831615129198969,112.27272727272728,0.0
500.0,4571.0,3032.0,3100.0,8.0,1.90322113383244,120.44444444444444,0.0
500.0,4572.0,3033.0,3007.0,2.0,1.2761423749153966,110.0,0.0
500.0,4573.0,3034.0,3008.0,6.0,1.6652648927846256,105.0,0.0
500.0,4574.0,3044.0,3132.0,22.0,1.9497289933309052,131.82608695652175,0.0
500.0,4575.0,3049.0,3022.0,3.0,1.3535533905932735,137.5,0.0
500.0,4576.0,3052.0,3033.0,3.0,1.1035533905932735,99.0,0.0
500.0,4577.0,3055.0,3062.0,2.0,5.0330065045309285,182.33333333333337,0.0
500.0,4578.0,3059.0,3078.0,13.0,1.9673716976332185,128.71428571428572,0.0
500.0,4579.0,3063.0,3027.0,29.0,16.851408175886995,168.56666666666666,0.0
500.0,4580.0,3067.0,3006.0,7.0,2.47042547745749,150.25,0.0
500.0,4581.0,3074.0,3049.0,3.0,1.1035533905932735,117.25,0.0
500.0,4582.0,3078.0,3039.0,5.0,1.981058252895446,115.0,0.0
500.0,4583.0,3080.0,3073.0,5.0,1.3737734478532142,126.0,0.0
500.0,4584.0,3085.0,3027.0,7.0,19.991944139439873,165.875,0.0
500.0,4585.0,3093.0,3052.0,4.0,1.082842712474619,90.2,0.0
500.0,4586.0,3097.0,3131.0,9.0,1.665685424949238,105.3,0.0
500.0,4587.0,3103.0,3111.0,15.0,1.8683076391870104,118.875,0.0
500.0,4588.0,3111.0,3149.0,5.0,1.7071067811865477,112.5,0.0
500.0,4589.0,3119.0,3146.0,6.0,1.5815811159807822,111.71428571428572,0.0
500.0,4590.0,3131.0,3180.0,7.0,1.2803300858899105,107.875,0.0
500.0,4591.0,3133.0,3223.0,21.0,1.456138993214687,91.27272727272728,0.0
500.0,4592.0,3146.0,3162.0,2.0,1.804737854124365,112.66666666666669,0.0
500.0,4593.0,3147.0,3156.0,2.0,1.2761423749153966,107.0,0.0
500.0,4594.0,3155.0,3088.0,8.0,2.170736784138396,140.55555555555554,0.0
500.0,4595.0,3167.0,3206.0,7.0,2.1475424859373686,136.25,0.0
500.0,4596.0,3171.0,3000.0,32.0,2.0858429009090145,139.9090909090909,0.0
500.0,4597.0,3175.0,3193.0,4.0,1.5313708498984762,118.4,0.0
500.0,4598.0,3176.0,3217.0,6.0,1.9000804399636813,109.71428571428572,0.0
500.0,4599.0,3182.0,3184.0,2.0,1.1380711874576983,99.0,0.0
500.0,4600.0,3185.0,3248.0,9.0,1.9779271744364848,137.8,0.0
500.0,4601.0,3187.0,3349.0,26.0,2.017486516851836,113.0,0.0
500.0,4602.0,3190.0,3191.0,4.0,1.412899020449196,126.0,0.0
500.0,4603.0,3195.0,3132.0,9.0,1.447870866461907,99.4,0.0
500.0,4604.0,3197.0,3206.0,7.0,1.8830618877807477,119.5,0.0
500.0,4605.0,3202.0,3184.0,2.0,1.2761423749153968,98.0,0.0
500.0,4606.0,3210.0,3263.0,8.0,1.6547691363324637,107.33333333333331,0.0
500.0,4607.0,3218.0,3100.0,16.0,2.035360362323032,134.88235294117646,0.0
500.0,4608.0,3223.0,3262.0,7.0,1.5080618877807477,103.0,0.0
500.0,4609.0,3226.0,3309.0,13.0,1.652070728892283,108.57142857142856,0.0
500.0,4610.0,3232.0,3216.0,4.0,1.482842712474619,124.6,0.0
500.0,4611.0,3233.0,3217.0,2.0,1.9621165057908916,120.33333333333331,0.0
500.0,4612.0,3236.0,3316.0,14.0,2.189146275799422,140.6,0.0
500.0,4613.0,3238.0,3254.0,4.0,2.23606797749979,150.0,0.0
500.0,4614.0,3251.0,3288.0,7.0,1.4356601717798214,104.75,0.0
500.0,4615.0,3252.0,3265.0,7.0,1.3535533905932735,111.5,0.0
500.0,4616.0,3255.0,3127.0,19.0,1.918252909099587,130.9,0.0
500.0,4617.0,3261.0,3294.0,6.0,1.9163162231961568,87.42857142857143,0.0
500.0,4618.0,3273.0,3281.0,2.0,4.8240453183331935,162.0,0.0
500.0,4619.0,3276.0,3277.0,3.0,2.3251407699364424,166.25,0.0
500.0,4620.0,3280.0,3307.0,5.0,2.1573786516665265,153.0,0.0
500.0,4621.0,3282.0,3303.0,3.0,1.7071067811865477,126.25,0.0
500.0,4622.0,3290.0,3233.0,10.0,1.5895710340216882,97.72727272727272,0.0
500.0,4623.0,3292.0,3376.0,16.0,1.748314667749315,114.6470588235294,0.0
500.0,4624.0,3306.0,3248.0,11.0,1.9417135899788145,106.75,0.0
500.0,4625.0,3308.0,3459.0,25.0,2.1408170328747564,148.5,0.0
500.0,4626.0,3310.0,3322.0,3.0,3.9321642252704128,120.5,0.0
500.0,4627.0,3320.0,3301.0,4.0,1.6485281374238572,119.4,0.0
500.0,4628.0,3328.0,3361.0,7.0,1.1035533905932735,99.0,0.0
500.0,4629.0,3333.0,3393.0,11.0,2.2113859214371296,124.25,0.0
500.0,4630.0,3338.0,3322.0,4.0,3.2453545524828717,135.8,0.0
500.0,4631.0,3340.0,3338.0,5.0,2.690363722118258,128.0,0.0
500.0,4632.0,3343.0,3340.0,10.0,6.533497645036439,110.36363636363636,0.0
500.0,4633.0,3347.0,3348.0,4.0,2.047213595499958,141.4,0.0
500.0,4634.0,3357.0,3378.0,4.0,2.047213595499958,145.6,0.0
500.0,4635.0,3374.0,3216.0,39.0,1.8743189262775697,117.9,0.0
500.0,4636.0,3378.0,3388.0,2.0,2.0786893258332633,148.66666666666666,0.0
500.0,4637.0,3392.0,3380.0,4.0,2.69256814798283,165.0,0.0
500.0,4638.0,3407.0,3436.0,4.0,2.188854381999832,137.4,0.0
500.0,4639.0,3408.0,3420.0,2.0,1.60947570824873,92.33333333333331,0.0
500.0,4640.0,3413.0,3386.0,4.0,2.307326211449112,143.0,0.0
500.0,4641.0,3415.0,3393.0,3.0,1.9571067811865477,124.0,0.0
500.0,4642.0,3427.0,3435.0,5.0,1.4023689270621826,109.16666666666669,0.0
500.0,4643.0,3428.0,3398.0,4.0,1.448528137423857,98.2,0.0
500.0,4644.0,3433.0,3459.0,7.0,1.3830618877807477,107.5,0.0
500.0,4645.0,3438.0,3412.0,3.0,1.5606601717798212,103.0,0.0
500.0,4646.0,3441.0,3455.0,2.0,11.280747892396516,138.0,0.0
500.0,4647.0,3446.0,3496.0,7.0,1.2285533905932735,97.5,0.0
500.0,4648.0,3449.0,3478.0,4.0,2.388854381999832,144.0,0.0
500.0,4649.0,3451.0,3349.0,16.0,2.021603087330435,134.58823529411765,0.0
500.0,4650.0,3464.0,3436.0,5.0,1.67741585037433,123.5,0.0
500.0,4651.0,3468.0,3478.0,18.0,1.459018386933598,107.78947368421052,0.0
500.0,4652.0,3477.0,3455.0,3.0,10.855934982967945,119.75,0.0
500.0,4653.0,3484.0,3520.0,8.0,1.386523184957675,104.77777777777776,0.0
500.0,4654.0,3490.0,3554.0,14.0,2.0157378651666527,117.53333333333332,0.0
500.0,4655.0,3503.0,3504.0,5.0,2.0786893258332633,153.83333333333334,0.0
500.0,4656.0,3511.0,3479.0,7.0,2.111615278374021,128.5,0.0
500.0,4657.0,3515.0,3600.0,18.0,1.4281875217953397,94.6842105263158,0.0
500.0,4658.0,3525.0,3555.0,8.0,1.2301186457628306,92.33333333333331,0.0
500.0,4659.0,3528.0,3522.0,7.0,4.067831521857657,125.375,0.0
500.0,4660.0,3536.0,3537.0,2.0,2.74535599249993,154.66666666666666,0.0
500.0,4661.0,3541.0,3510.0,13.0,1.597973635115089,117.35714285714286,0.0
500.0,4662.0,3542.0,3510.0,5.0,2.118033988749895,147.16666666666666,0.0
500.0,4663.0,3549.0,3521.0,7.0,1.866356443177997,133.125,0.0
500.0,4664.0,3554.0,3562.0,2.0,2.23606797749979,136.33333333333334,0.0
500.0,4665.0,3556.0,3520.0,9.0,2.047213595499958,139.8,0.0
500.0,4666.0,3563.0,3608.0,9.0,1.4313708498984763,94.5,0.0
500.0,4667.0,3578.0,3613.0,7.0,1.942078882155695,119.5,0.0
500.0,4668.0,3591.0,3562.0,16.0,1.2189029030434329,95.41176470588236,0.0
500.0,4669.0,3592.0,3608.0,5.0,1.5404401145198807,90.5,0.0
500.0,4670.0,3597.0,3533.0,14.0,2.1181799356496898,138.86666666666667,0.0
500.0,4671.0,3611.0,3623.0,3.0,1.9715873793431689,129.25,0.0
500.0,4672.0,3625.0,3536.0,23.0,1.418127410446797,97.95833333333331,0.0
500.0,4673.0,3633.0,3642.0,3.0,1.8535533905932735,106.75,0.0
500.0,4674.0,3634.0,3638.0,11.0,1.3392556509887896,95.5,0.0
500.0,4675.0,3638.0,3608.0,8.0,1.5174282499435978,89.33333333333333,0.0
500.0,4676.0,3661.0,3696.0,9.0,2.094427190999916,133.7,0.0
500.0,4677.0,3664.0,3600.0,17.0,1.844082517040997,119.77777777777776,0.0
500.0,4678.0,3668.0,3728.0,31.0,1.283470869120796,88.6875,0.0
500.0,4679.0,3681.0,3694.0,13.0,1.8076525563832333,117.28571428571428,0.0
500.0,4680.0,3690.0,3760.0,17.0,1.948514561916173,133.44444444444446,0.0
500.0,4681.0,3694.0,3733.0,10.0,2.1611544577041224,133.45454545454547,0.0
500.0,4682.0,3708.0,3719.0,3.0,1.8535533905932735,113.25,0.0
500.0,4683.0,3710.0,3736.0,6.0,2.01842717207028,117.85714285714286,0.0
500.0,4684.0,3716.0,3732.0,4.0,2.388854381999832,155.4,0.0
500.0,4685.0,3720.0,3744.0,6.0,1.37955060707034,115.71428571428572,0.0
500.0,4686.0,3726.0,3751.0,7.0,1.2285533905932735,98.125,0.0
500.0,4687.0,3735.0,3744.0,4.0,2.0957417329238153,155.0,0.0
500.0,4688.0,3746.0,3732.0,6.0,1.4724479699093236,130.42857142857142,0.0
500.0,4689.0,3750.0,3764.0,4.0,1.8828427124746192,121.0,0.0
500.0,4690.0,3754.0,3728.0,8.0,1.3142696805273544,100.77777777777776,0.0
500.0,4691.0,3758.0,3776.0,3.0,1.8535533905932735,117.75,0.0
500.0,4692.0,3759.0,3716.0,9.0,1.772134935173836,123.4,0.0
500.0,4693.0,3769.0,3821.0,12.0,2.055151611134193,134.76923076923077,0.0
500.0,4694.0,3774.0,3801.0,6.0,1.5806421574637115,102.71428571428572,0.0
500.0,4695.0,3778.0,3776.0,11.0,1.3392556509887896,104.25,0.0
500.0,4696.0,3779.0,3792.0,3.0,2.118033988749895,147.25,0.0
500.0,4697.0,3782.0,3773.0,3.0,1.766123775561495,112.75,0.0
500.0,4698.0,3791.0,3830.0,9.0,1.6727922061357858,116.0,0.0
500.0,4699.0,3808.0,3818.0,2.0,1.4142135623730951,89.33333333333333,0.0
500.0,4700.0,3820.0,3828.0,3.0,1.1035533905932735,101.25,0.0
500.0,4701.0,3821.0,3853.0,8.0,1.987372168596964,126.88888888888889,0.0
500.0,4702.0,3831.0,3840.0,14.0,1.9852847829576563,141.8,0.0
500.0,4703.0,3837.0,3875.0,6.0,1.6735395203026948,104.71428571428572,0.0
500.0,4704.0,3839.0,3866.0,5.0,1.6094757082487303,112.16666666666669,0.0
500.0,4705.0,3845.0,3856.0,3.0,1.766123775561495,123.5,0.0
500.0,4706.0,3846.0,3884.0,8.0,1.830967629402119,128.66666666666666,0.0
500.0,4707.0,3848.0,3879.0,6.0,1.68977530353517,121.14285714285714,0.0
500.0,4708.0,3872.0,3880.0,3.0,1.5606601717798212,96.0,0.0
500.0,4709.0,3873.0,3840.0,6.0,2.1021109488741234,122.14285714285714,0.0
500.0,4710.0,3891.0,3875.0,6.0,1.69898888957031,110.28571428571428,0.0
500.0,4711.0,3893.0,3886.0,3.0,1.4571067811865477,106.25,0.0
500.0,4712.0,3894.0,3901.0,6.0,1.748948669588469,114.71428571428572,0.0
500.0,4713.0,3901.0,3880.0,5.0,1.3737734478532142,96.66666666666669,0.0
500.0,4714.0,3902.0,3885.0,5.0,1.304737854124365,106.0,0.0
500.0,4715.0,3904.0,3959.0,12.0,1.982515310365027,132.84615384615384,0.0
500.0,4716.0,3905.0,3911.0,2.0,1.804737854124365,102.33333333333331,0.0
500.0,4717.0,3910.0,3915.0,2.0,2.4120226591665967,148.0,0.0
500.0,4718.0,3916.0,3935.0,9.0,1.9064495102245984,124.2,0.0
500.0,4719.0,3930.0,3936.0,4.0,1.248528137423857,97.2,0.0
500.0,4720.0,3938.0,3929.0,7.0,1.301776695296637,116.875,0.0
500.0,4721.0,3951.0,3971.0,3.0,1.766123775561495,131.75,0.0
500.0,4722.0,3955.0,4011.0,9.0,1.8307135789365263,114.6,0.0
500.0,4723.0,3959.0,3993.0,5.0,2.0786893258332633,131.66666666666666,0.0
500.0,4724.0,3969.0,4003.0,6.0,1.9500402199818407,139.42857142857142,0.0
500.0,4725.0,3973.0,3992.0,3.0,2.1770509831248424,120.75,0.0
500.0,4726.0,3979.0,3989.0,6.0,1.1183467321065983,94.28571428571428,0.0
500.0,4727.0,4004.0,4013.0,2.0,1.8834271799576283,138.0,0.0
500.0,4728.0,4012.0,4045.0,7.0,1.9857936896715844,114.5,0.0
500.0,4729.0,4021.0,4003.0,4.0,1.812899020449196,134.6,0.0
500.0,4730.0,4028.0,4004.0,9.0,1.789292222699217,133.7,0.0
500.0,4731.0,4041.0,3993.0,10.0,1.861700787692643,124.63636363636364,0.0
500.0,4732.0,4058.0,4013.0,10.0,1.9046222381471507,114.27272727272728,0.0
500.0,4733.0,4066.0,3929.0,25.0,2.0272386127884374,126.65384615384616,0.0
500.0,4734.0,4072.0,4082.0,6.0,1.2949278717494257,106.85714285714286,0.0
500.0,4735.0,4100.0,4196.0,21.0,1.2980158720956383,91.0,0.0
500.0,4736.0,4108.0,4122.0,2.0,1.4142135623730951,122.66666666666669,0.0
500.0,4737.0,4114.0,4137.0,5.0,1.5797847774365126,99.66666666666669,0.0
500.0,4738.0,4116.0,4122.0,2.0,1.1380711874576983,124.33333333333331,0.0
500.0,4739.0,4130.0,4140.0,3.0,1.4571067811865477,100.5,0.0
500.0,4740.0,4133.0,4153.0,7.0,1.7071067811865477,100.875,0.0
500.0,4741.0,4146.0,4121.0,7.0,2.089347080264858,127.25,0.0
500.0,4742.0,4147.0,4121.0,9.0,2.1659048552118025,135.4,0.0
500.0,4743.0,4154.0,4162.0,3.0,2.3251407699364424,138.5,0.0
500.0,4744.0,4156.0,4138.0,7.0,1.4133919736706582,115.75,0.0
500.0,4745.0,4157.0,4167.0,2.0,1.60947570824873,107.66666666666669,0.0
500.0,4746.0,4159.0,4187.0,9.0,1.5313708498984762,105.0,0.0
500.0,4747.0,4170.0,4202.0,7.0,1.9562851924841107,129.0,0.0
500.0,4748.0,4173.0,4045.0,28.0,1.7514626608139252,105.34482758620688,0.0
500.0,4749.0,4185.0,4158.0,5.0,1.844082517040997,116.66666666666669,0.0
500.0,4750.0,4187.0,4210.0,7.0,1.4356601717798214,104.375,0.0
500.0,4751.0,4190.0,4140.0,12.0,1.5439282932204212,95.3076923076923,0.0
500.0,4752.0,4196.0,4204.0,4.0,1.5313708498984762,106.2,0.0
500.0,4753.0,4208.0,4168.0,9.0,2.047213595499958,120.7,0.0
500.0,4754.0,4211.0,4137.0,17.0,1.2952060277213755,94.0,0.0
500.0,4755.0,4215.0,4204.0,3.0,1.5606601717798212,107.25,0.0
500.0,4756.0,4237.0,4242.0,3.0,1.7071067811865477,142.25,0.0
500.0,4757.0,4244.0,4208.0,10.0,1.926082963374404,121.27272727272728,0.0
500.0,4758.0,4245.0,4249.0,4.0,1.812899020449196,136.2,0.0
500.0,4759.0,4246.0,4275.0,7.0,1.2285533905932735,108.125,0.0
500.0,4760.0,4247.0,4252.0,4.0,1.412899020449196,103.6,0.0
500.0,4761.0,4257.0,4215.0,11.0,1.3737734478532142,93.83333333333331,0.0
500.0,4762.0,4259.0,4246.0,17.0,1.6610830520339814,113.33333333333331,0.0
500.0,4763.0,4263.0,4283.0,6.0,1.6652648927846256,118.85714285714286,0.0
500.0,4764.0,4265.0,4291.0,7.0,1.4348385830773842,94.625,0.0
500.0,4765.0,4266.0,4294.0,7.0,1.6848385830773842,111.5,0.0
500.0,4766.0,4268.0,4275.0,5.0,1.804737854124365,135.33333333333334,0.0
500.0,4767.0,4282.0,4337.0,10.0,2.0273239163405243,119.72727272727272,0.0
500.0,4768.0,4283.0,4308.0,5.0,1.8047378541243653,117.0,0.0
500.0,4769.0,4294.0,4328.0,6.0,1.9417135899788145,125.28571428571428,0.0
500.0,4770.0,4297.0,4211.0,23.0,1.3249579113843053,95.29166666666669,0.0
500.0,4771.0,4322.0,4354.0,12.0,1.1406482403650915,91.6923076923077,0.0
500.0,4772.0,4329.0,4328.0,5.0,2.094427190999916,139.66666666666666,0.0
500.0,4773.0,4330.0,4400.0,11.0,1.5261423749153968,110.33333333333331,0.0
500.0,4774.0,4337.0,4374.0,7.0,1.942078882155695,130.75,0.0
500.0,4775.0,4339.0,4245.0,20.0,1.8241493233031076,124.28571428571428,0.0
500.0,4776.0,4345.0,4329.0,5.0,1.6488203711653615,118.66666666666669,0.0
500.0,4777.0,4347.0,4354.0,3.0,1.5606601717798214,105.5,0.0
500.0,4778.0,4350.0,4364.0,2.0,1.804737854124365,101.0,0.0
500.0,4779.0,4376.0,4418.0,10.0,1.3544995396919697,100.63636363636364,0.0
500.0,4780.0,4395.0,4401.0,2.0,1.4714045207910316,121.66666666666669,0.0
500.0,4781.0,4399.0,4424.0,5.0,1.7071067811865477,109.33333333333331,0.0
500.0,4782.0,4405.0,4395.0,2.0,1.1380711874576983,121.66666666666669,0.0
500.0,4783.0,4407.0,4401.0,2.0,2.1573786516665265,127.66666666666669,0.0
500.0,4784.0,4433.0,4469.0,6.0,1.4377850146065687,104.57142857142856,0.0
500.0,4785.0,4440.0,4466.0,5.0,1.0,94.33333333333331,0.0
500.0,4786.0,4441.0,4466.0,4.0,1.165685424949238,99.0,0.0
500.0,4787.0,4445.0,4418.0,5.0,1.60947570824873,121.0,0.0
500.0,4788.0,4454.0,4462.0,5.0,2.0393446629166316,138.5,0.0
500.0,4789.0,4461.0,4492.0,6.0,2.671272673916277,136.71428571428572,0.0
500.0,4790.0,4467.0,4498.0,6.0,2.0,104.0,0.0
500.0,4791.0,4472.0,4484.0,2.0,1.804737854124365,173.66666666666666,0.0
500.0,4792.0,4474.0,4520.0,7.0,2.0295084971874737,147.125,0.0
500.0,4793.0,4481.0,4539.0,9.0,18.07831465488,164.8,0.0
500.0,4794.0,4493.0,4551.0,9.0,2.950758230200697,129.4,0.0
500.0,4795.0,4505.0,4433.0,15.0,1.217419291538692,98.75,0.0
500.0,4796.0,4509.0,4492.0,2.0,4.49071198499986,126.33333333333331,0.0
500.0,4797.0,4510.0,4549.0,10.0,2.567512789738117,107.0,0.0
500.0,4798.0,4512.0,4546.0,9.0,1.282842712474619,111.1,0.0
500.0,4799.0,4520.0,4524.0,3.0,1.8535533905932735,149.75,0.0
500.0,4800.0,4535.0,4551.0,4.0,4.471292479067087,129.4,0.0
500.0,4801.0,4537.0,4580.0,9.0,1.565685424949238,102.6,0.0
500.0,4802.0,4540.0,4539.0,3.0,18.83550041783053,173.75,0.0
500.0,4803.0,4545.0,4454.0,15.0,2.08893628591364,120.8125,0.0
500.0,4804.0,4546.0,4564.0,3.0,1.3535533905932735,109.75,0.0
500.0,4805.0,4558.0,4605.0,11.0,1.9888231183897491,108.41666666666669,0.0
500.0,4806.0,4565.0,4568.0,9.0,19.21957736240988,175.3,0.0
500.0,4807.0,4568.0,4563.0,7.0,20.28645460223824,123.0,0.0
500.0,4808.0,4592.0,4607.0,8.0,13.741961307034954,204.0,0.0
500.0,4809.0,4593.0,4607.0,4.0,,194.8,0.0
500.0,4810.0,4595.0,4596.0,9.0,,155.0,0.0
500.0,4811.0,4596.0,4605.0,5.0,5.779722956061723,143.33333333333334,0.0
500.0,4812.0,4629.0,4645.0,10.0,7.658147177310764,125.0,0.0
500.0,4813.0,4645.0,4653.0,4.0,6.812063909328755,105.0,0.0
500.0,4814.0,4647.0,4649.0,2.0,9.916117579469256,207.66666666666663,0.0
500.0,4815.0,4665.0,4668.0,3.0,9.162662336949296,141.5,0.0
500.0,4816.0,4688.0,4685.0,16.0,21.49111002349081,177.35294117647058,0.0
500.0,4817.0,4696.0,4698.0,4.0,18.792116182474025,199.4,0.0
500.0,4818.0,4701.0,4700.0,3.0,13.881829873714414,217.75,0.0
500.0,4819.0,4706.0,4701.0,10.0,7.19944064946078,217.54545454545453,0.0
500.0,4820.0,62.0,82.0,24.0,2.1318985350271795,131.2,0.0
500.0,4821.0,124.0,207.0,43.0,1.9495289032810192,119.8181818181818,0.0
500.0,4822.0,148.0,156.0,17.0,1.4749875820269196,113.16666666666669,0.0
500.0,4823.0,155.0,182.0,18.0,2.261378123235963,136.6315789473684,0.0
500.0,4824.0,174.0,217.0,16.0,1.9449703001321168,118.82352941176472,0.0
500.0,4825.0,198.0,188.0,3.0,1.2071067811865477,147.0,0.0
500.0,4826.0,266.0,235.0,15.0,1.5861377250769213,99.5625,0.0
500.0,4827.0,291.0,299.0,3.0,1.3535533905932735,139.0,0.0
500.0,4828.0,298.0,316.0,11.0,1.746451444103179,109.75,0.0
500.0,4829.0,302.0,312.0,4.0,1.931370849898476,137.6,0.0
500.0,4830.0,307.0,339.0,13.0,1.3499639240436905,106.07142857142856,0.0
500.0,4831.0,314.0,345.0,11.0,1.5601124459781968,93.41666666666669,0.0
500.0,4832.0,315.0,420.0,35.0,1.632940123721787,99.02777777777776,0.0
500.0,4833.0,343.0,374.0,15.0,1.8612044840228028,115.125,0.0
500.0,4834.0,375.0,475.0,29.0,1.2299831645537225,87.73333333333333,0.0
500.0,4835.0,384.0,385.0,5.0,2.0393446629166316,120.33333333333331,0.0
500.0,4836.0,388.0,409.0,6.0,1.556131746713167,116.42857142857144,0.0
500.0,4837.0,389.0,453.0,17.0,1.9611423933192096,100.44444444444444,0.0
500.0,4838.0,405.0,293.0,37.0,1.779149970239764,97.05263157894736,0.0
500.0,4839.0,423.0,442.0,11.0,1.1035533905932735,115.91666666666669,0.0
500.0,4840.0,431.0,430.0,14.0,1.8552284749830792,130.46666666666667,0.0
500.0,4841.0,447.0,520.0,28.0,3.3789724787456454,131.9655172413793,0.0
500.0,4842.0,467.0,488.0,9.0,1.4071067811865476,91.0,0.0
500.0,4843.0,478.0,468.0,29.0,1.992642391478828,113.76666666666668,0.0
500.0,4844.0,481.0,511.0,10.0,2.2255366333858837,150.9090909090909,0.0
500.0,4845.0,486.0,442.0,12.0,1.0637251634420148,105.92307692307692,0.0
500.0,4846.0,490.0,545.0,19.0,1.4896208581801915,98.1,0.0
500.0,4847.0,493.0,520.0,8.0,2.0143322449435512,127.77777777777776,0.0
500.0,4848.0,496.0,473.0,34.0,1.605715943324498,96.34285714285714,0.0
500.0,4849.0,500.0,650.0,39.0,1.3588834764831843,88.375,0.0
500.0,4850.0,512.0,488.0,11.0,1.6779635761759548,106.08333333333331,0.0
500.0,4851.0,513.0,557.0,16.0,1.7176504715504373,108.47058823529412,0.0
500.0,4852.0,524.0,563.0,18.0,2.664342407546753,124.63157894736842,0.0
500.0,4853.0,527.0,516.0,16.0,1.837802393359958,113.52941176470588,0.0
500.0,4854.0,548.0,499.0,11.0,5.415025199653613,186.91666666666663,0.0
500.0,4855.0,554.0,652.0,27.0,1.874239595164967,101.82142857142856,0.0
500.0,4856.0,559.0,672.0,29.0,1.912387696387041,106.23333333333332,0.0
500.0,4857.0,567.0,511.0,24.0,2.089793399589797,141.4,0.0
500.0,4858.0,569.0,616.0,23.0,2.302598708926467,160.75,0.0
500.0,4859.0,583.0,522.0,16.0,1.6995836604113044,107.70588235294116,0.0
500.0,4860.0,605.0,662.0,33.0,2.024687895282852,164.38235294117646,0.0
500.0,4861.0,606.0,577.0,16.0,2.1946664759994654,153.7058823529412,0.0
500.0,4862.0,608.0,538.0,20.0,1.745564488071066,92.66666666666669,0.0
500.0,4863.0,615.0,616.0,9.0,2.3429553284237734,163.7,0.0
500.0,4864.0,620.0,573.0,18.0,1.5375370229261278,94.73684210526316,0.0
500.0,4865.0,628.0,668.0,8.0,1.0920474583051325,97.33333333333331,0.0
500.0,4866.0,634.0,750.0,22.0,1.6325989772384588,92.08695652173913,0.0
500.0,4867.0,636.0,641.0,24.0,2.089793399589797,163.32,0.0
500.0,4868.0,651.0,552.0,27.0,1.9834511091873412,113.64285714285714,0.0
500.0,4869.0,656.0,731.0,31.0,1.2901334764831844,91.8125,0.0
500.0,4870.0,673.0,624.0,10.0,1.6960776590447617,103.9090909090909,0.0
500.0,4871.0,682.0,652.0,19.0,1.9532247551122992,114.3,0.0
500.0,4872.0,687.0,675.0,5.0,1.5690355937288494,152.0,0.0
500.0,4873.0,694.0,772.0,22.0,1.6639619925314306,99.0,0.0
500.0,4874.0,696.0,727.0,15.0,2.007651093429529,145.0625,0.0
500.0,4875.0,701.0,675.0,19.0,2.3682529090995876,163.45,0.0
500.0,4876.0,725.0,1016.0,66.0,1.302138265105368,91.14925373134328,0.0
500.0,4877.0,726.0,754.0,27.0,2.0296650509775653,142.5,0.0
500.0,4878.0,742.0,761.0,7.0,1.5812851924841107,119.625,0.0
500.0,4879.0,765.0,839.0,25.0,1.974278558595194,117.5,0.0
500.0,4880.0,775.0,803.0,9.0,1.8543203766865055,117.7,0.0
500.0,4881.0,784.0,803.0,14.0,1.4595281484661446,93.13333333333334,0.0
500.0,4882.0,802.0,832.0,10.0,1.4448111115447426,97.45454545454544,0.0
500.0,4883.0,817.0,763.0,33.0,1.283159323469692,96.70588235294116,0.0
500.0,4884.0,836.0,792.0,29.0,1.401168595024104,98.96666666666668,0.0
500.0,4885.0,837.0,769.0,19.0,2.2004383506122567,137.75,0.0
500.0,4886.0,838.0,947.0,38.0,1.8892554098359524,106.23076923076924,0.0
500.0,4887.0,867.0,966.0,18.0,2.2862273840254144,139.94736842105263,0.0
500.0,4888.0,882.0,1009.0,28.0,1.530509527960353,100.0,0.0
500.0,4889.0,887.0,975.0,18.0,2.0808753188023976,118.42105263157896,0.0
500.0,4890.0,889.0,853.0,11.0,1.201184463531091,103.91666666666669,0.0
500.0,4891.0,890.0,899.0,7.0,1.5812851924841107,112.25,0.0
500.0,4892.0,897.0,819.0,20.0,2.0405968504217125,131.04761904761904,0.0
500.0,4893.0,909.0,1024.0,21.0,2.0595150041814048,128.1818181818182,0.0
500.0,4894.0,938.0,832.0,23.0,1.4356601717798212,92.5,0.0
500.0,4895.0,946.0,1014.0,13.0,2.3924320276059796,150.85714285714286,0.0
500.0,4896.0,960.0,1052.0,18.0,2.016626463242653,131.94736842105263,0.0
500.0,4897.0,973.0,1164.0,32.0,1.455806986677049,88.72727272727273,0.0
500.0,4898.0,1025.0,986.0,8.0,2.0660614944302274,126.11111111111111,0.0
500.0,4899.0,1047.0,1053.0,26.0,2.070432934786567,150.14814814814815,0.0
500.0,4900.0,1056.0,980.0,14.0,2.016322332649662,122.6,0.0
500.0,4901.0,1057.0,1131.0,11.0,1.7607491837076632,122.08333333333331,0.0
500.0,4902.0,1062.0,1146.0,13.0,1.2549006537680587,92.07142857142856,0.0
500.0,4903.0,1067.0,1081.0,6.0,2.5898557434988514,195.42857142857144,0.0
500.0,4904.0,1098.0,1234.0,55.0,,100.48214285714286,0.0
500.0,4905.0,1099.0,1146.0,24.0,,96.16,0.0
500.0,4906.0,1108.0,1084.0,8.0,2.0136019438747184,173.44444444444446,0.0
500.0,4907.0,1111.0,1059.0,9.0,3.0708006197132547,122.9,0.0
500.0,4908.0,1138.0,1093.0,7.0,1.5901686689672951,147.375,0.0
500.0,4909.0,1155.0,1219.0,18.0,1.34507100979495,86.42105263157895,0.0
500.0,4910.0,1175.0,1200.0,21.0,2.2168171149672458,170.27272727272728,0.0
500.0,4911.0,1181.0,1221.0,11.0,1.3737734478532142,99.08333333333331,0.0
500.0,4912.0,1192.0,1157.0,10.0,2.1287643513635217,130.45454545454547,0.0
500.0,4913.0,1195.0,1284.0,18.0,1.6981343746633375,107.57894736842104,0.0
500.0,4914.0,1196.0,1232.0,9.0,1.4485281374238572,105.3,0.0
500.0,4915.0,1201.0,1236.0,11.0,1.511296909509288,104.0,0.0
500.0,4916.0,1202.0,1236.0,8.0,1.5364919027495767,99.33333333333331,0.0
500.0,4917.0,1206.0,1224.0,11.0,1.746451444103179,128.5,0.0
500.0,4918.0,1212.0,1215.0,14.0,1.6752660136327973,112.0,0.0
500.0,4919.0,1216.0,1220.0,8.0,1.543658025221352,108.33333333333331,0.0
500.0,4920.0,1225.0,1183.0,10.0,1.648687537646496,103.36363636363636,0.0
500.0,4921.0,1243.0,1176.0,14.0,2.189146275799422,136.0,0.0
500.0,4922.0,1246.0,1199.0,17.0,1.798423938422847,138.27777777777777,0.0
500.0,4923.0,1247.0,1245.0,3.0,1.8535533905932735,128.75,0.0
500.0,4924.0,1251.0,1245.0,8.0,2.0992135807769077,136.11111111111111,0.0
500.0,4925.0,1271.0,1164.0,22.0,1.0614875461901343,85.1304347826087,0.0
500.0,4926.0,1275.0,1346.0,14.0,2.008161166324831,134.73333333333332,0.0
500.0,4927.0,1276.0,1306.0,6.0,1.866356443177997,123.28571428571428,0.0
500.0,4928.0,1290.0,1242.0,17.0,1.9095350495339585,136.0,0.0
500.0,4929.0,1315.0,1342.0,8.0,3.0039005066335247,141.0,0.0
500.0,4930.0,1322.0,1215.0,21.0,2.011128863170224,118.8181818181818,0.0
500.0,4931.0,1335.0,1438.0,27.0,1.7326345184050784,115.96428571428572,0.0
500.0,4932.0,1336.0,1362.0,6.0,1.7826726663741534,114.71428571428572,0.0
500.0,4933.0,1375.0,1146.0,49.0,,133.26,0.0
500.0,4934.0,1397.0,1422.0,47.0,2.071357809942581,152.4375,0.0
500.0,4935.0,1424.0,1440.0,7.0,2.0337239967856844,200.625,0.0
500.0,4936.0,1444.0,1478.0,10.0,1.648090018590178,118.63636363636364,0.0
500.0,4937.0,1457.0,1509.0,19.0,2.0182529090995875,127.35,0.0
500.0,4938.0,1473.0,1505.0,12.0,2.1545205394034723,149.3846153846154,0.0
500.0,4939.0,1486.0,1499.0,4.0,1.412899020449196,115.2,0.0
500.0,4940.0,1490.0,1499.0,4.0,1.9772699034745351,120.2,0.0
500.0,4941.0,1502.0,1513.0,8.0,1.663391973670658,187.88888888888889,0.0
500.0,4942.0,1514.0,1542.0,9.0,1.8828427124746192,102.1,0.0
500.0,4943.0,1536.0,1531.0,4.0,1.412899020449196,130.2,0.0
500.0,4944.0,1544.0,1499.0,28.0,1.7781074551154887,113.72413793103448,0.0
500.0,4945.0,1553.0,1566.0,32.0,1.6246748963251674,103.03030303030305,0.0
500.0,4946.0,1590.0,1651.0,22.0,2.1591844719453768,147.82608695652175,0.0
500.0,4947.0,1607.0,1654.0,10.0,,133.54545454545453,0.0
500.0,4948.0,1614.0,1509.0,33.0,2.0073943440989535,126.70588235294116,0.0
500.0,4949.0,1621.0,1629.0,22.0,1.9543845486790716,120.69565217391305,0.0
500.0,4950.0,1640.0,1644.0,19.0,1.604488493380977,123.35,0.0
500.0,4951.0,1673.0,1674.0,3.0,1.516123775561495,114.75,0.0
500.0,4952.0,1691.0,1782.0,22.0,1.205276058771233,92.6086956521739,0.0
500.0,4953.0,1715.0,1634.0,21.0,2.064258425433309,127.86363636363636,0.0
500.0,4954.0,1724.0,1725.0,7.0,1.8535533905932735,148.5,0.0
500.0,4955.0,1745.0,1674.0,17.0,1.7627842424435276,116.61111111111111,0.0
500.0,4956.0,1752.0,1815.0,14.0,1.0552284749830794,87.0,0.0
500.0,4957.0,1759.0,1814.0,12.0,1.2675929742014675,89.15384615384616,0.0
500.0,4958.0,1764.0,1840.0,24.0,1.3382337649086284,90.8,0.0
500.0,4959.0,1780.0,1684.0,20.0,1.4911289761421316,115.0952380952381,0.0
500.0,4960.0,1792.0,1768.0,11.0,1.941713589978814,116.16666666666669,0.0
500.0,4961.0,1824.0,1835.0,10.0,1.642824346533225,97.36363636363636,0.0
500.0,4962.0,1825.0,1815.0,19.0,2.0061208747436226,127.1,0.0
500.0,4963.0,1828.0,1785.0,12.0,1.7428349422686449,91.53846153846152,0.0
500.0,4964.0,1837.0,1787.0,14.0,1.879565687115863,158.26666666666668,0.0
500.0,4965.0,1851.0,1852.0,6.0,2.4562121866768485,216.42857142857144,0.0
500.0,4966.0,1863.0,1845.0,7.0,2.4807225974273925,193.25,0.0
500.0,4967.0,1871.0,1958.0,22.0,1.0975061168312734,83.65217391304348,0.0
500.0,4968.0,1891.0,1964.0,18.0,1.4540745788405012,92.52631578947368,0.0
500.0,4969.0,1918.0,1907.0,21.0,2.0591165036248076,146.72727272727272,0.0
500.0,4970.0,1928.0,1905.0,6.0,1.3786116485532691,120.0,0.0
500.0,4971.0,1933.0,1985.0,13.0,1.3499639240436905,99.5,0.0
500.0,4972.0,1954.0,1861.0,22.0,1.6354031121187187,114.1304347826087,0.0
500.0,4973.0,1969.0,1913.0,14.0,1.7975993359238431,119.0,0.0
500.0,4974.0,1974.0,1989.0,22.0,2.0668100459671983,138.82608695652175,0.0
500.0,4975.0,1998.0,1983.0,9.0,1.9300563079745767,115.0,0.0
500.0,4976.0,2012.0,2154.0,22.0,1.3822790071132105,96.78260869565216,0.0
500.0,4977.0,2027.0,2056.0,14.0,2.344116630488539,186.73333333333332,0.0
500.0,4978.0,2040.0,2257.0,37.0,1.9139504306311443,121.97368421052632,0.0
500.0,4979.0,2043.0,2149.0,17.0,1.3734082973187975,98.94444444444444,0.0
500.0,4980.0,2051.0,2195.0,24.0,1.4314337781593736,91.48,0.0
500.0,4981.0,2058.0,2028.0,12.0,2.1089544511537492,179.46153846153845,0.0
500.0,4982.0,2083.0,2105.0,5.0,1.5107491837076632,200.66666666666663,0.0
500.0,4983.0,2088.0,2072.0,18.0,1.6172590558609397,101.0,0.0
500.0,4984.0,2093.0,2119.0,7.0,1.69898888957031,159.25,0.0
500.0,4985.0,2094.0,2128.0,13.0,2.1097593612318257,142.07142857142858,0.0
500.0,4986.0,2108.0,2115.0,10.0,2.314803703628559,193.63636363636363,0.0
500.0,4987.0,2124.0,2179.0,10.0,1.3324412954083982,103.9090909090909,0.0
500.0,4988.0,2129.0,2154.0,11.0,2.1477249195621124,134.75,0.0
500.0,4989.0,2167.0,2211.0,18.0,2.08697241276308,135.3684210526316,0.0
500.0,4990.0,2170.0,2072.0,17.0,2.351248639512772,161.0,0.0
500.0,4991.0,2206.0,2293.0,16.0,2.454712727293147,176.88235294117646,0.0
500.0,4992.0,2213.0,2292.0,13.0,1.9842336960260605,128.5,0.0
500.0,4993.0,2237.0,2277.0,9.0,1.589292222699217,141.8,0.0
500.0,4994.0,2246.0,2115.0,23.0,2.3188311516524265,156.91666666666666,0.0
500.0,4995.0,2252.0,2158.0,19.0,1.3606601717798217,88.1,0.0
500.0,4996.0,2260.0,2445.0,30.0,1.6084995153377193,93.29032258064515,0.0
500.0,4997.0,2262.0,2285.0,4.0,2.4730116363983496,165.0,0.0
500.0,4998.0,2280.0,2309.0,16.0,2.041659054852904,173.35294117647058,0.0
500.0,4999.0,2328.0,2243.0,14.0,1.780985109474591,113.93333333333334,0.0
500.0,5000.0,2341.0,2277.0,13.0,1.7658106679813117,113.0,0.0
500.0,5001.0,2343.0,2381.0,6.0,1.9754895892494555,102.42857142857144,0.0
500.0,5002.0,2348.0,2285.0,11.0,2.1477249195621124,141.66666666666666,0.0
500.0,5003.0,2363.0,2323.0,9.0,1.306449510224598,100.0,0.0
500.0,5004.0,2368.0,2391.0,4.0,1.282842712474619,103.4,0.0
500.0,5005.0,2374.0,2442.0,13.0,1.8249840340346108,121.35714285714286,0.0
500.0,5006.0,2382.0,2444.0,10.0,2.075511038851985,120.1818181818182,0.0
500.0,5007.0,2401.0,2506.0,41.0,1.48603003457033,92.02380952380952,0.0
500.0,5008.0,2404.0,2435.0,5.0,1.9023689270621824,103.16666666666669,0.0
500.0,5009.0,2416.0,2442.0,6.0,1.4632343838741837,104.28571428571428,0.0
500.0,5010.0,2429.0,2395.0,5.0,2.44981811956899,187.83333333333337,0.0
500.0,5011.0,2446.0,2477.0,5.0,2.44981811956899,191.66666666666663,0.0
500.0,5012.0,2448.0,2449.0,12.0,1.2038678107594527,99.46153846153848,0.0
500.0,5013.0,2510.0,2641.0,23.0,2.491647429058854,113.33333333333331,0.0
500.0,5014.0,2528.0,2474.0,8.0,1.387253486026508,93.66666666666669,0.0
500.0,5015.0,2540.0,2487.0,17.0,1.5765668667350412,96.11111111111111,0.0
500.0,5016.0,2543.0,2312.0,37.0,1.4873773480253076,102.97368421052632,0.0
500.0,5017.0,2550.0,2635.0,22.0,1.6254250569934885,109.56521739130434,0.0
500.0,5018.0,2559.0,2377.0,29.0,2.161751128628532,146.8,0.0
500.0,5019.0,2608.0,2676.0,24.0,1.728265229039077,116.88,0.0
500.0,5020.0,2626.0,2745.0,15.0,2.110793689671584,142.1875,0.0
500.0,5021.0,2656.0,2672.0,10.0,1.968207412715717,130.0909090909091,0.0
500.0,5022.0,2681.0,2662.0,6.0,1.5806421574637113,143.14285714285714,0.0
500.0,5023.0,2684.0,2672.0,5.0,2.0393446629166316,139.83333333333334,0.0
500.0,5024.0,2688.0,2902.0,37.0,1.5426537970618426,98.44736842105264,0.0
500.0,5025.0,2704.0,2782.0,11.0,1.5458147063737129,94.33333333333331,0.0
500.0,5026.0,2714.0,2780.0,17.0,1.4658209061583465,108.83333333333331,0.0
500.0,5027.0,2720.0,2764.0,10.0,1.830505719464678,114.8181818181818,0.0
500.0,5028.0,2731.0,2738.0,7.0,1.5375703849682212,137.0,0.0
500.0,5029.0,2732.0,2670.0,35.0,1.5468149830721107,95.69444444444444,0.0
500.0,5030.0,2734.0,2771.0,8.0,1.452340867985053,96.55555555555556,0.0
500.0,5031.0,2747.0,2690.0,7.0,1.5821067811865477,119.25,0.0
500.0,5032.0,2761.0,2813.0,8.0,1.5706181015679397,101.55555555555556,0.0
500.0,5033.0,2788.0,2851.0,11.0,1.8928980535099056,127.75,0.0
500.0,5034.0,2793.0,2849.0,9.0,1.7478708664619074,101.2,0.0
500.0,5035.0,2794.0,3039.0,40.0,1.238999753005447,96.1219512195122,0.0
500.0,5036.0,2795.0,2980.0,34.0,1.2681364660242922,90.42857142857144,0.0
500.0,5037.0,2803.0,2929.0,30.0,1.3557575851968908,94.74193548387096,0.0
500.0,5038.0,2809.0,2851.0,8.0,2.0136019438747184,161.55555555555554,0.0
500.0,5039.0,2823.0,2936.0,22.0,2.3177739951804615,161.56521739130434,0.0
500.0,5040.0,2837.0,2889.0,12.0,2.3133278549608556,140.30769230769232,0.0
500.0,5041.0,2857.0,2918.0,13.0,1.9500402199818407,108.5,0.0
500.0,5042.0,2877.0,2851.0,8.0,2.197696860484983,177.11111111111111,0.0
500.0,5043.0,2881.0,2894.0,3.0,1.8535533905932735,154.25,0.0
500.0,5044.0,2903.0,2958.0,26.0,1.909007546920928,149.4814814814815,0.0
500.0,5045.0,2907.0,2896.0,6.0,2.351834391416307,157.42857142857142,0.0
500.0,5046.0,2914.0,3028.0,16.0,1.8554825745214736,115.76470588235294,0.0
500.0,5047.0,2919.0,2844.0,16.0,2.25323245205865,166.23529411764707,0.0
500.0,5048.0,2934.0,2871.0,11.0,1.658291244717639,113.91666666666669,0.0
500.0,5049.0,2963.0,2973.0,18.0,2.1793217184164893,167.0,0.0
500.0,5050.0,2975.0,2937.0,6.0,1.807183077124698,154.71428571428572,0.0
500.0,5051.0,2983.0,2918.0,10.0,1.5577784467374052,100.63636363636364,0.0
500.0,5052.0,2991.0,2929.0,9.0,1.6135562914111456,97.1,0.0
500.0,5053.0,2994.0,3080.0,10.0,1.128564869306645,121.8181818181818,0.0
500.0,5054.0,2998.0,2863.0,24.0,1.6768562947238317,104.96,0.0
500.0,5055.0,3005.0,3088.0,24.0,2.10894174617456,154.44,0.0
500.0,5056.0,3009.0,2985.0,7.0,1.0,106.75,0.0
500.0,5057.0,3010.0,3097.0,11.0,1.290440114519881,96.5,0.0
500.0,5058.0,3018.0,2931.0,21.0,2.2709911788404287,168.72727272727272,0.0
500.0,5059.0,3023.0,3022.0,13.0,2.5815844523363967,171.5,0.0
500.0,5060.0,3030.0,2926.0,13.0,1.761203874963741,110.42857142857144,0.0
500.0,5061.0,3034.0,2995.0,13.0,1.261203874963741,105.07142857142856,0.0
500.0,5062.0,3059.0,2936.0,18.0,2.30040398577153,152.6315789473684,0.0
500.0,5063.0,3067.0,3236.0,21.0,2.0276226758686833,124.63636363636364,0.0
500.0,5064.0,3076.0,3103.0,15.0,1.9710394410778476,117.125,0.0
500.0,5065.0,3093.0,3119.0,7.0,1.1035533905932735,98.75,0.0
500.0,5066.0,3146.0,3189.0,6.0,1.4632343838741837,96.71428571428572,0.0
500.0,5067.0,3155.0,3279.0,19.0,2.1594553449872045,136.4,0.0
500.0,5068.0,3156.0,3189.0,11.0,1.1380711874576983,89.33333333333333,0.0
500.0,5069.0,3167.0,3280.0,17.0,2.0461456348539904,130.77777777777777,0.0
500.0,5070.0,3180.0,3267.0,17.0,2.530603466987039,136.72222222222223,0.0
500.0,5071.0,3182.0,3202.0,3.0,1.3106601717798212,93.5,0.0
500.0,5072.0,3190.0,3253.0,8.0,2.7191262172221755,120.66666666666669,0.0
500.0,5073.0,3191.0,3253.0,8.0,2.3865231849576753,115.33333333333331,0.0
500.0,5074.0,3197.0,3210.0,11.0,1.7410768522493474,118.41666666666669,0.0
500.0,5075.0,3218.0,3308.0,30.0,2.1600582559512715,158.93548387096774,0.0
500.0,5076.0,3223.0,3224.0,10.0,1.8084474751811064,116.45454545454544,0.0
500.0,5077.0,3232.0,3159.0,10.0,1.3700970738059524,108.54545454545456,0.0
500.0,5078.0,3238.0,3300.0,11.0,2.1770509831248424,143.83333333333334,0.0
500.0,5079.0,3251.0,3265.0,7.0,1.375,108.375,0.0
500.0,5080.0,3252.0,3172.0,11.0,1.5059223176554564,103.91666666666669,0.0
500.0,5081.0,3255.0,3357.0,33.0,1.5913566371349588,110.5,0.0
500.0,5082.0,3262.0,3224.0,8.0,1.3142696805273544,97.22222222222224,0.0
500.0,5083.0,3273.0,3253.0,4.0,4.683281572999748,152.6,0.0
500.0,5084.0,3276.0,3320.0,8.0,1.4325469141102412,113.88888888888889,0.0
500.0,5085.0,3277.0,3301.0,4.0,2.307326211449112,154.4,0.0
500.0,5086.0,3281.0,3303.0,3.0,3.7573049952068542,146.25,0.0
500.0,5087.0,3282.0,3363.0,15.0,1.7862086402886024,109.0625,0.0
500.0,5088.0,3292.0,3116.0,26.0,1.7611028324623907,97.5925925925926,0.0
500.0,5089.0,3306.0,3254.0,13.0,1.7112440949455825,110.5,0.0
500.0,5090.0,3307.0,3433.0,21.0,1.634726819948075,99.5,0.0
500.0,5091.0,3310.0,3267.0,7.0,4.172629856249752,120.5,0.0
500.0,5092.0,3328.0,3265.0,11.0,1.3392556509887896,93.5,0.0
500.0,5093.0,3333.0,3264.0,12.0,2.009416730374805,119.0,0.0
500.0,5094.0,3343.0,3267.0,20.0,5.817624422413242,128.57142857142858,0.0
500.0,5095.0,3347.0,3380.0,6.0,2.1686199839284215,137.57142857142858,0.0
500.0,5096.0,3392.0,3449.0,8.0,2.614148426906681,150.66666666666666,0.0
500.0,5097.0,3407.0,3325.0,17.0,1.850883488978356,122.55555555555556,0.0
500.0,5098.0,3408.0,3294.0,23.0,1.1725889843221229,86.20833333333333,0.0
500.0,5099.0,3415.0,3511.0,16.0,1.298298106580322,96.3529411764706,0.0
500.0,5100.0,3420.0,3398.0,8.0,1.2491822985688097,97.0,0.0
500.0,5101.0,3427.0,3446.0,11.0,1.0833333333333333,92.66666666666669,0.0
500.0,5102.0,3441.0,3406.0,5.0,10.614058101939928,147.83333333333334,0.0
500.0,5103.0,3451.0,3503.0,18.0,1.975612160907661,138.21052631578948,0.0
500.0,5104.0,3464.0,3525.0,10.0,1.5739734999077055,102.63636363636364,0.0
500.0,5105.0,3496.0,3435.0,14.0,1.7266329957741111,116.33333333333331,0.0
500.0,5106.0,3528.0,3488.0,8.0,5.229625263929185,138.11111111111111,0.0
500.0,5107.0,3537.0,3600.0,19.0,2.05655922535588,128.95,0.0
500.0,5108.0,3542.0,3591.0,17.0,1.4463921028179514,99.38888888888889,0.0
500.0,5109.0,3549.0,3521.0,9.0,1.3404994558051089,123.9,0.0
500.0,5110.0,3563.0,3409.0,32.0,1.211229174196277,90.24242424242424,0.0
500.0,5111.0,3592.0,3502.0,22.0,1.443766553303345,94.08695652173913,0.0
500.0,5112.0,3611.0,3562.0,10.0,1.91495410020418,125.8181818181818,0.0
500.0,5113.0,3623.0,3769.0,34.0,1.980266574056883,121.82857142857142,0.0
500.0,5114.0,3710.0,3696.0,8.0,1.7000625644161966,119.33333333333331,0.0
500.0,5115.0,3726.0,3728.0,9.0,1.0828427124746192,91.7,0.0
500.0,5116.0,3733.0,3865.0,26.0,2.0090679625831456,141.37037037037038,0.0
500.0,5117.0,3735.0,3696.0,10.0,2.311777571294339,141.45454545454547,0.0
500.0,5118.0,3750.0,3751.0,5.0,1.9023689270621824,119.0,0.0
500.0,5119.0,3754.0,3791.0,12.0,1.7933621922295973,125.84615384615384,0.0
500.0,5120.0,3760.0,3837.0,17.0,1.627809059985876,106.55555555555556,0.0
500.0,5121.0,3779.0,3776.0,8.0,1.608745407179897,127.44444444444444,0.0
500.0,5122.0,3808.0,3773.0,7.0,1.2071067811865477,92.25,0.0
500.0,5123.0,3820.0,3801.0,4.0,1.812899020449196,123.8,0.0
500.0,5124.0,3831.0,3744.0,18.0,2.118264699598451,135.31578947368422,0.0
500.0,5125.0,3845.0,3805.0,12.0,1.2538894676727517,103.6153846153846,0.0
500.0,5126.0,3846.0,3805.0,10.0,1.91495410020418,134.45454545454547,0.0
500.0,5127.0,3848.0,3885.0,8.0,1.2031585694162434,104.66666666666669,0.0
500.0,5128.0,3853.0,3969.0,25.0,1.8651557071724505,120.76923076923076,0.0
500.0,5129.0,3856.0,3928.0,18.0,1.8582703047034348,112.0,0.0
500.0,5130.0,3866.0,3886.0,5.0,1.2071067811865477,101.66666666666669,0.0
500.0,5131.0,3872.0,3828.0,8.0,1.2491822985688092,90.0,0.0
500.0,5132.0,3873.0,3860.0,7.0,1.551776695296637,98.75,0.0
500.0,5133.0,3902.0,3865.0,14.0,1.2437902832994925,98.0,0.0
500.0,5134.0,3905.0,3886.0,6.0,1.320377241017041,102.71428571428572,0.0
500.0,5135.0,3910.0,3916.0,10.0,1.861700787692643,135.54545454545453,0.0
500.0,5136.0,3915.0,3951.0,7.0,1.9125703849682212,134.875,0.0
500.0,5137.0,3930.0,3911.0,7.0,1.1035533905932735,91.625,0.0
500.0,5138.0,3936.0,3911.0,6.0,1.1183467321065983,97.0,0.0
500.0,5139.0,3938.0,3907.0,8.0,1.3602934096799204,111.22222222222224,0.0
500.0,5140.0,3971.0,4013.0,8.0,1.0920474583051325,104.88888888888889,0.0
500.0,5141.0,3973.0,3879.0,20.0,1.6846763619633685,110.52380952380952,0.0
500.0,5142.0,3979.0,3928.0,8.0,1.4325469141102412,103.0,0.0
500.0,5143.0,3989.0,3935.0,9.0,1.2478708664619076,94.9,0.0
500.0,5144.0,3992.0,4121.0,26.0,1.96138582700882,110.8148148148148,0.0
500.0,5145.0,4021.0,4082.0,13.0,1.866356443177997,113.42857142857144,0.0
500.0,5146.0,4028.0,4158.0,30.0,1.8037043438218152,109.61290322580643,0.0
500.0,5147.0,4072.0,4003.0,16.0,1.229382055094804,99.17647058823528,0.0
500.0,5148.0,4108.0,4116.0,3.0,1.1035533905932735,127.25,0.0
500.0,5149.0,4156.0,4204.0,11.0,1.0690355937288494,94.58333333333331,0.0
500.0,5150.0,4159.0,4200.0,26.0,1.402351295387752,104.4074074074074,0.0
500.0,5151.0,4170.0,4140.0,17.0,1.147603013860688,102.05555555555556,0.0
500.0,5152.0,4185.0,4252.0,17.0,1.2261704339925266,92.77777777777776,0.0
500.0,5153.0,4210.0,4265.0,14.0,1.5194944775735892,97.0,0.0
500.0,5154.0,4237.0,4122.0,27.0,1.807652556383233,119.35714285714286,0.0
500.0,5155.0,4242.0,4268.0,6.0,1.9163162231961568,128.57142857142858,0.0
500.0,5156.0,4244.0,4167.0,18.0,1.3631313124532454,92.15789473684212,0.0
500.0,5157.0,4247.0,4200.0,12.0,1.6385048522881362,110.76923076923076,0.0
500.0,5158.0,4308.0,4418.0,18.0,1.815014809170451,115.84210526315788,0.0
500.0,5159.0,4347.0,4252.0,20.0,1.3482718332849886,93.14285714285714,0.0
500.0,5160.0,4350.0,4328.0,13.0,1.670873027056797,112.42857142857144,0.0
500.0,5161.0,4364.0,4441.0,13.0,1.2366934642131973,96.5,0.0
500.0,5162.0,4399.0,4328.0,11.0,1.4668693558283143,116.25,0.0
500.0,5163.0,4405.0,4407.0,2.0,1.6881650340819931,122.0,0.0
500.0,5164.0,4461.0,4492.0,7.0,2.0578550924892687,133.0,0.0
500.0,5165.0,4467.0,4400.0,12.0,1.2175713172881686,104.23076923076924,0.0
500.0,5166.0,4472.0,4592.0,32.0,4.466057265858289,171.87878787878788,0.0
500.0,5167.0,4484.0,4593.0,19.0,4.037184385973861,171.25,0.0
500.0,5168.0,4493.0,4595.0,21.0,3.750762224642606,147.86363636363637,0.0
500.0,5169.0,4509.0,4549.0,7.0,5.187640859628806,127.25,0.0
500.0,5170.0,4512.0,4564.0,11.0,1.4279635761759548,111.41666666666669,0.0
500.0,5171.0,4535.0,4540.0,24.0,8.176723842565368,168.16,0.0
500.0,5172.0,4545.0,4600.0,16.0,1.7416293452418254,111.29411764705884,0.0
500.0,5173.0,4605.0,4609.0,7.0,3.3301475289282036,126.5,0.0
500.0,5174.0,4629.0,4549.0,23.0,4.15731330173865,120.125,0.0
500.0,5175.0,4647.0,4649.0,21.0,4.9837455708309,184.72727272727272,0.0
500.0,5176.0,4668.0,4685.0,23.0,8.070701447660603,145.375,0.0
500.0,5177.0,4706.0,4700.0,13.0,6.008120001411853,199.21428571428572,0.0
500.0,5178.0,1276.0,1318.0,8.0,1.608745407179897,140.22222222222223,0.0
500.0,5179.0,3251.0,3189.0,17.0,1.1245911492844047,92.83333333333331,0.0
500.0,5180.0,182.0,188.0,4.0,1.7313708498984763,148.4,0.0
500.0,5181.0,188.0,201.0,3.0,1.2071067811865477,157.0,0.0
500.0,5182.0,221.0,201.0,6.0,1.4132746038560242,152.42857142857142,0.0
500.0,5183.0,235.0,264.0,9.0,1.8300563079745769,117.1,0.0
500.0,5184.0,262.0,264.0,5.0,2.2167605132909616,147.16666666666666,0.0
500.0,5185.0,293.0,297.0,8.0,2.052459550555509,115.11111111111111,0.0
500.0,5186.0,294.0,299.0,2.0,2.1573786516665265,169.33333333333334,0.0
500.0,5187.0,312.0,299.0,7.0,2.251095876530642,168.5,0.0
500.0,5188.0,316.0,345.0,17.0,1.6225905958876077,102.33333333333331,0.0
500.0,5189.0,385.0,404.0,5.0,2.1573786516665265,138.5,0.0
500.0,5190.0,409.0,411.0,4.0,1.530056307974577,132.4,0.0
500.0,5191.0,420.0,406.0,13.0,1.585718429739817,100.71428571428572,0.0
500.0,5192.0,430.0,442.0,7.0,1.4571067811865477,119.0,0.0
500.0,5193.0,462.0,499.0,10.0,13.9546824563548,181.36363636363637,0.0
500.0,5194.0,468.0,545.0,20.0,1.6322713589448767,99.95238095238096,0.0
500.0,5195.0,473.0,420.0,13.0,1.6571470011683884,102.92857142857144,0.0
500.0,5196.0,495.0,538.0,15.0,1.5088834764831844,94.4375,0.0
500.0,5197.0,502.0,542.0,9.0,1.7071067811865477,106.7,0.0
500.0,5198.0,504.0,522.0,3.0,1.9732305567480424,122.75,0.0
500.0,5199.0,516.0,522.0,2.0,1.1380711874576983,118.33333333333331,0.0
500.0,5200.0,545.0,573.0,7.0,1.9125703849682212,102.125,0.0
500.0,5201.0,552.0,576.0,15.0,1.5125036260223397,102.9375,0.0
500.0,5202.0,641.0,672.0,8.0,2.36053722108277,163.11111111111111,0.0
500.0,5203.0,650.0,758.0,19.0,1.2981995019428825,92.6,0.0
500.0,5204.0,662.0,675.0,4.0,2.460112615949154,179.8,0.0
500.0,5205.0,741.0,761.0,5.0,2.0393446629166316,133.0,0.0
500.0,5206.0,743.0,758.0,15.0,2.169810684046532,153.625,0.0
500.0,5207.0,750.0,773.0,11.0,1.96138592143713,117.33333333333331,0.0
500.0,5208.0,763.0,792.0,10.0,2.161154457704123,129.0909090909091,0.0
500.0,5209.0,769.0,672.0,22.0,2.284582524760465,142.2608695652174,0.0
500.0,5210.0,772.0,750.0,14.0,2.0005844674830096,114.4,0.0
500.0,5211.0,792.0,819.0,6.0,2.0174882135532095,130.85714285714286,0.0
500.0,5212.0,832.0,773.0,25.0,1.542543294714946,98.76923076923076,0.0
500.0,5213.0,841.0,853.0,4.0,2.341640786499874,150.0,0.0
500.0,5214.0,975.0,1157.0,30.0,2.0307431910401386,113.6774193548387,0.0
500.0,5215.0,986.0,1040.0,9.0,1.489292222699217,116.7,0.0
500.0,5216.0,1016.0,1051.0,44.0,,85.22222222222223,0.0
500.0,5217.0,1052.0,1066.0,2.0,2.630974075664057,152.33333333333334,0.0
500.0,5218.0,1059.0,1096.0,8.0,3.1643009627354526,126.33333333333331,0.0
500.0,5219.0,1081.0,1040.0,7.0,1.7366152783740212,137.25,0.0
500.0,5220.0,1084.0,1093.0,4.0,2.188854381999832,188.2,0.0
500.0,5221.0,1131.0,1128.0,5.0,2.0786893258332633,171.5,0.0
500.0,5222.0,1173.0,1199.0,5.0,1.7167605132909616,126.83333333333331,0.0
500.0,5223.0,1176.0,1200.0,6.0,2.4053134481416185,174.0,0.0
500.0,5224.0,1183.0,1173.0,16.0,1.5920291236615285,110.29411764705884,0.0
500.0,5225.0,1221.0,1232.0,7.0,1.7285533905932735,120.125,0.0
500.0,5226.0,1236.0,1284.0,10.0,1.5577784467374052,96.1818181818182,0.0
500.0,5227.0,1238.0,1245.0,4.0,1.765685424949238,127.0,0.0
500.0,5228.0,1423.0,1440.0,6.0,,222.0,0.0
500.0,5229.0,1440.0,1450.0,2.0,,222.0,0.0
500.0,5230.0,1501.0,1513.0,7.0,,205.875,0.0
500.0,5231.0,1505.0,1526.0,8.0,2.236554467165773,141.55555555555554,0.0
500.0,5232.0,1526.0,1531.0,3.0,1.5606601717798212,120.5,0.0
500.0,5233.0,1639.0,1654.0,4.0,1.165685424949238,137.0,0.0
500.0,5234.0,1644.0,1513.0,37.0,,147.6315789473684,0.0
500.0,5235.0,1654.0,1662.0,2.0,,162.66666666666666,0.0
500.0,5236.0,1661.0,1639.0,6.0,1.320377241017041,154.0,0.0
500.0,5237.0,1665.0,1674.0,2.0,1.8834271799576283,119.66666666666669,0.0
500.0,5238.0,1684.0,1662.0,6.0,1.6398155235170109,182.57142857142856,0.0
500.0,5239.0,1707.0,1747.0,6.0,2.0674479935713683,119.0,0.0
500.0,5240.0,1725.0,1746.0,4.0,1.165685424949238,114.2,0.0
500.0,5241.0,1749.0,1746.0,9.0,1.165685424949238,95.1,0.0
500.0,5242.0,1772.0,1761.0,2.0,2.118033988749895,203.66666666666663,0.0
500.0,5243.0,1785.0,1747.0,7.0,1.6338834764831844,102.75,0.0
500.0,5244.0,1787.0,1772.0,2.0,2.5522847498307937,203.66666666666663,0.0
500.0,5245.0,1814.0,1815.0,9.0,1.9650281539872885,119.9,0.0
500.0,5246.0,1835.0,1861.0,5.0,2.4621165057908914,130.0,0.0
500.0,5247.0,1845.0,1788.0,15.0,,185.875,0.0
500.0,5248.0,1870.0,1890.0,7.0,2.088525491562421,126.0,0.0
500.0,5249.0,1905.0,1890.0,12.0,2.2271568401726385,134.69230769230768,0.0
500.0,5250.0,1913.0,1980.0,22.0,2.264245683467061,164.52173913043478,0.0
500.0,5251.0,1936.0,1914.0,3.0,,188.5,0.0
500.0,5252.0,1957.0,1890.0,17.0,1.603161792547212,117.22222222222224,0.0
500.0,5253.0,1958.0,1964.0,3.0,1.1035533905932735,92.75,0.0
500.0,5254.0,1980.0,1995.0,10.0,2.6207180838096273,174.36363636363637,0.0
500.0,5255.0,2028.0,2057.0,6.0,2.320690712820704,179.28571428571428,0.0
500.0,5256.0,2056.0,1957.0,22.0,2.2920192496480096,174.43478260869566,0.0
500.0,5257.0,2158.0,1995.0,32.0,1.4380558825065366,96.12121212121212,0.0
500.0,5258.0,2198.0,2056.0,24.0,1.5913248779407363,107.24,0.0
500.0,5259.0,2277.0,2285.0,2.0,2.0786893258332633,154.33333333333334,0.0
500.0,5260.0,2293.0,2351.0,12.0,2.36780508053773,185.07692307692307,0.0
500.0,5261.0,2312.0,2323.0,19.0,1.976831552862278,115.25,0.0
500.0,5262.0,2322.0,2323.0,11.0,1.990529126447723,121.33333333333331,0.0
500.0,5263.0,2351.0,2395.0,7.0,2.47042547745749,182.0,0.0
500.0,5264.0,2354.0,2381.0,3.0,3.25097422828304,112.0,0.0
500.0,5265.0,2390.0,2415.0,5.0,1.235702260395516,103.83333333333331,0.0
500.0,5266.0,2391.0,2415.0,4.0,1.165685424949238,100.4,0.0
500.0,5267.0,2395.0,2408.0,4.0,2.49256814798283,196.6,0.0
500.0,5268.0,2424.0,2381.0,7.0,5.5665143052406005,112.125,0.0
500.0,5269.0,2435.0,2461.0,4.0,1.248528137423857,105.4,0.0
500.0,5270.0,2474.0,2484.0,4.0,1.565685424949238,101.4,0.0
500.0,5271.0,2483.0,2424.0,10.0,8.908093535974125,113.9090909090909,0.0
500.0,5272.0,2487.0,2575.0,14.0,1.5818614707571903,99.26666666666668,0.0
500.0,5273.0,2558.0,2599.0,7.0,1.6338834764831844,106.5,0.0
500.0,5274.0,2630.0,2676.0,6.0,2.345201123571248,170.71428571428572,0.0
500.0,5275.0,2662.0,2751.0,11.0,2.0786893258332633,158.58333333333334,0.0
500.0,5276.0,2672.0,2690.0,2.0,1.3333333333333333,146.66666666666666,0.0
500.0,5277.0,2729.0,2792.0,10.0,1.648090018590178,109.63636363636364,0.0
500.0,5278.0,2738.0,2917.0,33.0,2.222181325933407,146.73529411764707,0.0
500.0,5279.0,2745.0,2780.0,5.0,1.981058252895446,143.0,0.0
500.0,5280.0,2782.0,2801.0,7.0,1.641123775561495,103.75,0.0
500.0,5281.0,2801.0,2821.0,4.0,2.047213595499958,95.4,0.0
500.0,5282.0,2813.0,2792.0,8.0,2.0786893258332633,146.33333333333334,0.0
500.0,5283.0,2844.0,2751.0,15.0,2.544262745781211,162.0,0.0
500.0,5284.0,2849.0,2863.0,5.0,1.9023689270621824,95.66666666666669,0.0
500.0,5285.0,2867.0,2896.0,7.0,2.4258890812391636,150.625,0.0
500.0,5286.0,2871.0,2821.0,11.0,1.5749579113843055,95.5,0.0
500.0,5287.0,2875.0,2895.0,4.0,2.0957417329238153,171.0,0.0
500.0,5288.0,2894.0,2895.0,2.0,1.2761423749153966,170.66666666666666,0.0
500.0,5289.0,2896.0,2926.0,5.0,2.037795460402393,144.66666666666666,0.0
500.0,5290.0,2918.0,3007.0,13.0,1.6106983197488969,97.57142857142856,0.0
500.0,5291.0,2920.0,2938.0,8.0,2.2578142130647616,200.66666666666663,0.0
500.0,5292.0,2931.0,2949.0,3.0,1.8106601717798216,155.0,0.0
500.0,5293.0,2937.0,2967.0,5.0,2.4621165057908914,191.33333333333337,0.0
500.0,5294.0,2938.0,2968.0,5.0,1.8834271799576283,162.0,0.0
500.0,5295.0,2956.0,2930.0,8.0,1.948514561916173,127.33333333333331,0.0
500.0,5296.0,2958.0,2959.0,9.0,1.5478708664619076,139.5,0.0
500.0,5297.0,2959.0,2985.0,3.0,1.4125703849682212,119.25,0.0
500.0,5298.0,2980.0,3039.0,8.0,1.60947570824873,102.0,0.0
500.0,5299.0,2995.0,2968.0,5.0,1.7060113295832984,126.0,0.0
500.0,5300.0,3022.0,2968.0,6.0,2.2023439807141054,156.14285714285714,0.0
500.0,5301.0,3073.0,3053.0,3.0,1.7071067811865477,145.0,0.0
500.0,5302.0,3116.0,2956.0,19.0,1.7510956215742062,100.85,0.0
500.0,5303.0,3127.0,3172.0,8.0,1.4063171388324869,121.44444444444444,0.0
500.0,5304.0,3132.0,3194.0,21.0,1.87243115030627,126.54545454545456,0.0
500.0,5305.0,3159.0,3193.0,7.0,1.7071067811865477,125.5,0.0
500.0,5306.0,3193.0,3216.0,3.0,2.0,136.5,0.0
500.0,5307.0,3206.0,3264.0,9.0,2.094427190999916,122.7,0.0
500.0,5308.0,3217.0,3224.0,5.0,1.9417135899788145,122.16666666666669,0.0
500.0,5309.0,3248.0,3254.0,13.0,1.9500402199818407,134.85714285714286,0.0
500.0,5310.0,3263.0,3286.0,4.0,1.331370849898476,103.4,0.0
500.0,5311.0,3279.0,3299.0,3.0,1.9125703849682212,161.0,0.0
500.0,5312.0,3294.0,3344.0,9.0,1.372134935173836,91.2,0.0
500.0,5313.0,3300.0,3409.0,19.0,2.0886349517372675,132.35,0.0
500.0,5314.0,3301.0,3309.0,11.0,2.019672331458316,148.5,0.0
500.0,5315.0,3303.0,3358.0,10.0,3.582054562902162,154.27272727272728,0.0
500.0,5316.0,3316.0,3299.0,10.0,2.0331871074537955,147.27272727272728,0.0
500.0,5317.0,3322.0,3406.0,15.0,3.757903309375181,126.8125,0.0
500.0,5318.0,3325.0,3344.0,12.0,1.6121090253260115,108.6923076923077,0.0
500.0,5319.0,3348.0,3339.0,2.0,2.23606797749979,149.0,0.0
500.0,5320.0,3349.0,3309.0,28.0,2.048841650517198,145.58620689655172,0.0
500.0,5321.0,3363.0,3358.0,2.0,5.256776538089669,156.66666666666666,0.0
500.0,5322.0,3380.0,3412.0,7.0,1.5080618877807477,115.375,0.0
500.0,5323.0,3386.0,3353.0,8.0,1.9230150877072516,120.88888888888889,0.0
500.0,5324.0,3388.0,3488.0,14.0,2.0571764737049074,137.6,0.0
500.0,5325.0,3393.0,3425.0,7.0,2.0375703849682214,138.125,0.0
500.0,5326.0,3398.0,3344.0,9.0,1.5549776476484554,94.3,0.0
500.0,5327.0,3409.0,3424.0,4.0,2.3545398069490697,146.8,0.0
500.0,5328.0,3435.0,3436.0,4.0,2.047213595499958,132.6,0.0
500.0,5329.0,3455.0,3358.0,23.0,3.8062449328346672,118.83333333333331,0.0
500.0,5330.0,3459.0,3520.0,11.0,2.098361657291579,143.25,0.0
500.0,5331.0,3478.0,3510.0,7.0,1.9857936896715844,142.0,0.0
500.0,5332.0,3479.0,3440.0,6.0,2.304141457784566,132.71428571428572,0.0
500.0,5333.0,3488.0,3499.0,2.0,3.5762189670272164,145.66666666666666,0.0
500.0,5334.0,3502.0,3533.0,7.0,2.044810684046532,141.5,0.0
500.0,5335.0,3521.0,3495.0,6.0,2.0337239967856844,124.0,0.0
500.0,5336.0,3522.0,3509.0,2.0,1.1380711874576983,113.0,0.0
500.0,5337.0,3732.0,3805.0,14.0,1.9924233011581785,139.86666666666667,0.0
500.0,5338.0,3751.0,3773.0,5.0,1.5118446353109125,109.66666666666669,0.0
500.0,5339.0,3801.0,3840.0,17.0,1.7856742013183862,125.27777777777776,0.0
500.0,5340.0,3828.0,3860.0,7.0,1.2803300858899107,87.875,0.0
500.0,5341.0,3865.0,3907.0,12.0,2.0275758055670967,137.84615384615384,0.0
500.0,5342.0,3879.0,3885.0,2.0,1.60947570824873,122.0,0.0
500.0,5343.0,3880.0,3860.0,7.0,1.2803300858899105,95.0,0.0
500.0,5344.0,3907.0,3929.0,10.0,1.9896681379429704,146.1818181818182,0.0
500.0,5345.0,3928.0,3935.0,4.0,2.094427190999916,131.4,0.0
500.0,5346.0,4082.0,4138.0,12.0,2.072636300769166,116.84615384615384,0.0
500.0,5347.0,4138.0,4168.0,7.0,2.015302186859058,123.125,0.0
500.0,5348.0,4158.0,4200.0,9.0,1.812899020449196,118.4,0.0
500.0,5349.0,4167.0,4168.0,5.0,1.5107491837076632,123.5,0.0
500.0,5350.0,4400.0,4401.0,3.0,2.0,125.0,0.0
500.0,5351.0,4539.0,4563.0,4.0,20.824102005418148,163.0,0.0
500.0,5352.0,4600.0,4609.0,5.0,1.981058252895446,117.83333333333331,0.0
500.0,5353.0,4653.0,4672.0,11.0,4.968748276704832,155.75,0.0
500.0,5354.0,4685.0,4672.0,16.0,9.359156422379163,133.11764705882354,0.0
500.0,5355.0,4698.0,4700.0,4.0,16.18917410643123,213.4,0.0
500.0,5356.0,182.0,221.0,12.0,2.0462404738070417,142.76923076923077,0.0
500.0,5357.0,262.0,385.0,44.0,2.0762610574858527,127.77777777777776,0.0
500.0,5358.0,293.0,264.0,11.0,1.8637548484993125,116.58333333333331,0.0
500.0,5359.0,297.0,316.0,19.0,1.847870866461907,112.2,0.0
500.0,5360.0,345.0,406.0,19.0,1.6603315362988469,94.9,0.0
500.0,5361.0,409.0,430.0,10.0,1.6110317592489418,130.45454545454547,0.0
500.0,5362.0,473.0,538.0,17.0,1.668249174505757,96.66666666666669,0.0
500.0,5363.0,495.0,406.0,25.0,1.5211452490955597,89.57692307692308,0.0
500.0,5364.0,504.0,516.0,4.0,1.778584445398434,126.0,0.0
500.0,5365.0,650.0,743.0,21.0,1.3886262034765704,97.5,0.0
500.0,5366.0,819.0,841.0,8.0,2.4191887816383724,149.22222222222223,0.0
500.0,5367.0,1052.0,1040.0,15.0,1.9566959868353289,131.375,0.0
500.0,5368.0,1066.0,1128.0,9.0,1.530056307974577,123.4,0.0
500.0,5369.0,1081.0,1128.0,25.0,2.099874913557603,170.65384615384616,0.0
500.0,5370.0,1131.0,1176.0,8.0,2.249426109971659,160.88888888888889,0.0
500.0,5371.0,1440.0,1450.0,2.0,2.23606797749979,219.0,0.0
500.0,5372.0,1501.0,1450.0,14.0,,201.4,0.0
500.0,5373.0,1661.0,1684.0,8.0,1.5364919027495767,148.55555555555554,0.0
500.0,5374.0,1707.0,1725.0,8.0,1.987372168596964,149.88888888888889,0.0
500.0,5375.0,1787.0,1788.0,2.0,2.53224755112299,196.33333333333337,0.0
500.0,5376.0,1814.0,1835.0,12.0,2.2132845411342577,124.53846153846152,0.0
500.0,5377.0,1845.0,1914.0,20.0,,175.38095238095238,0.0
500.0,5378.0,1861.0,1870.0,9.0,1.989292222699217,129.7,0.0
500.0,5379.0,1936.0,1914.0,4.0,,186.8,0.0
500.0,5380.0,1958.0,2057.0,15.0,1.176776695296637,97.4375,0.0
500.0,5381.0,1964.0,2028.0,10.0,1.520122668339851,107.54545454545456,0.0
500.0,5382.0,2435.0,2474.0,6.0,1.7489486695884693,98.14285714285714,0.0
500.0,5383.0,2484.0,2461.0,5.0,1.1666666666666667,96.0,0.0
500.0,5384.0,2558.0,2575.0,13.0,1.1601886205085206,91.07142857142856,0.0
500.0,5385.0,2599.0,2729.0,17.0,1.6321224222905968,98.27777777777776,0.0
500.0,5386.0,2630.0,2667.0,21.0,2.102037954079315,150.8181818181818,0.0
500.0,5387.0,2813.0,2867.0,13.0,2.2023439807141054,135.21428571428572,0.0
500.0,5388.0,2849.0,2821.0,7.0,1.176776695296637,92.5,0.0
500.0,5389.0,2863.0,2871.0,11.0,1.4714045207910316,98.08333333333331,0.0
500.0,5390.0,2920.0,2967.0,19.0,2.274239994018844,177.45,0.0
500.0,5391.0,2931.0,2917.0,4.0,2.6601126159491537,180.4,0.0
500.0,5392.0,3073.0,3172.0,12.0,1.3900821393742673,110.84615384615384,0.0
500.0,5393.0,3116.0,2949.0,20.0,1.0870679583212473,92.66666666666669,0.0
500.0,5394.0,3127.0,3053.0,9.0,1.8714776642118864,152.7,0.0
500.0,5395.0,3159.0,3064.0,11.0,1.8297847774365128,123.25,0.0
500.0,5396.0,3263.0,3264.0,11.0,1.39344577931153,107.91666666666669,0.0
500.0,5397.0,3279.0,3339.0,11.0,2.088890783739302,145.58333333333334,0.0
500.0,5398.0,3300.0,3286.0,21.0,1.4340807489311158,99.54545454545456,0.0
500.0,5399.0,3316.0,3386.0,13.0,2.2363807208564936,140.07142857142858,0.0
500.0,5400.0,3325.0,3194.0,21.0,1.8883274439484112,116.6818181818182,0.0
500.0,5401.0,3348.0,3412.0,11.0,1.206559055384923,104.41666666666669,0.0
500.0,5402.0,3363.0,3406.0,8.0,7.364323538499083,146.77777777777777,0.0
500.0,5403.0,3388.0,3495.0,16.0,1.841596222903839,123.0,0.0
500.0,5404.0,3479.0,3533.0,13.0,2.0935235779993504,141.42857142857142,0.0
500.0,5405.0,3502.0,3450.0,8.0,2.0398317191524726,135.11111111111111,0.0
500.0,5406.0,3522.0,3509.0,5.0,1.0690355937288492,102.5,0.0
500.0,5407.0,4563.0,4631.0,21.0,14.229618753116398,176.04545454545453,0.0
500.0,5408.0,4600.0,4609.0,17.0,1.4154838147010596,101.22222222222224,0.0
500.0,5409.0,4653.0,4672.0,12.0,2.6985412282884855,119.84615384615384,0.0
500.0,5410.0,4698.0,4699.0,5.0,15.268753323205669,215.66666666666663,0.0
500.0,5411.0,1662.0,1761.0,24.0,,190.92,0.0
500.0,5412.0,1746.0,1747.0,8.0,1.5634519790961638,98.11111111111111,0.0
500.0,5413.0,1761.0,1788.0,4.0,,193.8,0.0
500.0,5414.0,2415.0,2461.0,6.0,1.1183467321065983,97.28571428571428,0.0
500.0,5415.0,2575.0,2667.0,13.0,1.5519944329541329,104.78571428571428,0.0
500.0,5416.0,2792.0,2667.0,30.0,2.1409498963626783,142.8709677419355,0.0
500.0,5417.0,2895.0,3064.0,23.0,1.9955384261246736,137.04166666666666,0.0
500.0,5418.0,2917.0,2930.0,2.0,2.4120226591665967,157.0,0.0
500.0,5419.0,2949.0,2930.0,3.0,1.25,136.5,0.0
500.0,5420.0,2967.0,3053.0,10.0,1.968207412715717,157.1818181818182,0.0
500.0,5421.0,3194.0,3064.0,27.0,1.9000020720127655,136.39285714285714,0.0
500.0,5422.0,3286.0,3387.0,18.0,1.2270372894202506,97.15789473684212,0.0
500.0,5423.0,3299.0,3353.0,10.0,1.573375980851388,117.36363636363636,0.0
500.0,5424.0,3339.0,3353.0,10.0,1.3539020206356518,116.9090909090909,0.0
500.0,5425.0,3424.0,3450.0,4.0,1.9300563079745772,142.4,0.0
500.0,5426.0,3425.0,3440.0,2.0,2.5522847498307932,140.66666666666666,0.0
500.0,5427.0,3495.0,3499.0,9.0,1.4,124.2,0.0
500.0,5428.0,3499.0,3509.0,3.0,1.8535533905932735,116.25,0.0
500.0,5429.0,3424.0,3387.0,16.0,1.2777264324551978,100.6470588235294,0.0
500.0,5430.0,3425.0,3387.0,5.0,1.3737734478532142,118.0,0.0
500.0,5431.0,3440.0,3450.0,17.0,1.2491822985688097,107.22222222222224,0.0
500.0,5432.0,82.0,82.0,15.0,3.0455027701997324,142.58823529411765,0.0
500.0,5433.0,386.0,391.0,22.0,4.650636840571568,175.375,0.0
500.0,5434.0,574.0,574.0,16.0,3.498621568389923,179.5,0.0
500.0,5435.0,4631.0,4631.0,17.0,3.845245410708119,187.47368421052633,0.0
500.0,5436.0,4637.0,4637.0,15.0,1.654646482617174,148.35294117647058,0.0
500.0,5437.0,4699.0,4699.0,22.0,6.312321338056106,205.58333333333337,0.0
500.0,5438.0,4704.0,4704.0,13.0,2.7964399296487628,205.53333333333333,0.0
