t,y,x,vertex_id,is_tip,origin,vertex_connected
500,201,532,1,1,0,0
500,203,545,2,1,0,0
500,208,565,3,1,0,0
500,227,579,5,1,0,0
500,228,532,6,1,0,0
500,243,526,8,1,0,0
500,243,568,9,1,0,0
500,278,505,14,1,0,0
500,285,535,15,1,0,0
500,285,1094,16,1,0,0
500,288,557,17,1,0,0
500,294,1077,18,1,0,0
500,295,1073,19,1,0,0
500,297,1054,20,1,0,0
500,297,1081,21,1,0,0
500,301,473,23,1,0,0
500,303,1103,24,1,0,0
500,306,1064,26,1,0,0
500,307,510,27,1,0,0
500,308,1107,30,1,0,0
500,311,565,37,1,0,0
500,311,1111,39,1,0,0
500,317,465,44,1,0,0
500,317,506,45,1,0,0
500,317,514,46,1,0,0
500,319,550,49,1,0,0
500,322,455,52,1,0,0
500,322,494,53,1,0,0
500,323,1104,58,1,0,0
500,324,515,59,1,0,0
500,325,1111,63,1,0,0
500,328,530,66,1,0,0
500,332,1044,70,1,0,0
500,337,603,79,1,0,0
500,337,627,80,1,0,0
500,337,1098,81,1,0,0
500,338,588,83,1,0,0
500,340,583,85,1,0,0
500,340,614,86,1,0,0
500,340,636,87,1,0,0
500,341,1070,91,1,0,0
500,342,531,93,1,0,0
500,342,1039,94,1,0,0
500,346,515,99,1,0,0
500,348,606,101,1,0,0
500,351,484,109,1,0,0
500,351,1021,111,1,0,0
500,353,1013,117,1,0,0
500,353,1077,119,1,0,0
500,354,1071,122,1,0,0
500,355,939,125,1,0,0
500,355,1099,126,1,0,0
500,358,1028,129,1,0,0
500,359,1104,132,1,0,0
500,360,1124,133,1,2,0
500,364,933,139,1,0,0
500,365,1119,142,1,2,0
500,366,987,143,1,0,0
500,366,1025,144,1,0,0
500,368,944,146,1,0,0
500,368,969,147,1,0,0
500,369,956,149,1,0,0
500,370,925,150,1,0,0
500,370,1054,151,1,0,0
500,371,580,152,1,0,0
500,376,580,158,1,0,0
500,379,597,165,1,0,0
500,379,1021,169,1,0,0
500,380,725,170,1,0,0
500,381,1015,173,1,0,0
500,385,972,176,1,0,0
500,387,957,178,1,0,0
500,387,1027,180,1,0,0
500,389,716,181,1,0,0
500,390,384,183,1,0,0
500,390,601,184,1,0,0
500,393,1055,189,1,0,0
500,394,1000,190,1,0,0
500,394,1020,192,1,0,0
500,395,730,194,1,0,0
500,395,983,197,1,0,0
500,395,1081,199,1,0,0
500,396,702,200,1,0,0
500,396,1067,202,1,0,0
500,397,659,204,1,0,0
500,397,1002,205,1,0,0
500,397,1051,206,1,0,0
500,399,586,211,1,0,0
500,400,375,215,1,0,0
500,401,1009,220,1,0,0
500,402,384,223,1,0,0
500,404,384,224,1,0,0
500,406,1072,227,1,0,0
500,407,923,228,1,0,0
500,407,1070,230,1,0,0
500,409,609,231,1,0,0
500,410,1088,234,1,0,0
500,411,903,237,1,0,0
500,412,721,239,1,0,0
500,412,908,240,1,0,0
500,412,1050,241,1,0,0
500,413,921,244,1,0,0
500,413,971,246,1,0,0
500,414,966,252,1,0,0
500,416,469,257,1,0,0
500,416,727,259,1,0,0
500,418,1088,261,1,0,0
500,420,419,263,1,0,0
500,420,912,265,1,0,0
500,421,907,267,1,0,0
500,421,1030,269,1,0,0
500,424,377,271,1,0,0
500,424,682,272,1,0,0
500,425,350,274,1,0,0
500,425,380,275,1,0,0
500,427,383,278,1,0,0
500,427,412,279,1,0,0
500,427,422,281,1,0,0
500,427,425,282,1,0,0
500,427,765,284,1,0,0
500,427,831,285,1,0,0
500,427,927,286,1,0,0
500,428,1057,288,1,0,0
500,432,1045,300,1,0,0
500,433,347,301,1,0,0
500,433,929,304,1,0,0
500,436,407,308,1,0,0
500,437,302,310,1,0,0
500,438,433,313,1,0,0
500,439,761,317,1,0,0
500,439,957,318,1,0,0
500,440,579,319,1,0,0
500,442,963,324,1,0,0
500,443,476,326,1,0,0
500,443,570,327,1,0,0
500,444,966,329,1,0,0
500,446,234,333,1,0,0
500,446,253,334,1,0,0
500,446,311,335,1,0,0
500,447,796,338,1,0,0
500,448,494,341,1,0,0
500,449,570,344,1,0,0
500,450,593,347,1,0,0
500,451,406,349,1,0,0
500,452,275,350,1,0,0
500,452,403,351,1,0,0
500,452,476,353,1,0,0
500,453,265,355,1,0,0
500,454,481,356,1,0,0
500,455,200,359,1,2,0
500,455,776,361,1,0,0
500,456,254,362,1,0,0
500,456,567,365,1,0,0
500,458,231,368,1,0,0
500,459,219,370,1,0,0
500,459,254,372,1,0,0
500,460,203,376,1,2,0
500,460,422,377,1,0,0
500,462,745,381,1,0,0
500,463,217,382,1,2,0
500,464,877,390,1,0,0
500,466,210,392,1,2,0
500,466,445,395,1,0,0
500,467,335,398,1,0,0
500,468,205,399,1,2,0
500,469,564,407,1,0,0
500,471,247,410,1,0,0
500,472,753,415,1,0,0
500,473,242,418,1,0,0
500,473,457,419,1,0,0
500,474,299,424,1,0,0
500,474,744,427,1,0,0
500,475,310,432,1,0,0
500,475,557,433,1,0,0
500,476,771,436,1,0,0
500,477,594,438,1,0,0
500,477,647,439,1,0,0
500,479,1114,445,1,0,0
500,481,219,450,1,2,0
500,481,599,451,1,0,0
500,482,256,455,1,0,0
500,483,241,458,1,0,0
500,483,757,461,1,0,0
500,484,370,463,1,0,0
500,485,343,465,1,0,0
500,485,1116,469,1,0,0
500,486,299,470,1,0,0
500,488,813,476,1,0,0
500,488,874,477,1,0,0
500,489,232,479,1,2,0
500,489,658,483,1,0,0
500,490,497,487,1,0,0
500,491,580,489,1,0,0
500,491,1132,491,1,0,0
500,493,766,497,1,0,0
500,493,1137,498,1,0,0
500,494,630,501,1,0,0
500,495,458,505,1,0,0
500,495,1139,508,1,0,0
500,496,1019,515,1,0,0
500,497,514,517,1,0,0
500,500,489,529,1,0,0
500,500,952,532,1,0,0
500,501,259,533,1,0,0
500,501,487,534,1,0,0
500,501,795,536,1,0,0
500,503,363,540,1,0,0
500,503,817,544,1,0,0
500,503,1057,546,1,0,0
500,504,1134,547,1,0,0
500,507,750,558,1,0,0
500,507,954,560,1,0,0
500,507,1022,561,1,0,0
500,507,1116,562,1,0,0
500,509,260,564,1,0,0
500,509,268,566,1,0,0
500,509,1144,571,1,0,0
500,513,258,579,1,0,0
500,514,282,582,1,0,0
500,514,955,585,1,0,0
500,515,765,588,1,0,0
500,516,273,591,1,0,0
500,516,338,592,1,0,0
500,521,1064,604,1,0,0
500,522,672,607,1,0,0
500,523,1266,610,1,2,0
500,524,442,613,1,0,0
500,526,1335,622,1,2,0
500,527,229,623,1,2,0
500,527,334,625,1,0,0
500,527,376,626,1,0,0
500,528,1077,631,1,0,0
500,529,302,632,1,0,0
500,529,1303,635,1,2,0
500,531,397,640,1,0,0
500,532,274,643,1,0,0
500,532,536,644,1,0,0
500,532,717,645,1,0,0
500,532,727,646,1,0,0
500,532,1332,648,1,2,0
500,533,901,654,1,0,0
500,534,395,657,1,0,0
500,534,1079,660,1,0,0
500,534,1138,661,1,0,0
500,535,898,667,1,0,0
500,537,343,674,1,0,0
500,537,457,676,1,0,0
500,537,831,678,1,0,0
500,538,837,683,1,0,0
500,539,407,686,1,0,0
500,539,1021,689,1,0,0
500,540,270,691,1,0,0
500,540,469,692,1,0,0
500,540,853,693,1,0,0
500,540,973,695,1,0,0
500,541,332,698,1,0,0
500,541,941,699,1,0,0
500,542,461,702,1,0,0
500,542,647,703,1,0,0
500,543,1264,711,1,0,0
500,544,314,713,1,0,0
500,544,341,714,1,0,0
500,544,642,718,1,0,0
500,545,521,723,1,0,0
500,545,730,724,1,0,0
500,546,617,729,1,0,0
500,546,853,730,1,0,0
500,547,949,733,1,0,0
500,548,1276,738,1,0,0
500,549,345,739,1,0,0
500,549,392,740,1,0,0
500,550,1278,752,1,0,0
500,551,280,753,1,0,0
500,552,292,756,1,0,0
500,553,975,760,1,0,0
500,556,678,768,1,0,0
500,558,415,774,1,0,0
500,558,1047,776,1,0,0
500,561,399,780,1,0,0
500,562,850,783,1,0,0
500,562,1247,785,1,0,0
500,563,382,787,1,0,0
500,563,405,788,1,0,0
500,564,547,791,1,0,0
500,564,667,793,1,0,0
500,564,1025,794,1,0,0
500,564,1241,795,1,0,0
500,566,439,798,1,0,0
500,566,685,800,1,0,0
500,566,691,801,1,0,0
500,567,678,805,1,0,0
500,567,845,807,1,0,0
500,567,1021,808,1,0,0
500,568,764,813,1,0,0
500,568,1264,814,1,0,0
500,569,1256,818,1,0,0
500,573,809,825,1,0,0
500,574,302,829,1,0,0
500,574,448,830,1,0,0
500,575,347,834,1,0,0
500,575,367,835,1,0,0
500,576,295,840,1,0,0
500,577,442,842,1,0,0
500,577,621,844,1,0,0
500,578,888,846,1,0,0
500,579,588,848,1,0,0
500,579,770,850,1,0,0
500,579,1241,851,1,0,0
500,579,1324,852,1,2,0
500,580,866,854,1,0,0
500,581,1085,860,1,0,0
500,582,679,862,1,0,0
500,582,1287,864,1,2,0
500,583,704,866,1,0,0
500,583,806,868,1,0,0
500,583,1256,870,1,0,0
500,584,480,871,1,0,0
500,584,693,875,1,0,0
500,585,602,881,1,0,0
500,585,1272,883,1,0,0
500,585,1280,884,1,0,0
500,586,1085,891,1,0,0
500,588,584,892,1,0,0
500,588,941,894,1,0,0
500,588,1184,895,1,0,0
500,588,1212,896,1,0,0
500,589,703,900,1,0,0
500,589,773,901,1,0,0
500,589,972,902,1,0,0
500,590,639,903,1,0,0
500,590,1079,906,1,0,0
500,590,1336,908,1,2,0
500,591,817,910,1,0,0
500,592,1054,916,1,0,0
500,592,1301,917,1,2,0
500,593,662,918,1,0,0
500,593,1289,921,1,0,0
500,594,404,922,1,0,0
500,594,454,923,1,0,0
500,594,876,925,1,0,0
500,595,924,928,1,0,0
500,595,963,929,1,0,0
500,595,1049,930,1,0,0
500,595,1128,931,1,0,0
500,596,1192,934,1,0,0
500,597,1254,941,1,0,0
500,598,403,944,1,0,0
500,598,857,948,1,0,0
500,598,935,949,1,0,0
500,598,1039,950,1,0,0
500,599,777,954,1,0,0
500,599,988,955,1,0,0
500,599,1218,956,1,0,0
500,600,1290,965,1,0,0
500,601,986,967,1,0,0
500,601,1200,968,1,0,0
500,602,409,970,1,0,0
500,603,1112,974,1,0,0
500,604,1271,984,1,0,0
500,605,1128,987,1,0,0
500,605,1273,988,1,0,0
500,606,801,989,1,0,0
500,607,1180,992,1,0,0
500,608,1078,996,1,0,0
500,608,1322,998,1,2,0
500,609,549,999,1,0,0
500,609,600,1000,1,0,0
500,609,867,1001,1,0,0
500,610,267,1004,1,0,0
500,610,571,1007,1,0,0
500,611,1079,1021,1,0,0
500,611,1091,1022,1,0,0
500,613,262,1028,1,0,0
500,613,533,1030,1,0,0
500,613,1085,1033,1,0,0
500,614,1189,1041,1,0,0
500,615,350,1042,1,0,0
500,618,579,1060,1,0,0
500,618,634,1061,1,0,0
500,618,898,1063,1,0,0
500,618,998,1065,1,0,0
500,618,1285,1070,1,2,0
500,619,688,1071,1,0,0
500,620,200,1073,1,2,0
500,620,282,1074,1,0,0
500,620,426,1076,1,0,0
500,620,655,1077,1,0,0
500,621,947,1085,1,0,0
500,622,219,1086,1,2,0
500,622,335,1087,1,0,0
500,622,623,1088,1,0,0
500,622,1217,1094,1,0,0
500,623,183,1097,1,2,0
500,623,885,1100,1,0,0
500,623,887,1101,1,0,0
500,623,949,1102,1,0,0
500,623,1016,1103,1,0,0
500,623,1252,1106,1,0,0
500,625,953,1113,1,0,0
500,625,1137,1115,1,0,0
500,626,226,1117,1,0,0
500,626,468,1119,1,0,0
500,626,876,1120,1,0,0
500,626,1095,1122,1,0,0
500,627,874,1126,1,0,0
500,628,1133,1133,1,0,0
500,628,1297,1134,1,2,0
500,629,878,1136,1,0,0
500,630,1280,1141,1,2,0
500,631,233,1143,1,0,0
500,631,434,1144,1,0,0
500,631,560,1145,1,0,0
500,631,1086,1147,1,0,0
500,631,1290,1150,1,2,0
500,632,359,1152,1,0,0
500,632,970,1153,1,0,0
500,632,1124,1154,1,0,0
500,633,1212,1156,1,0,0
500,634,842,1158,1,0,0
500,635,1280,1168,1,2,0
500,635,1288,1169,1,2,0
500,636,599,1174,1,0,0
500,636,1320,1178,1,2,0
500,637,1189,1180,1,0,0
500,638,179,1182,1,2,0
500,638,887,1184,1,0,0
500,638,930,1185,1,0,0
500,638,1106,1186,1,0,0
500,639,302,1189,1,0,0
500,639,1087,1190,1,0,0
500,639,1091,1191,1,0,0
500,640,960,1193,1,0,0
500,640,1162,1194,1,0,0
500,642,1199,1205,1,0,0
500,643,304,1207,1,0,0
500,646,1285,1222,1,0,0
500,647,1309,1229,1,2,0
500,648,1056,1231,1,0,0
500,649,876,1235,1,0,0
500,650,1110,1244,1,0,0
500,652,243,1248,1,0,0
500,652,486,1249,1,0,0
500,653,336,1253,1,0,0
500,653,582,1254,1,0,0
500,654,533,1257,1,0,0
500,655,1023,1265,1,0,0
500,655,1277,1267,1,0,0
500,655,1293,1268,1,0,0
500,656,212,1269,1,2,0
500,656,919,1272,1,0,0
500,657,253,1273,1,0,0
500,657,330,1274,1,0,0
500,657,1191,1277,1,0,0
500,658,183,1278,1,2,0
500,659,444,1288,1,0,0
500,659,1069,1289,1,0,0
500,660,1004,1291,1,0,0
500,661,406,1294,1,0,0
500,662,1076,1298,1,0,0
500,663,277,1299,1,0,0
500,663,332,1300,1,0,0
500,663,1129,1305,1,0,0
500,664,851,1310,1,0,0
500,664,1286,1314,1,0,0
500,665,268,1316,1,0,0
500,665,1236,1319,1,0,0
500,665,1268,1320,1,0,0
500,666,261,1321,1,0,0
500,666,1015,1323,1,0,0
500,666,1033,1324,1,0,0
500,666,1208,1326,1,0,0
500,667,925,1331,1,0,0
500,668,1134,1334,1,0,0
500,670,986,1345,1,0,0
500,670,1247,1347,1,0,0
500,670,1255,1348,1,0,0
500,671,360,1349,1,0,0
500,671,1239,1353,1,0,0
500,671,1270,1355,1,0,0
500,671,1281,1356,1,0,0
500,672,238,1357,1,0,0
500,672,372,1358,1,0,0
500,672,1039,1359,1,0,0
500,673,966,1361,1,0,0
500,674,211,1363,1,2,0
500,674,386,1367,1,0,0
500,674,1154,1369,1,0,0
500,674,1259,1371,1,0,0
500,675,255,1373,1,0,0
500,675,1268,1379,1,0,0
500,676,200,1380,1,0,0
500,676,1195,1385,1,0,0
500,676,1265,1386,1,0,0
500,677,367,1387,1,0,0
500,677,950,1391,1,0,0
500,678,374,1392,1,0,0
500,678,888,1393,1,0,0
500,678,1247,1394,1,0,0
500,679,296,1396,1,0,0
500,679,894,1398,1,0,0
500,680,267,1400,1,0,0
500,681,1218,1403,1,0,0
500,682,270,1406,1,0,0
500,682,285,1407,1,0,0
500,682,1254,1410,1,0,0
500,683,905,1411,1,0,0
500,683,921,1412,1,0,0
500,683,1200,1414,1,0,0
500,684,1150,1415,1,0,0
500,685,178,1417,1,0,0
500,685,219,1418,1,0,0
500,685,231,1419,1,0,0
500,685,551,1420,1,0,0
500,686,1209,1425,1,0,0
500,687,181,1426,1,0,0
500,687,916,1427,1,0,0
500,689,519,1430,1,0,0
500,689,1225,1433,1,0,0
500,690,240,1436,1,0,0
500,692,1027,1441,1,0,0
500,692,1061,1442,1,0,0
500,692,1164,1443,1,0,0
500,693,1201,1446,1,0,0
500,693,1249,1447,1,0,0
500,694,1258,1453,1,0,0
500,695,166,1454,1,0,0
500,695,471,1456,1,0,0
500,696,951,1459,1,0,0
500,696,1232,1460,1,0,0
500,696,1244,1461,1,0,0
500,697,900,1463,1,0,0
500,697,1228,1466,1,0,0
500,698,527,1468,1,0,0
500,698,968,1470,1,0,0
500,698,1206,1471,1,0,0
500,699,215,1472,1,0,0
500,699,998,1475,1,0,0
500,700,492,1476,1,0,0
500,702,536,1480,1,0,0
500,702,934,1482,1,0,0
500,704,223,1487,1,0,0
500,706,213,1492,1,0,0
500,707,198,1496,1,0,0
500,711,1187,1507,1,0,0
500,713,393,1508,1,0,0
500,715,420,1510,1,0,0
500,715,503,1511,1,0,0
500,716,601,1516,1,0,0
500,716,920,1517,1,0,0
500,717,381,1518,1,0,0
500,717,1192,1521,1,0,0
500,718,881,1523,1,0,0
500,719,886,1527,1,0,0
500,719,988,1528,1,0,0
500,721,375,1529,1,0,0
500,721,939,1530,1,0,0
500,722,496,1532,1,0,0
500,723,571,1537,1,0,0
500,724,327,1539,1,0,0
500,724,565,1540,1,0,0
500,727,306,1547,1,0,0
500,730,207,1552,1,0,0
500,730,896,1555,1,0,0
500,732,1167,1561,1,0,0
500,733,1004,1563,1,0,0
500,733,1215,1565,1,0,0
500,734,562,1568,1,0,0
500,734,999,1569,1,0,0
500,735,299,1570,1,0,0
500,735,318,1572,1,0,0
500,735,383,1573,1,0,0
500,735,904,1575,1,0,0
500,735,1158,1577,1,0,0
500,737,460,1580,1,0,0
500,738,462,1582,1,0,0
500,740,194,1586,1,0,0
500,740,228,1587,1,0,0
500,740,931,1591,1,0,0
500,740,1058,1593,1,0,0
500,741,262,1596,1,0,0
500,741,994,1598,1,0,0
500,742,234,1601,1,0,0
500,742,558,1604,1,0,0
500,742,572,1605,1,0,0
500,743,1067,1608,1,0,0
500,744,1094,1611,1,0,0
500,745,260,1612,1,0,0
500,745,892,1613,1,0,0
500,746,206,1615,1,0,0
500,748,250,1623,1,0,0
500,748,306,1624,1,0,0
500,748,536,1627,1,0,0
500,751,501,1637,1,0,0
500,752,1107,1646,1,0,0
500,752,1151,1647,1,0,0
500,753,296,1650,1,0,0
500,753,1044,1655,1,0,0
500,757,392,1666,1,0,0
500,757,1189,1668,1,0,0
500,758,307,1669,1,0,0
500,758,911,1672,1,0,0
500,759,1215,1676,1,0,0
500,762,239,1686,1,0,0
500,762,434,1687,1,0,0
500,762,1037,1689,1,0,0
500,764,296,1692,1,0,0
500,765,1056,1694,1,0,0
500,767,383,1700,1,0,0
500,768,1111,1706,1,0,0
500,769,416,1708,1,0,0
500,769,552,1710,1,0,0
500,769,921,1712,1,0,0
500,770,385,1718,1,0,0
500,770,528,1719,1,0,0
500,770,1151,1722,1,0,0
500,771,440,1726,1,0,0
500,771,574,1728,1,0,0
500,771,1045,1730,1,0,0
500,772,194,1732,1,0,0
500,772,587,1733,1,0,0
500,772,880,1734,1,0,0
500,773,317,1736,1,0,0
500,773,864,1738,1,0,0
500,774,198,1741,1,0,0
500,774,949,1742,1,0,0
500,774,1211,1744,1,0,0
500,777,160,1750,1,0,0
500,777,590,1753,1,0,0
500,777,934,1755,1,0,0
500,778,1056,1762,1,0,0
500,779,205,1763,1,0,0
500,779,964,1766,1,0,0
500,780,384,1771,1,0,0
500,780,919,1773,1,0,0
500,780,977,1774,1,0,0
500,781,537,1777,1,0,0
500,781,564,1779,1,0,0
500,781,901,1781,1,0,0
500,782,199,1783,1,0,0
500,782,1196,1789,1,0,0
500,783,580,1790,1,0,0
500,784,458,1794,1,0,0
500,784,463,1795,1,0,0
500,784,584,1796,1,0,0
500,786,201,1802,1,0,0
500,786,879,1803,1,0,0
500,787,428,1806,1,0,0
500,791,990,1819,1,0,0
500,792,160,1820,1,0,0
500,792,195,1821,1,0,0
500,792,319,1823,1,0,0
500,794,325,1827,1,0,0
500,795,257,1833,1,0,0
500,796,310,1834,1,0,0
500,796,1103,1838,1,0,0
500,796,1168,1839,1,0,0
500,797,510,1843,1,0,0
500,798,286,1846,1,0,0
500,798,968,1850,1,0,0
500,799,1120,1854,1,0,0
500,800,375,1855,1,0,0
500,800,532,1857,1,0,0
500,801,945,1865,1,0,0
500,801,1039,1866,1,0,0
500,801,1110,1867,1,0,0
500,802,145,1869,1,0,0
500,803,599,1873,1,0,0
500,805,929,1884,1,0,0
500,806,522,1886,1,0,0
500,806,896,1887,1,0,0
500,806,909,1888,1,0,0
500,806,998,1889,1,0,0
500,809,270,1896,1,0,0
500,809,576,1897,1,0,0
500,809,872,1898,1,0,0
500,809,1023,1899,1,0,0
500,810,251,1903,1,0,0
500,810,345,1904,1,0,0
500,812,152,1908,1,0,0
500,812,851,1911,1,0,0
500,815,480,1920,1,0,0
500,815,1050,1924,1,0,0
500,815,1162,1925,1,0,0
500,816,1047,1932,1,0,0
500,817,238,1934,1,0,0
500,818,356,1937,1,0,0
500,819,199,1940,1,0,0
500,821,873,1945,1,0,0
500,821,908,1946,1,0,0
500,822,312,1949,1,0,0
500,822,883,1951,1,0,0
500,824,636,1959,1,0,0
500,825,302,1962,1,0,0
500,826,1032,1975,1,0,0
500,826,1034,1976,1,0,0
500,827,187,1977,1,0,0
500,827,207,1978,1,0,0
500,827,343,1979,1,0,0
500,828,987,1988,1,0,0
500,829,368,1990,1,0,0
500,829,1169,1993,1,0,0
500,830,1227,2002,1,0,0
500,831,581,2004,1,0,0
500,831,1116,2006,1,0,0
500,832,1080,2013,1,0,0
500,834,271,2017,1,0,0
500,834,503,2018,1,0,0
500,834,643,2020,1,0,0
500,835,315,2026,1,0,0
500,836,306,2033,1,0,0
500,837,171,2039,1,0,0
500,837,1109,2046,1,0,0
500,838,302,2048,1,0,0
500,838,654,2050,1,0,0
500,838,937,2052,1,0,0
500,838,1068,2053,1,0,0
500,839,260,2055,1,0,0
500,839,629,2060,1,0,0
500,839,647,2061,1,0,0
500,839,930,2062,1,0,0
500,839,1139,2063,1,0,0
500,840,579,2064,1,0,0
500,840,836,2065,1,0,0
500,840,1036,2066,1,0,0
500,842,601,2073,1,0,0
500,842,608,2074,1,0,0
500,842,1080,2078,1,0,0
500,843,853,2084,1,0,0
500,843,1034,2086,1,0,0
500,844,246,2087,1,0,0
500,845,965,2095,1,0,0
500,845,1125,2098,1,0,0
500,845,1208,2100,1,0,0
500,847,667,2104,1,0,0
500,847,1018,2106,1,0,0
500,849,246,2114,1,0,0
500,849,459,2116,1,0,0
500,849,486,2118,1,0,0
500,849,963,2120,1,0,0
500,850,530,2125,1,0,0
500,850,883,2130,1,0,0
500,851,307,2132,1,0,0
500,851,1213,2135,1,0,0
500,852,796,2138,1,0,0
500,853,427,2140,1,0,0
500,853,1153,2142,1,0,0
500,854,194,2144,1,0,0
500,854,416,2146,1,0,0
500,854,430,2147,1,0,0
500,854,477,2148,1,0,0
500,854,609,2151,1,0,0
500,854,622,2153,1,0,0
500,854,1084,2155,1,0,0
500,855,675,2159,1,0,0
500,857,206,2162,1,0,0
500,857,315,2163,1,0,0
500,857,542,2165,1,0,0
500,858,200,2169,1,0,0
500,858,471,2171,1,0,0
500,858,593,2172,1,0,0
500,858,1232,2173,1,0,0
500,859,296,2174,1,0,0
500,860,212,2178,1,0,0
500,860,1116,2185,1,0,0
500,861,495,2188,1,0,0
500,861,827,2190,1,0,0
500,861,931,2191,1,0,0
500,861,1208,2192,1,0,0
500,862,1195,2196,1,0,0
500,863,568,2199,1,0,0
500,863,1127,2200,1,0,0
500,864,765,2203,1,0,0
500,868,691,2219,1,0,0
500,868,757,2221,1,0,0
500,868,1234,2222,1,0,0
500,869,1184,2228,1,0,0
500,870,112,2229,1,2,0
500,870,1218,2240,1,0,0
500,871,341,2241,1,0,0
500,871,738,2242,1,0,0
500,872,692,2248,1,0,0
500,873,175,2250,1,0,0
500,873,214,2251,1,0,0
500,873,644,2253,1,0,0
500,873,687,2254,1,0,0
500,874,552,2258,1,0,0
500,874,596,2259,1,0,0
500,875,88,2263,1,2,0
500,875,351,2264,1,0,0
500,875,893,2268,1,0,0
500,877,620,2276,1,0,0
500,877,1143,2279,1,0,0
500,878,736,2284,1,0,0
500,879,332,2289,1,0,0
500,879,360,2290,1,0,0
500,879,727,2291,1,0,0
500,880,116,2294,1,2,0
500,880,403,2296,1,0,0
500,880,460,2298,1,0,0
500,880,809,2299,1,0,0
500,880,849,2300,1,0,0
500,881,90,2301,1,2,0
500,881,220,2304,1,0,0
500,882,162,2308,1,0,0
500,882,324,2310,1,0,0
500,883,770,2315,1,0,0
500,883,1000,2317,1,0,0
500,885,435,2325,1,0,0
500,885,446,2326,1,0,0
500,885,845,2327,1,0,0
500,886,417,2330,1,0,0
500,886,993,2332,1,0,0
500,887,789,2337,1,0,0
500,887,883,2338,1,0,0
500,888,756,2340,1,0,0
500,889,212,2344,1,0,0
500,889,915,2349,1,0,0
500,889,1024,2350,1,0,0
500,890,671,2352,1,0,0
500,890,806,2353,1,0,0
500,891,506,2357,1,0,0
500,891,929,2362,1,0,0
500,891,1098,2364,1,0,0
500,892,287,2369,1,0,0
500,892,663,2371,1,0,0
500,892,1020,2373,1,0,0
500,893,464,2375,1,0,0
500,893,537,2376,1,0,0
500,893,1029,2379,1,0,0
500,893,1119,2380,1,0,0
500,895,254,2384,1,0,0
500,895,348,2385,1,0,0
500,896,185,2388,1,0,0
500,896,578,2392,1,0,0
500,897,635,2398,1,0,0
500,897,866,2400,1,0,0
500,898,790,2406,1,0,0
500,899,453,2409,1,0,0
500,899,519,2410,1,0,0
500,899,731,2411,1,0,0
500,899,865,2412,1,0,0
500,899,1161,2413,1,0,0
500,900,442,2418,1,0,0
500,900,517,2419,1,0,0
500,901,399,2425,1,0,0
500,901,1051,2428,1,0,0
500,902,69,2430,1,2,0
500,902,706,2432,1,0,0
500,902,839,2433,1,0,0
500,903,191,2434,1,0,0
500,903,433,2437,1,0,0
500,903,1171,2440,1,0,0
500,904,147,2441,1,2,0
500,904,765,2447,1,0,0
500,904,1102,2451,1,0,0
500,904,1196,2452,1,0,0
500,905,604,2458,1,0,0
500,905,794,2459,1,0,0
500,905,1185,2460,1,0,0
500,907,571,2466,1,0,0
500,908,274,2471,1,0,0
500,909,232,2475,1,0,0
500,909,386,2476,1,0,0
500,909,1200,2479,1,0,0
500,910,1176,2481,1,0,0
500,911,76,2482,1,2,0
500,911,260,2485,1,0,0
500,911,600,2488,1,0,0
500,911,1048,2491,1,0,0
500,911,1179,2492,1,0,0
500,912,416,2495,1,0,0
500,913,444,2502,1,0,0
500,913,693,2504,1,0,0
500,914,667,2515,1,0,0
500,915,172,2519,1,2,0
500,915,199,2520,1,0,0
500,915,642,2523,1,0,0
500,917,65,2527,1,2,0
500,917,1201,2530,1,0,0
500,917,1259,2531,1,0,0
500,917,1277,2532,1,0,0
500,918,408,2534,1,0,0
500,918,762,2535,1,0,0
500,919,227,2539,1,0,0
500,919,816,2542,1,0,0
500,920,54,2545,1,2,0
500,921,259,2549,1,0,0
500,921,551,2551,1,0,0
500,921,578,2553,1,0,0
500,922,1276,2562,1,0,0
500,923,215,2564,1,0,0
500,923,300,2565,1,0,0
500,924,373,2571,1,0,0
500,925,629,2576,1,0,0
500,926,163,2580,1,2,0
500,926,360,2582,1,0,0
500,926,429,2583,1,0,0
500,926,599,2584,1,0,0
500,926,1246,2586,1,0,0
500,927,189,2589,1,2,0
500,927,942,2591,1,0,0
500,927,1190,2593,1,0,0
500,928,199,2595,1,0,0
500,928,279,2597,1,0,0
500,928,398,2598,1,0,0
500,929,667,2609,1,0,0
500,929,722,2611,1,0,0
500,929,1008,2612,1,0,0
500,929,1268,2615,1,0,0
500,931,123,2617,1,2,0
500,931,176,2618,1,2,0
500,931,429,2619,1,0,0
500,932,608,2622,1,0,0
500,933,669,2631,1,0,0
500,934,356,2636,1,0,0
500,934,731,2638,1,0,0
500,934,858,2639,1,0,0
500,935,862,2643,1,0,0
500,935,1096,2644,1,0,0
500,935,1156,2646,1,0,0
500,936,451,2648,1,0,0
500,936,989,2653,1,0,0
500,936,1168,2655,1,0,0
500,936,1255,2657,1,0,0
500,937,157,2659,1,2,0
500,937,244,2660,1,0,0
500,938,61,2663,1,2,0
500,938,469,2666,1,0,0
500,938,801,2669,1,0,0
500,938,1131,2671,1,0,0
500,939,99,2673,1,2,0
500,939,165,2675,1,2,0
500,939,831,2679,1,0,0
500,940,465,2687,1,0,0
500,940,1178,2689,1,0,0
500,941,71,2692,1,2,0
500,941,189,2694,1,2,0
500,941,641,2697,1,0,0
500,941,847,2698,1,0,0
500,942,425,2702,1,0,0
500,942,474,2703,1,0,0
500,942,1045,2706,1,0,0
500,942,1189,2708,1,0,0
500,943,249,2711,1,0,0
500,943,1040,2713,1,0,0
500,943,1238,2715,1,0,0
500,944,483,2718,1,0,0
500,944,916,2721,1,0,0
500,944,1100,2722,1,0,0
500,944,1188,2724,1,0,0
500,944,1277,2725,1,0,0
500,945,828,2730,1,0,0
500,945,1052,2733,1,0,0
500,947,161,2740,1,2,0
500,947,744,2742,1,0,0
500,948,383,2748,1,0,0
500,949,239,2753,1,0,0
500,949,453,2755,1,0,0
500,949,658,2757,1,0,0
500,950,192,2758,1,2,0
500,950,667,2763,1,0,0
500,950,724,2766,1,0,0
500,951,579,2769,1,0,0
500,951,1221,2772,1,0,0
500,951,1237,2774,1,0,0
500,952,653,2776,1,0,0
500,954,879,2786,1,0,0
500,954,1098,2787,1,0,0
500,955,138,2789,1,2,0
500,955,246,2790,1,0,0
500,955,755,2796,1,0,0
500,956,377,2799,1,0,0
500,956,468,2800,1,0,0
500,959,455,2816,1,0,0
500,959,1222,2818,1,0,0
500,960,633,2822,1,0,0
500,960,739,2824,1,0,0
500,960,1112,2826,1,0,0
500,960,1152,2827,1,0,0
500,961,201,2830,1,2,0
500,961,260,2831,1,0,0
500,961,644,2834,1,0,0
500,961,728,2835,1,0,0
500,962,327,2836,1,0,0
500,962,1159,2839,1,0,0
500,962,1222,2840,1,0,0
500,963,367,2842,1,0,0
500,963,779,2843,1,0,0
500,964,134,2845,1,2,0
500,964,151,2846,1,2,0
500,964,177,2847,1,2,0
500,964,1099,2850,1,0,0
500,965,374,2852,1,0,0
500,965,490,2853,1,0,0
500,965,1192,2855,1,0,0
500,966,1114,2856,1,0,0
500,967,997,2860,1,0,0
500,967,1105,2861,1,0,0
500,970,40,2866,1,2,0
500,970,1129,2869,1,0,0
500,970,1280,2870,1,2,0
500,971,1114,2872,1,0,0
500,972,317,2874,1,0,0
500,972,1199,2878,1,0,0
500,973,169,2879,1,2,0
500,973,229,2880,1,0,0
500,973,545,2882,1,0,0
500,974,133,2885,1,2,0
500,974,252,2887,1,0,0
500,974,1270,2890,1,2,0
500,975,1175,2892,1,0,0
500,975,1193,2893,1,0,0
500,976,636,2898,1,0,0
500,977,211,2900,1,2,0
500,977,628,2901,1,0,0
500,977,1326,2904,1,2,0
500,979,508,2915,1,0,0
500,979,749,2916,1,0,0
500,980,1173,2922,1,0,0
500,981,424,2925,1,0,0
500,981,1270,2932,1,2,0
500,983,333,2941,1,0,0
500,983,506,2943,1,0,0
500,985,1344,2954,1,2,0
500,986,321,2955,1,0,0
500,986,1204,2957,1,0,0
500,987,563,2962,1,0,0
500,987,1049,2965,1,0,0
500,987,1083,2966,1,0,0
500,987,1228,2969,1,2,0
500,988,217,2971,1,2,0
500,988,544,2972,1,0,0
500,988,1093,2974,1,0,0
500,989,133,2976,1,2,0
500,989,261,2977,1,0,0
500,989,1062,2982,1,0,0
500,990,181,2987,1,2,0
500,990,488,2989,1,0,0
500,990,793,2992,1,0,0
500,991,189,2996,1,2,0
500,991,312,2997,1,0,0
500,993,783,3015,1,0,0
500,993,1244,3024,1,0,0
500,994,433,3029,1,0,0
500,994,1264,3035,1,2,0
500,995,455,3037,1,0,0
500,995,504,3038,1,0,0
500,996,199,3043,1,2,0
500,996,1093,3046,1,0,0
500,996,1156,3048,1,0,0
500,997,48,3050,1,2,0
500,997,618,3051,1,0,0
500,999,741,3068,1,0,0
500,999,1112,3070,1,0,0
500,999,1128,3071,1,0,0
500,1000,49,3075,1,2,0
500,1000,1194,3081,1,0,0
500,1000,1236,3083,1,0,0
500,1001,285,3086,1,0,0
500,1001,510,3087,1,0,0
500,1001,715,3091,1,0,0
500,1001,949,3092,1,0,0
500,1001,1177,3094,1,0,0
500,1002,1341,3102,1,2,0
500,1003,502,3105,1,0,0
500,1003,702,3106,1,0,0
500,1003,1132,3108,1,0,0
500,1004,428,3112,1,0,0
500,1004,684,3113,1,0,0
500,1004,780,3114,1,0,0
500,1004,804,3115,1,0,0
500,1004,955,3117,1,0,0
500,1004,1033,3118,1,0,0
500,1004,1282,3123,1,2,0
500,1005,652,3126,1,0,0
500,1005,1184,3128,1,0,0
500,1005,1218,3129,1,0,0
500,1006,489,3134,1,0,0
500,1006,1129,3135,1,0,0
500,1006,1191,3136,1,0,0
500,1007,562,3139,1,0,0
500,1007,781,3141,1,0,0
500,1008,394,3144,1,0,0
500,1009,327,3150,1,0,0
500,1009,345,3152,1,0,0
500,1009,432,3153,1,0,0
500,1009,469,3154,1,0,0
500,1010,166,3157,1,2,0
500,1010,1123,3161,1,0,0
500,1010,1196,3163,1,0,0
500,1011,801,3168,1,0,0
500,1011,820,3170,1,0,0
500,1012,282,3174,1,0,0
500,1012,538,3177,1,0,0
500,1012,825,3178,1,0,0
500,1014,689,3186,1,0,0
500,1015,125,3192,1,2,0
500,1015,962,3198,1,0,0
500,1015,1157,3199,1,0,0
500,1015,1205,3200,1,0,0
500,1016,504,3204,1,0,0
500,1016,912,3207,1,0,0
500,1018,265,3213,1,0,0
500,1018,333,3215,1,0,0
500,1018,1249,3220,1,2,0
500,1019,304,3221,1,0,0
500,1019,310,3222,1,0,0
500,1019,1157,3227,1,0,0
500,1019,1351,3229,1,2,0
500,1020,78,3230,1,2,0
500,1020,88,3231,1,2,0
500,1020,485,3234,1,0,0
500,1020,581,3235,1,0,0
500,1020,641,3237,1,0,0
500,1020,1129,3242,1,0,0
500,1021,382,3245,1,0,0
500,1021,409,3247,1,0,0
500,1023,1241,3256,1,2,0
500,1025,274,3259,1,0,0
500,1025,298,3260,1,0,0
500,1026,268,3268,1,0,0
500,1026,301,3269,1,0,0
500,1026,358,3271,1,0,0
500,1026,406,3272,1,0,0
500,1027,398,3274,1,0,0
500,1027,850,3278,1,0,0
500,1029,426,3284,1,0,0
500,1029,595,3285,1,0,0
500,1029,935,3287,1,0,0
500,1030,135,3289,1,2,0
500,1031,340,3293,1,0,0
500,1031,420,3295,1,0,0
500,1031,492,3298,1,0,0
500,1031,976,3302,1,0,0
500,1032,457,3304,1,0,0
500,1032,1269,3311,1,2,0
500,1033,100,3312,1,2,0
500,1033,279,3313,1,0,0
500,1033,486,3314,1,0,0
500,1035,494,3319,1,0,0
500,1036,426,3326,1,0,0
500,1037,125,3329,1,2,0
500,1037,278,3330,1,0,0
500,1037,947,3334,1,0,0
500,1037,1148,3335,1,0,0
500,1039,988,3342,1,0,0
500,1040,464,3345,1,0,0
500,1040,475,3346,1,0,0
500,1041,299,3351,1,0,0
500,1041,345,3352,1,0,0
500,1041,732,3354,1,0,0
500,1041,952,3355,1,0,0
500,1042,743,3359,1,0,0
500,1043,434,3365,1,0,0
500,1044,651,3369,1,0,0
500,1046,786,3381,1,0,0
500,1046,1075,3382,1,0,0
500,1047,342,3384,1,0,0
500,1047,601,3385,1,0,0
500,1048,282,3389,1,0,0
500,1048,332,3391,1,0,0
500,1048,995,3396,1,0,0
500,1049,726,3399,1,0,0
500,1049,950,3401,1,0,0
500,1049,1070,3402,1,0,0
500,1049,1166,3403,1,0,0
500,1051,615,3414,1,0,0
500,1051,1078,3417,1,0,0
500,1051,1146,3418,1,0,0
500,1052,426,3421,1,0,0
500,1053,317,3426,1,0,0
500,1053,544,3430,1,0,0
500,1053,552,3431,1,0,0
500,1054,1328,3442,1,2,0
500,1055,615,3444,1,0,0
500,1056,415,3448,1,0,0
500,1056,1024,3453,1,0,0
500,1057,303,3456,1,0,0
500,1057,379,3457,1,0,0
500,1058,394,3462,1,0,0
500,1059,403,3465,1,0,0
500,1059,1193,3473,1,0,0
500,1059,1205,3475,1,0,0
500,1060,741,3480,1,0,0
500,1060,1308,3483,1,2,0
500,1061,983,3485,1,0,0
500,1061,1153,3487,1,0,0
500,1062,584,3489,1,0,0
500,1062,617,3491,1,0,0
500,1063,1015,3497,1,0,0
500,1063,1160,3498,1,0,0
500,1063,1222,3500,1,2,0
500,1065,1300,3506,1,2,0
500,1066,977,3508,1,0,0
500,1067,961,3513,1,0,0
500,1068,647,3519,1,0,0
500,1069,295,3523,1,0,0
500,1069,356,3524,1,0,0
500,1069,424,3526,1,0,0
500,1070,956,3529,1,0,0
500,1071,288,3530,1,0,0
500,1071,394,3531,1,0,0
500,1071,432,3532,1,0,0
500,1071,791,3534,1,0,0
500,1071,1048,3538,1,0,0
500,1072,385,3540,1,0,0
500,1074,862,3546,1,0,0
500,1075,707,3547,1,0,0
500,1075,947,3548,1,0,0
500,1076,356,3552,1,0,0
500,1076,373,3553,1,0,0
500,1077,830,3557,1,0,0
500,1077,1081,3558,1,0,0
500,1078,707,3564,1,0,0
500,1079,331,3565,1,0,0
500,1079,1093,3567,1,0,0
500,1079,1235,3568,1,2,0
500,1080,535,3572,1,0,0
500,1080,790,3573,1,0,0
500,1081,527,3577,1,0,0
500,1082,509,3581,1,0,0
500,1082,569,3582,1,0,0
500,1082,852,3583,1,0,0
500,1082,1079,3585,1,0,0
500,1082,1207,3587,1,2,0
500,1084,482,3590,1,0,0
500,1085,343,3595,1,0,0
500,1085,355,3596,1,0,0
500,1085,917,3599,1,0,0
500,1086,373,3603,1,0,0
500,1086,679,3605,1,0,0
500,1088,330,3609,1,0,0
500,1089,472,3616,1,0,0
500,1089,483,3617,1,0,0
500,1089,725,3619,1,0,0
500,1089,992,3620,1,0,0
500,1089,1159,3621,1,0,0
500,1092,311,3626,1,0,0
500,1092,506,3627,1,0,0
500,1092,1171,3630,1,0,0
500,1094,700,3636,1,0,0
500,1095,338,3637,1,0,0
500,1095,1209,3640,1,2,0
500,1097,624,3643,1,0,0
500,1097,833,3644,1,0,0
500,1097,905,3645,1,0,0
500,1098,367,3649,1,0,0
500,1098,989,3652,1,0,0
500,1099,353,3654,1,0,0
500,1099,1306,3659,1,2,0
500,1102,337,3665,1,0,0
500,1102,343,3666,1,0,0
500,1102,593,3667,1,0,0
500,1103,1054,3671,1,0,0
500,1104,356,3672,1,0,0
500,1104,518,3674,1,0,0
500,1104,664,3675,1,0,0
500,1104,973,3677,1,0,0
500,1104,997,3678,1,0,0
500,1105,364,3680,1,0,0
500,1106,906,3685,1,0,0
500,1106,979,3686,1,0,0
500,1106,1005,3687,1,0,0
500,1106,1234,3688,1,2,0
500,1107,558,3689,1,0,0
500,1107,1001,3691,1,0,0
500,1108,667,3693,1,0,0
500,1108,987,3695,1,0,0
500,1109,815,3697,1,0,0
500,1110,474,3698,1,0,0
500,1110,536,3699,1,0,0
500,1110,702,3701,1,0,0
500,1110,1190,3703,1,2,0
500,1111,506,3705,1,0,0
500,1111,1241,3707,1,2,0
500,1113,1294,3712,1,2,0
500,1114,422,3713,1,0,0
500,1114,737,3715,1,0,0
500,1115,419,3718,1,0,0
500,1115,735,3722,1,0,0
500,1115,767,3723,1,0,0
500,1115,1035,3724,1,0,0
500,1117,407,3727,1,0,0
500,1117,561,3729,1,0,0
500,1118,495,3731,1,0,0
500,1119,1198,3738,1,2,0
500,1120,943,3741,1,0,0
500,1121,447,3743,1,0,0
500,1121,835,3748,1,0,0
500,1121,867,3749,1,0,0
500,1123,513,3756,1,0,0
500,1123,948,3761,1,0,0
500,1124,403,3762,1,0,0
500,1125,481,3767,1,0,0
500,1125,1085,3771,1,0,0
500,1126,674,3775,1,0,0
500,1128,422,3781,1,0,0
500,1128,521,3783,1,0,0
500,1128,537,3784,1,0,0
500,1128,728,3785,1,0,0
500,1128,909,3786,1,0,0
500,1129,892,3788,1,0,0
500,1129,1096,3790,1,0,0
500,1131,772,3798,1,0,0
500,1131,780,3799,1,0,0
500,1132,395,3800,1,0,0
500,1132,605,3803,1,0,0
500,1132,929,3806,1,0,0
500,1133,587,3810,1,0,0
500,1133,690,3811,1,0,0
500,1136,443,3822,1,0,0
500,1136,452,3823,1,0,0
500,1137,552,3825,1,0,0
500,1137,734,3826,1,0,0
500,1138,479,3827,1,0,0
500,1138,1033,3829,1,0,0
500,1139,915,3833,1,0,0
500,1139,1093,3834,1,0,0
500,1140,402,3835,1,0,0
500,1141,591,3841,1,0,0
500,1142,954,3849,1,0,0
500,1143,419,3851,1,0,0
500,1143,686,3855,1,0,0
500,1144,427,3859,1,0,0
500,1144,770,3864,1,0,0
500,1145,807,3869,1,0,0
500,1145,1096,3870,1,0,0
500,1146,595,3874,1,0,0
500,1147,461,3876,1,0,0
500,1147,1026,3877,1,0,0
500,1147,1037,3878,1,0,0
500,1149,659,3881,1,0,0
500,1149,703,3883,1,0,0
500,1152,749,3896,1,0,0
500,1153,499,3897,1,0,0
500,1153,607,3898,1,0,0
500,1153,1042,3899,1,0,0
500,1154,431,3900,1,0,0
500,1156,597,3908,1,0,0
500,1157,411,3912,1,0,0
500,1159,683,3920,1,0,0
500,1160,699,3921,1,0,0
500,1160,885,3922,1,0,0
500,1160,933,3923,1,0,0
500,1160,980,3924,1,0,0
500,1160,1110,3925,1,0,0
500,1161,412,3926,1,0,0
500,1161,1057,3931,1,0,0
500,1163,1113,3941,1,0,0
500,1164,651,3942,1,0,0
500,1164,917,3943,1,0,0
500,1164,1066,3944,1,0,0
500,1165,450,3946,1,0,0
500,1165,493,3947,1,0,0
500,1165,610,3949,1,0,0
500,1165,687,3950,1,0,0
500,1166,415,3953,1,0,0
500,1166,440,3954,1,0,0
500,1166,727,3958,1,0,0
500,1166,1039,3960,1,0,0
500,1167,475,3962,1,0,0
500,1167,1049,3966,1,0,0
500,1168,437,3967,1,0,0
500,1168,699,3970,1,0,0
500,1169,430,3976,1,0,0
500,1169,991,3980,1,0,0
500,1170,702,3982,1,0,0
500,1170,976,3983,1,0,0
500,1171,496,3986,1,0,0
500,1171,869,3990,1,0,0
500,1171,1046,3994,1,0,0
500,1171,1061,3995,1,0,0
500,1172,576,3999,1,0,0
500,1172,1123,4001,1,2,0
500,1173,878,4005,1,0,0
500,1174,978,4010,1,0,0
500,1176,737,4018,1,0,0
500,1176,742,4019,1,0,0
500,1177,676,4022,1,0,0
500,1177,753,4024,1,0,0
500,1177,966,4025,1,0,0
500,1178,573,4027,1,0,0
500,1178,1079,4029,1,2,0
500,1180,775,4034,1,0,0
500,1180,963,4035,1,0,0
500,1180,1066,4037,1,0,0
500,1181,433,4038,1,0,0
500,1181,648,4039,1,0,0
500,1181,965,4042,1,0,0
500,1182,423,4043,1,0,0
500,1182,594,4044,1,0,0
500,1182,724,4046,1,0,0
500,1183,455,4047,1,0,0
500,1183,671,4048,1,0,0
500,1183,983,4050,1,0,0
500,1183,1060,4051,1,0,0
500,1184,593,4053,1,0,0
500,1184,737,4055,1,0,0
500,1185,499,4057,1,0,0
500,1185,986,4059,1,0,0
500,1186,975,4067,1,0,0
500,1186,1053,4068,1,0,0
500,1186,1125,4069,1,2,0
500,1187,889,4070,1,0,0
500,1188,427,4071,1,0,0
500,1189,464,4076,1,0,0
500,1190,935,4083,1,0,0
500,1191,530,4086,1,0,0
500,1191,720,4088,1,0,0
500,1192,431,4090,1,0,0
500,1192,635,4092,1,0,0
500,1192,950,4094,1,0,0
500,1193,466,4095,1,0,0
500,1193,565,4096,1,0,0
500,1195,450,4101,1,0,0
500,1195,729,4104,1,0,0
500,1195,837,4105,1,0,0
500,1195,908,4107,1,0,0
500,1195,1076,4110,1,2,0
500,1196,774,4113,1,0,0
500,1196,857,4115,1,0,0
500,1197,436,4118,1,0,0
500,1197,558,4119,1,0,0
500,1197,598,4120,1,0,0
500,1197,982,4123,1,0,0
500,1198,481,4124,1,0,0
500,1198,1082,4127,1,2,0
500,1199,752,4129,1,0,0
500,1199,939,4131,1,0,0
500,1199,1109,4132,1,2,0
500,1200,706,4135,1,0,0
500,1202,1098,4142,1,2,0
500,1203,852,4144,1,0,0
500,1204,780,4145,1,0,0
500,1204,910,4148,1,0,0
500,1205,567,4149,1,0,0
500,1205,593,4150,1,0,0
500,1206,466,4151,1,0,0
500,1206,506,4155,1,0,0
500,1208,830,4164,1,0,0
500,1208,867,4165,1,0,0
500,1208,930,4166,1,0,0
500,1210,790,4174,1,0,0
500,1210,813,4175,1,0,0
500,1211,639,4177,1,0,0
500,1211,896,4179,1,0,0
500,1211,899,4180,1,0,0
500,1212,466,4181,1,0,0
500,1212,512,4182,1,0,0
500,1212,674,4184,1,0,0
500,1214,751,4188,1,0,0
500,1214,852,4189,1,0,0
500,1214,955,4193,1,0,0
500,1214,1002,4194,1,0,0
500,1215,905,4197,1,0,0
500,1216,477,4198,1,0,0
500,1216,558,4199,1,0,0
500,1218,522,4206,1,0,0
500,1219,513,4214,1,0,0
500,1220,528,4216,1,0,0
500,1220,589,4218,1,0,0
500,1221,504,4224,1,0,0
500,1221,821,4226,1,0,0
500,1222,575,4228,1,0,0
500,1222,879,4231,1,0,0
500,1222,983,4232,1,0,0
500,1223,863,4233,1,0,0
500,1224,555,4234,1,0,0
500,1226,677,4240,1,0,0
500,1226,1025,4243,1,0,0
500,1228,742,4248,1,0,0
500,1228,896,4250,1,0,0
500,1229,705,4253,1,0,0
500,1229,785,4254,1,0,0
500,1229,810,4255,1,0,0
500,1230,968,4258,1,0,0
500,1231,535,4260,1,0,0
500,1231,570,4262,1,0,0
500,1232,945,4267,1,0,0
500,1233,523,4269,1,0,0
500,1233,895,4270,1,0,0
500,1234,635,4272,1,0,0
500,1234,929,4273,1,0,0
500,1235,888,4276,1,0,0
500,1235,891,4277,1,0,0
500,1236,713,4279,1,0,0
500,1237,847,4284,1,0,0
500,1238,725,4286,1,0,0
500,1238,910,4287,1,0,0
500,1239,420,4288,1,2,0
500,1239,497,4289,1,0,0
500,1239,923,4295,1,0,0
500,1240,975,4298,1,0,0
500,1240,995,4299,1,0,0
500,1241,619,4301,1,0,0
500,1241,925,4304,1,0,0
500,1242,439,4305,1,2,0
500,1242,796,4309,1,0,0
500,1242,878,4310,1,0,0
500,1242,893,4311,1,0,0
500,1243,754,4315,1,0,0
500,1243,1008,4317,1,0,0
500,1244,517,4318,1,0,0
500,1244,544,4319,1,0,0
500,1244,660,4321,1,0,0
500,1244,853,4323,1,0,0
500,1245,565,4324,1,0,0
500,1245,802,4327,1,0,0
500,1245,1025,4331,1,0,0
500,1247,452,4334,1,2,0
500,1247,630,4338,1,0,0
500,1247,933,4340,1,0,0
500,1247,983,4341,1,0,0
500,1249,795,4348,1,0,0
500,1249,999,4351,1,0,0
500,1250,860,4355,1,0,0
500,1251,551,4359,1,0,0
500,1251,656,4361,1,0,0
500,1251,782,4362,1,0,0
500,1251,886,4363,1,0,0
500,1251,1009,4366,1,0,0
500,1251,1015,4367,1,0,0
500,1252,788,4370,1,0,0
500,1252,875,4371,1,0,0
500,1252,951,4372,1,0,0
500,1253,557,4375,1,0,0
500,1254,615,4381,1,0,0
500,1254,688,4382,1,0,0
500,1254,856,4383,1,0,0
500,1255,873,4392,1,0,0
500,1255,944,4394,1,0,0
500,1256,622,4398,1,0,0
500,1257,498,4402,1,0,0
500,1257,922,4404,1,0,0
500,1258,1007,4408,1,0,0
500,1259,521,4409,1,0,0
500,1259,635,4410,1,0,0
500,1259,660,4411,1,0,0
500,1259,737,4412,1,0,0
500,1261,533,4421,1,0,0
500,1261,544,4422,1,0,0
500,1261,949,4425,1,0,0
500,1261,1024,4426,1,0,0
500,1262,723,4427,1,0,0
500,1262,882,4428,1,0,0
500,1263,554,4431,1,0,0
500,1263,609,4432,1,0,0
500,1264,805,4437,1,2,0
500,1264,859,4438,1,0,0
500,1265,739,4446,1,0,0
500,1266,606,4447,1,0,0
500,1266,632,4448,1,0,0
500,1266,718,4449,1,0,0
500,1266,772,4450,1,0,0
500,1266,952,4451,1,0,0
500,1267,475,4452,1,0,0
500,1267,834,4455,1,0,0
500,1267,884,4456,1,0,0
500,1267,945,4459,1,0,0
500,1268,558,4463,1,0,0
500,1268,1010,4468,1,0,0
500,1270,1011,4475,1,0,0
500,1271,475,4476,1,2,0
500,1271,924,4480,1,0,0
500,1272,494,4482,1,0,0
500,1272,1019,4486,1,0,0
500,1273,508,4488,1,0,0
500,1273,687,4490,1,0,0
500,1273,907,4491,1,0,0
500,1274,876,4495,1,0,0
500,1275,519,4501,1,0,0
500,1275,580,4502,1,0,0
500,1275,729,4507,1,0,0
500,1275,1020,4511,1,0,0
500,1276,586,4513,1,0,0
500,1276,632,4514,1,2,0
500,1276,924,4515,1,0,0
500,1276,940,4516,1,0,0
500,1277,654,4519,1,0,0
500,1277,892,4521,1,0,0
500,1278,640,4523,1,0,0
500,1278,982,4526,1,0,0
500,1279,405,4527,1,2,0
500,1279,611,4528,1,0,0
500,1279,626,4529,1,0,0
500,1279,660,4530,1,0,0
500,1279,688,4531,1,0,0
500,1279,736,4532,1,0,0
500,1279,880,4534,1,0,0
500,1281,573,4541,1,0,0
500,1281,887,4543,1,0,0
500,1282,525,4544,1,0,0
500,1282,659,4548,1,0,0
500,1283,420,4550,1,2,0
500,1283,774,4554,1,2,0
500,1284,641,4560,1,0,0
500,1284,749,4561,1,0,0
500,1284,897,4562,1,0,0
500,1286,818,4566,1,0,0
500,1286,904,4567,1,0,0
500,1287,872,4569,1,2,0
500,1288,685,4573,1,0,0
500,1288,966,4574,1,0,0
500,1289,614,4577,1,2,0
500,1289,675,4578,1,0,0
500,1289,981,4583,1,0,0
500,1290,627,4587,1,2,0
500,1290,971,4588,1,0,0
500,1290,985,4589,1,0,0
500,1292,473,4594,1,2,0
500,1292,590,4597,1,0,0
500,1292,768,4598,1,2,0
500,1292,834,4599,1,0,0
500,1293,574,4601,1,0,0
500,1293,703,4602,1,0,0
500,1294,684,4603,1,0,0
500,1296,588,4610,1,0,0
500,1296,650,4612,1,0,0
500,1296,696,4613,1,0,0
500,1296,899,4614,1,2,0
500,1297,565,4616,1,0,0
500,1297,837,4617,1,2,0
500,1297,991,4618,1,0,0
500,1303,420,4624,1,2,0
500,1303,546,4625,1,2,0
500,1303,1026,4627,1,2,0
500,1304,526,4628,1,0,0
500,1305,703,4630,1,0,0
500,1307,977,4633,1,2,0
500,1308,729,4635,1,0,0
500,1309,967,4636,1,2,0
500,1310,837,4638,1,2,0
500,1311,528,4640,1,2,0
500,1314,652,4643,1,2,0
500,1314,960,4644,1,2,0
500,1315,491,4646,1,2,0
500,1317,793,4650,1,2,0
500,1318,1038,4654,1,2,0
500,1319,507,4655,1,2,0
500,1319,893,4656,1,2,0
500,1319,951,4657,1,2,0
500,1319,991,4658,1,2,0
500,1320,847,4660,1,2,0
500,1322,1051,4661,1,2,0
500,1323,558,4664,1,2,0
500,1329,876,4671,1,2,0
500,1330,823,4674,1,2,0
500,1330,1053,4678,1,2,0
500,1338,529,4682,1,2,0
500,1340,551,4683,1,2,0
500,1341,1044,4684,1,2,0
500,1352,1050,4686,1,2,0
500,1356,954,4687,1,2,0
500,1369,952,4695,1,2,0
500,1371,1027,4697,1,2,0
500,1394,972,4708,1,2,0
500,1396,997,4709,1,2,0
500,1398,986,4710,1,2,0
500,227,553,4,0,0,0
500,237,569,7,0,0,0
500,244,565,10,0,0,1
500,245,541,11,0,0,0
500,245,566,12,0,0,1
500,276,560,13,0,0,0
500,299,1084,22,0,0,0
500,304,1076,25,0,0,0
500,307,1103,28,0,0,0
500,308,1105,29,0,0,0
500,309,535,31,0,0,0
500,309,1103,32,0,0,1
500,310,512,33,0,0,0
500,310,561,34,0,0,0
500,310,1102,35,0,0,1
500,311,552,36,0,0,0
500,311,1079,38,0,0,0
500,313,1111,40,0,0,0
500,315,510,41,0,0,0
500,315,1105,42,0,0,0
500,316,558,43,0,0,0
500,317,521,47,0,0,0
500,318,1117,48,0,0,0
500,321,1095,50,0,0,0
500,321,1101,51,0,0,0
500,322,544,54,0,0,1
500,322,1121,55,0,0,0
500,323,468,56,0,0,0
500,323,543,57,0,0,1
500,324,1059,60,0,0,0
500,325,1056,61,0,0,0
500,325,1089,62,0,0,0
500,326,1079,64,0,0,0
500,327,487,65,0,0,0
500,328,543,67,0,0,0
500,328,554,68,0,0,0
500,332,532,69,0,0,0
500,333,484,71,0,0,0
500,333,556,72,0,0,0
500,334,530,73,0,0,0
500,334,548,74,0,0,0
500,335,1043,75,0,0,0
500,336,1066,76,0,0,0
500,337,520,77,0,0,0
500,337,533,78,0,0,0
500,337,1113,82,0,2,0
500,339,1090,84,0,0,0
500,340,1059,88,0,0,0
500,341,490,89,0,0,0
500,341,1043,90,0,0,1
500,341,1079,92,0,0,0
500,342,1042,95,0,0,1
500,343,1054,96,0,0,0
500,344,580,97,0,0,0
500,345,591,98,0,0,0
500,346,1101,100,0,0,0
500,348,624,102,0,0,0
500,348,1073,103,0,0,0
500,349,588,104,0,0,0
500,349,1103,105,0,2,1
500,349,1107,106,0,2,0
500,350,1068,107,0,0,0
500,350,1102,108,0,0,1
500,351,620,110,0,0,0
500,351,1060,112,0,0,0
500,351,1109,113,0,2,0
500,352,606,114,0,0,0
500,352,1047,115,0,0,0
500,352,1063,116,0,0,1
500,353,1062,118,0,0,1
500,353,1104,120,0,2,1
500,354,1019,121,0,0,0
500,354,1105,123,0,2,1
500,355,593,124,0,0,0
500,356,1017,127,0,0,0
500,358,614,128,0,0,0
500,358,1117,130,0,2,0
500,359,1055,131,0,0,0
500,361,1016,134,0,0,0
500,361,1023,135,0,0,1
500,362,1022,136,0,0,1
500,362,1043,137,0,0,0
500,362,1052,138,0,0,0
500,364,936,140,0,0,0
500,365,1052,141,0,0,0
500,367,1040,145,0,0,0
500,368,1006,148,0,0,0
500,371,940,153,0,0,0
500,371,1026,154,0,0,0
500,371,1046,155,0,0,0
500,374,990,156,0,0,0
500,375,987,157,0,0,0
500,376,1003,159,0,0,0
500,377,588,160,0,0,0
500,377,938,161,0,0,0
500,377,1013,162,0,0,0
500,378,956,163,0,0,0
500,379,586,164,0,0,0
500,379,935,166,0,0,0
500,379,967,167,0,0,0
500,379,1007,168,0,0,0
500,380,1025,171,0,0,0
500,381,959,172,0,0,0
500,384,938,174,0,0,0
500,385,956,175,0,0,0
500,387,951,177,0,0,0
500,387,1007,179,0,0,0
500,389,1044,182,0,0,0
500,391,599,185,0,0,0
500,392,971,186,0,0,0
500,392,1011,187,0,0,0
500,393,1046,188,0,0,0
500,394,1002,191,0,0,0
500,394,1051,193,0,0,0
500,395,947,195,0,0,0
500,395,964,196,0,0,0
500,395,1049,198,0,0,0
500,396,1047,201,0,0,0
500,397,600,203,0,0,0
500,398,608,207,0,0,0
500,398,717,208,0,0,0
500,398,724,209,0,0,0
500,399,382,210,0,0,0
500,399,729,212,0,0,0
500,399,1068,213,0,0,0
500,399,1080,214,0,0,0
500,400,604,216,0,0,0
500,400,940,217,0,0,0
500,401,710,218,0,0,0
500,401,720,219,0,0,0
500,401,1044,221,0,0,0
500,402,377,222,0,0,0
500,405,1064,225,0,0,0
500,406,1045,226,0,0,0
500,407,1068,229,0,0,0
500,410,968,232,0,0,0
500,410,1044,233,0,0,0
500,411,626,235,0,0,0
500,411,711,236,0,0,0
500,412,381,238,0,0,0
500,412,1070,242,0,0,0
500,413,918,243,0,0,0
500,413,926,245,0,0,0
500,413,1053,247,0,0,0
500,413,1056,248,0,0,0
500,413,1084,249,0,0,1
500,414,710,250,0,0,0
500,414,720,251,0,0,0
500,414,1080,253,0,0,0
500,414,1083,254,0,0,1
500,415,1054,255,0,0,0
500,415,1082,256,0,0,1
500,416,659,258,0,0,0
500,417,1063,260,0,0,0
500,419,619,262,0,0,0
500,420,624,264,0,0,0
500,421,641,266,0,0,0
500,421,915,268,0,0,0
500,423,1034,270,0,0,0
500,424,1031,273,0,0,0
500,425,391,276,0,0,0
500,426,378,277,0,0,0
500,427,420,280,0,0,0
500,427,763,283,0,0,0
500,428,901,287,0,0,0
500,429,377,289,0,0,0
500,429,905,290,0,0,0
500,429,914,291,0,0,0
500,430,918,292,0,0,0
500,431,631,293,0,0,0
500,431,916,294,0,0,0
500,432,349,295,0,0,0
500,432,411,296,0,0,0
500,432,639,297,0,0,0
500,432,669,298,0,0,0
500,432,914,299,0,0,0
500,433,904,302,0,0,0
500,433,926,303,0,0,0
500,434,416,305,0,0,0
500,434,765,306,0,0,0
500,434,902,307,0,0,0
500,436,682,309,0,0,0
500,437,464,311,0,0,0
500,437,908,312,0,0,0
500,438,678,314,0,0,0
500,438,693,315,0,0,0
500,439,658,316,0,0,0
500,442,362,320,0,0,0
500,442,409,321,0,0,0
500,442,424,322,0,0,0
500,442,433,323,0,0,0
500,443,437,325,0,0,0
500,444,964,328,0,0,0
500,445,418,330,0,0,0
500,445,572,331,0,0,0
500,445,577,332,0,0,0
500,446,404,336,0,0,0
500,446,469,337,0,0,0
500,447,901,339,0,0,0
500,448,310,340,0,0,0
500,449,405,342,0,0,0
500,449,454,343,0,0,0
500,449,674,345,0,0,0
500,450,449,346,0,0,0
500,450,798,348,0,0,0
500,452,472,352,0,0,0
500,453,238,354,0,0,0
500,454,779,357,0,0,0
500,454,952,358,0,0,0
500,455,592,360,0,0,0
500,456,270,363,0,0,0
500,456,482,364,0,0,0
500,457,249,366,0,0,0
500,458,198,367,0,2,0
500,458,252,369,0,0,0
500,459,236,371,0,0,0
500,459,260,373,0,0,0
500,459,469,374,0,0,0
500,459,793,375,0,0,0
500,461,596,378,0,0,0
500,462,450,379,0,0,0
500,462,472,380,0,0,0
500,463,222,383,0,0,0
500,463,601,384,0,0,0
500,463,606,385,0,0,0
500,464,187,386,0,2,1
500,464,239,387,0,0,0
500,464,257,388,0,0,0
500,464,787,389,0,0,0
500,465,186,391,0,2,1
500,466,226,393,0,0,0
500,466,245,394,0,0,0
500,467,224,396,0,0,0
500,467,276,397,0,0,0
500,468,247,400,0,0,0
500,468,252,401,0,0,0
500,468,458,402,0,0,0
500,468,578,403,0,0,0
500,468,610,404,0,0,0
500,468,627,405,0,0,0
500,468,683,406,0,0,0
500,469,890,408,0,0,0
500,470,260,409,0,0,0
500,471,256,411,0,0,0
500,471,566,412,0,0,0
500,472,218,413,0,2,1
500,472,577,414,0,0,0
500,473,212,416,0,2,0
500,473,217,417,0,2,1
500,473,696,420,0,0,0
500,474,185,421,0,2,1
500,474,245,422,0,0,0
500,474,253,423,0,0,0
500,474,593,425,0,0,0
500,474,742,426,0,0,0
500,475,184,428,0,2,1
500,475,210,429,0,2,0
500,475,270,430,0,0,0
500,475,284,431,0,0,0
500,476,179,434,0,2,0
500,476,220,435,0,2,0
500,476,890,437,0,0,0
500,478,243,440,0,0,0
500,479,227,441,0,2,0
500,479,264,442,0,0,0
500,479,297,443,0,0,0
500,479,331,444,0,0,0
500,480,189,446,0,2,0
500,480,204,447,0,2,0
500,480,584,448,0,0,0
500,480,611,449,0,0,0
500,481,772,452,0,0,0
500,481,783,453,0,0,0
500,482,191,454,0,2,0
500,482,332,456,0,0,0
500,483,172,457,0,2,0
500,483,251,459,0,0,0
500,483,755,460,0,0,0
500,484,193,462,0,2,0
500,484,605,464,0,0,0
500,485,476,466,0,0,0
500,485,586,467,0,0,0
500,485,905,468,0,0,0
500,486,310,471,0,0,0
500,486,641,472,0,0,0
500,486,708,473,0,0,0
500,488,338,474,0,0,0
500,488,797,475,0,0,0
500,488,934,478,0,0,0
500,489,251,480,0,0,0
500,489,312,481,0,0,0
500,489,583,482,0,0,0
500,489,1110,484,0,0,0
500,490,243,485,0,0,0
500,490,260,486,0,0,0
500,490,594,488,0,0,0
500,491,936,490,0,0,0
500,492,764,492,0,0,0
500,493,240,493,0,0,0
500,493,268,494,0,0,0
500,493,680,495,0,0,0
500,493,742,496,0,0,0
500,494,193,499,0,2,0
500,494,586,500,0,0,0
500,494,784,502,0,0,0
500,494,810,503,0,0,0
500,495,302,504,0,0,0
500,495,787,506,0,0,0
500,495,1137,507,0,0,0
500,496,194,509,0,2,0
500,496,269,510,0,0,0
500,496,322,511,0,0,0
500,496,605,512,0,0,0
500,496,643,513,0,0,0
500,496,752,514,0,0,0
500,497,299,516,0,0,0
500,497,943,518,0,0,0
500,498,195,519,0,2,0
500,498,232,520,0,0,0
500,498,259,521,0,0,0
500,498,301,522,0,0,0
500,498,1132,523,0,0,0
500,499,246,524,0,0,0
500,499,265,525,0,0,0
500,499,755,526,0,0,0
500,500,283,527,0,0,0
500,500,483,528,0,0,0
500,500,652,530,0,0,0
500,500,658,531,0,0,0
500,501,625,535,0,0,0
500,501,871,537,0,0,0
500,502,694,538,0,0,0
500,502,756,539,0,0,0
500,503,495,541,0,0,0
500,503,780,542,0,0,0
500,503,792,543,0,0,0
500,503,917,545,0,0,0
500,505,185,548,0,2,0
500,505,481,549,0,0,0
500,505,778,550,0,0,0
500,506,361,551,0,0,0
500,506,611,552,0,0,0
500,506,665,553,0,0,0
500,506,759,554,0,0,0
500,506,1129,555,0,0,0
500,507,280,556,0,0,0
500,507,628,557,0,0,0
500,507,791,559,0,0,0
500,508,228,563,0,2,0
500,509,265,565,0,0,0
500,509,346,567,0,0,0
500,509,472,568,0,0,0
500,509,867,569,0,0,0
500,509,1017,570,0,0,0
500,510,205,572,0,2,1
500,510,912,573,0,0,0
500,511,204,574,0,2,1
500,511,259,575,0,0,0
500,511,626,576,0,0,0
500,512,483,577,0,0,0
500,512,821,578,0,0,0
500,513,363,580,0,0,0
500,513,953,581,0,0,0
500,514,298,583,0,0,0
500,514,813,584,0,0,0
500,514,1110,586,0,0,0
500,514,1138,587,0,0,0
500,515,776,589,0,0,0
500,516,210,590,0,2,0
500,516,501,593,0,0,0
500,517,476,594,0,0,0
500,517,947,595,0,0,0
500,517,1119,596,0,0,0
500,517,1134,597,0,0,0
500,518,678,598,0,0,0
500,518,1103,599,0,0,0
500,519,213,600,0,2,0
500,519,1138,601,0,0,0
500,520,681,602,0,0,0
500,521,341,603,0,0,0
500,522,385,605,0,0,0
500,522,499,606,0,0,0
500,522,691,608,0,0,0
500,523,208,609,0,2,0
500,524,218,611,0,2,1
500,524,305,612,0,0,0
500,525,217,614,0,2,1
500,525,837,615,0,0,0
500,525,846,616,0,0,0
500,525,1330,617,0,2,0
500,526,472,618,0,0,0
500,526,881,619,0,0,0
500,526,898,620,0,0,0
500,526,1328,621,0,2,1
500,527,289,624,0,0,0
500,527,1327,627,0,2,1
500,528,283,628,0,0,0
500,528,343,629,0,0,0
500,528,385,630,0,0,0
500,529,894,633,0,0,0
500,529,919,634,0,0,0
500,530,831,636,0,0,0
500,531,210,637,0,2,0
500,531,340,638,0,0,0
500,531,394,639,0,0,0
500,531,807,641,0,0,0
500,531,903,642,0,0,0
500,532,1076,647,0,0,0
500,533,506,649,0,0,0
500,533,568,650,0,0,0
500,533,610,651,0,0,0
500,533,760,652,0,0,0
500,533,833,653,0,0,0
500,534,277,655,0,0,0
500,534,352,656,0,0,0
500,534,456,658,0,0,0
500,534,894,659,0,0,0
500,535,417,662,0,0,0
500,535,510,663,0,0,0
500,535,638,664,0,0,0
500,535,644,665,0,0,0
500,535,716,666,0,0,0
500,536,283,668,0,0,0
500,536,341,669,0,0,0
500,536,448,670,0,0,0
500,536,704,671,0,0,0
500,536,799,672,0,0,0
500,537,287,673,0,0,0
500,537,421,675,0,0,0
500,537,724,677,0,0,0
500,537,1004,679,0,0,0
500,537,1050,680,0,0,0
500,538,285,681,0,0,0
500,538,779,682,0,0,0
500,538,973,684,0,0,0
500,538,1270,685,0,2,0
500,539,416,687,0,0,0
500,539,948,688,0,0,0
500,539,1052,690,0,0,0
500,540,890,694,0,0,0
500,540,1072,696,0,0,0
500,540,1301,697,0,2,0
500,542,413,700,0,0,0
500,542,440,701,0,0,0
500,542,731,704,0,0,0
500,542,1083,705,0,0,0
500,543,346,706,0,0,0
500,543,474,707,0,0,0
500,543,536,708,0,0,0
500,543,851,709,0,0,0
500,543,1052,710,0,0,0
500,544,283,712,0,0,0
500,544,471,715,0,0,0
500,544,604,716,0,0,0
500,544,637,717,0,0,0
500,544,848,719,0,0,0
500,544,943,720,0,0,0
500,544,1273,721,0,2,0
500,544,1305,722,0,2,0
500,545,743,725,0,0,0
500,545,1047,726,0,0,0
500,545,1057,727,0,0,0
500,546,462,728,0,0,0
500,547,383,731,0,0,0
500,547,391,732,0,0,0
500,548,285,734,0,0,0
500,548,468,735,0,0,0
500,548,943,736,0,0,0
500,548,1018,737,0,0,0
500,549,444,741,0,0,0
500,549,451,742,0,0,0
500,549,560,743,0,0,0
500,549,870,744,0,0,0
500,549,1059,745,0,0,0
500,550,291,746,0,0,0
500,550,404,747,0,0,0
500,550,474,748,0,0,0
500,550,634,749,0,0,0
500,550,923,750,0,0,0
500,550,1004,751,0,0,0
500,551,1020,754,0,0,0
500,551,1068,755,0,0,0
500,552,546,757,0,0,0
500,552,575,758,0,0,0
500,553,385,759,0,0,0
500,554,446,761,0,0,0
500,554,510,762,0,0,0
500,554,634,763,0,0,0
500,554,874,764,0,0,0
500,554,940,765,0,0,0
500,555,396,766,0,0,0
500,555,589,767,0,0,0
500,556,788,769,0,0,0
500,556,1277,770,0,0,0
500,557,379,771,0,0,0
500,557,909,772,0,0,0
500,557,934,773,0,0,0
500,558,996,775,0,0,0
500,559,482,777,0,0,1
500,560,483,778,0,0,1
500,560,489,779,0,0,0
500,561,543,781,0,0,0
500,562,481,782,0,0,0
500,562,1018,784,0,0,0
500,562,1287,786,0,2,0
500,563,450,789,0,0,0
500,563,980,790,0,0,0
500,564,637,792,0,0,0
500,564,1244,796,0,0,0
500,565,1021,797,0,0,0
500,566,594,799,0,0,0
500,566,903,802,0,0,0
500,566,1004,803,0,0,0
500,567,365,804,0,0,0
500,567,841,806,0,0,0
500,567,1279,809,0,2,1
500,568,443,810,0,0,0
500,568,503,811,0,0,0
500,568,690,812,0,0,0
500,568,1280,815,0,2,1
500,569,455,816,0,0,0
500,569,603,817,0,0,0
500,570,641,819,0,0,0
500,570,1266,820,0,0,0
500,570,1281,821,0,2,0
500,571,458,822,0,0,0
500,571,696,823,0,0,0
500,571,892,824,0,0,0
500,573,1252,826,0,0,1
500,573,1253,827,0,0,1
500,573,1269,828,0,0,0
500,574,770,831,0,0,0
500,574,911,832,0,0,0
500,574,1267,833,0,0,0
500,575,608,836,0,0,0
500,575,785,837,0,0,0
500,575,860,838,0,0,0
500,575,962,839,0,0,0
500,576,648,841,0,0,0
500,577,480,843,0,0,0
500,577,864,845,0,0,0
500,578,1286,847,0,2,0
500,579,697,849,0,0,0
500,580,651,853,0,0,0
500,580,994,855,0,0,0
500,581,613,856,0,0,0
500,581,681,857,0,0,0
500,581,963,858,0,0,0
500,581,1074,859,0,0,0
500,581,1248,861,0,0,0
500,582,804,863,0,0,0
500,583,488,865,0,0,0
500,583,789,867,0,0,0
500,583,969,869,0,0,0
500,584,517,872,0,0,1
500,584,522,873,0,0,0
500,584,619,874,0,0,0
500,584,994,876,0,0,0
500,584,1083,877,0,0,0
500,584,1249,878,0,0,0
500,585,300,879,0,0,0
500,585,516,880,0,0,1
500,585,657,882,0,0,0
500,586,458,885,0,0,0
500,586,481,886,0,0,0
500,586,492,887,0,0,0
500,586,504,888,0,0,0
500,586,641,889,0,0,0
500,586,688,890,0,0,0
500,588,639,893,0,0,0
500,589,625,897,0,0,0
500,589,687,898,0,0,0
500,589,691,899,0,0,0
500,590,663,904,0,0,0
500,590,957,905,0,0,0
500,590,1279,907,0,0,0
500,591,626,909,0,0,0
500,591,1066,911,0,0,0
500,591,1319,912,0,2,0
500,592,532,913,0,0,0
500,592,669,914,0,0,0
500,592,821,915,0,0,0
500,593,1270,919,0,0,0
500,593,1282,920,0,0,0
500,594,694,924,0,0,0
500,594,1054,926,0,0,0
500,595,545,927,0,0,0
500,595,1315,932,0,2,0
500,596,406,933,0,0,0
500,596,1265,935,0,0,1
500,596,1311,936,0,2,0
500,597,779,937,0,0,0
500,597,898,938,0,0,0
500,597,939,939,0,0,0
500,597,1189,940,0,0,0
500,597,1256,942,0,0,0
500,597,1266,943,0,0,1
500,598,527,945,0,0,0
500,598,680,946,0,0,0
500,598,823,947,0,0,0
500,598,1209,951,0,0,0
500,599,411,952,0,0,0
500,599,572,953,0,0,0
500,599,1267,957,0,0,1
500,600,591,958,0,0,0
500,600,942,959,0,0,0
500,600,1059,960,0,0,0
500,600,1210,961,0,0,0
500,600,1258,962,0,0,0
500,600,1267,963,0,0,1
500,600,1274,964,0,0,0
500,601,786,966,0,0,0
500,601,1207,969,0,0,0
500,602,581,971,0,0,0
500,602,873,972,0,0,0
500,603,500,973,0,0,0
500,604,496,975,0,0,0
500,604,602,976,0,0,0
500,604,822,977,0,0,0
500,604,854,978,0,0,0
500,604,884,979,0,0,0
500,604,941,980,0,0,0
500,604,1202,981,0,0,0
500,604,1214,982,0,0,0
500,604,1268,983,0,0,0
500,605,866,985,0,0,0
500,605,1062,986,0,0,0
500,606,1264,990,0,0,0
500,607,1118,991,0,0,0
500,607,1255,993,0,0,0
500,608,827,994,0,0,0
500,608,836,995,0,0,0
500,608,1187,997,0,0,0
500,609,946,1002,0,0,0
500,609,1289,1003,0,2,0
500,610,534,1005,0,0,0
500,610,547,1006,0,0,0
500,610,611,1008,0,0,0
500,610,647,1009,0,0,0
500,610,1076,1010,0,0,0
500,610,1181,1011,0,0,0
500,610,1190,1012,0,0,0
500,610,1293,1013,0,2,0
500,611,682,1014,0,0,0
500,611,690,1015,0,0,0
500,611,741,1016,0,1,0
500,611,803,1017,0,0,0
500,611,919,1018,0,0,0
500,611,979,1019,0,0,0
500,611,1022,1020,0,0,0
500,611,1194,1023,0,0,0
500,612,638,1024,0,0,0
500,612,1070,1025,0,0,0
500,612,1258,1026,0,0,0
500,612,1286,1027,0,2,0
500,613,269,1029,0,0,0
500,613,970,1031,0,0,0
500,613,1012,1032,0,0,0
500,613,1088,1034,0,0,0
500,613,1119,1035,0,0,0
500,613,1134,1036,0,0,0
500,613,1256,1037,0,0,0
500,614,626,1038,0,0,0
500,614,654,1039,0,0,0
500,614,1059,1040,0,0,0
500,615,691,1043,0,0,0
500,615,837,1044,0,0,0
500,615,1128,1045,0,0,0
500,615,1133,1046,0,0,0
500,615,1253,1047,0,0,0
500,615,1274,1048,0,2,0
500,616,281,1049,0,0,0
500,616,543,1050,0,0,0
500,616,784,1051,0,1,0
500,616,1044,1052,0,0,0
500,616,1227,1053,0,0,0
500,616,1270,1054,0,2,0
500,617,433,1055,0,0,0
500,617,931,1056,0,0,0
500,617,1036,1057,0,0,0
500,617,1212,1058,0,0,0
500,617,1298,1059,0,2,0
500,618,827,1062,0,0,0
500,618,941,1064,0,0,0
500,618,1042,1066,0,0,0
500,618,1071,1067,0,0,0
500,618,1176,1068,0,0,0
500,618,1256,1069,0,0,0
500,619,1089,1072,0,0,0
500,620,312,1075,0,0,0
500,620,898,1078,0,0,0
500,620,925,1079,0,0,0
500,620,1006,1080,0,0,0
500,620,1065,1081,0,0,0
500,620,1096,1082,0,0,0
500,620,1099,1083,0,0,0
500,620,1196,1084,0,0,0
500,622,883,1089,0,0,0
500,622,975,1090,0,0,0
500,622,977,1091,0,0,0
500,622,1079,1092,0,0,0
500,622,1192,1093,0,0,0
500,622,1266,1095,0,0,1
500,622,1306,1096,0,2,0
500,623,696,1098,0,1,0
500,623,797,1099,0,1,0
500,623,1085,1104,0,0,0
500,623,1206,1105,0,0,0
500,623,1265,1107,0,0,1
500,624,1204,1108,0,0,0
500,624,1226,1109,0,0,0
500,624,1273,1110,0,2,0
500,624,1304,1111,0,2,0
500,625,921,1112,0,0,0
500,625,1007,1114,0,0,0
500,625,1217,1116,0,0,1
500,626,448,1118,0,0,0
500,626,949,1121,0,0,0
500,626,1218,1123,0,0,1
500,626,1308,1124,0,2,0
500,627,346,1125,0,0,0
500,627,878,1127,0,0,0
500,627,1040,1128,0,0,0
500,627,1301,1129,0,2,0
500,628,198,1130,0,2,0
500,628,1035,1131,0,0,0
500,628,1088,1132,0,0,0
500,629,226,1135,0,0,1
500,629,1128,1137,0,0,0
500,629,1198,1138,0,0,0
500,629,1204,1139,0,0,0
500,630,227,1140,0,0,1
500,630,1287,1142,0,2,0
500,631,821,1146,0,1,0
500,631,1127,1148,0,0,0
500,631,1264,1149,0,0,0
500,632,348,1151,0,0,0
500,633,545,1155,0,0,0
500,634,479,1157,0,0,0
500,634,1283,1159,0,2,0
500,634,1285,1160,0,2,0
500,635,207,1161,0,2,0
500,635,357,1162,0,0,0
500,635,463,1163,0,0,0
500,635,513,1164,0,0,0
500,635,920,1165,0,0,0
500,635,1095,1166,0,0,0
500,635,1197,1167,0,0,0
500,635,1312,1170,0,2,0
500,636,205,1171,0,2,0
500,636,209,1172,0,2,0
500,636,329,1173,0,0,0
500,636,1002,1175,0,0,0
500,636,1029,1176,0,0,0
500,636,1209,1177,0,0,0
500,637,557,1179,0,0,0
500,637,1261,1181,0,0,0
500,638,345,1183,0,0,0
500,638,1223,1187,0,0,0
500,638,1228,1188,0,0,0
500,640,469,1192,0,0,0
500,640,1212,1195,0,0,0
500,640,1264,1196,0,0,0
500,641,304,1197,0,0,0
500,641,310,1198,0,0,0
500,641,330,1199,0,0,0
500,641,1023,1200,0,0,0
500,641,1220,1201,0,0,0
500,641,1235,1202,0,0,0
500,642,989,1203,0,0,0
500,642,1128,1204,0,0,0
500,643,250,1206,0,0,0
500,643,953,1208,0,0,0
500,644,199,1209,0,2,0
500,644,231,1210,0,0,0
500,644,240,1211,0,0,0
500,644,484,1212,0,0,0
500,644,1131,1213,0,0,1
500,644,1244,1214,0,0,0
500,645,470,1215,0,0,0
500,645,1121,1216,0,0,0
500,645,1130,1217,0,0,1
500,646,229,1218,0,0,0
500,646,529,1219,0,0,0
500,646,1116,1220,0,0,0
500,646,1250,1221,0,0,0
500,647,187,1223,0,2,0
500,647,239,1224,0,0,0
500,647,354,1225,0,0,0
500,647,487,1226,0,0,0
500,647,1110,1227,0,0,0
500,647,1247,1228,0,0,0
500,648,914,1230,0,0,0
500,648,1257,1232,0,0,0
500,649,528,1233,0,0,0
500,649,645,1234,0,0,0
500,649,1230,1236,0,0,0
500,649,1246,1237,0,0,0
500,649,1271,1238,0,0,0
500,649,1278,1239,0,0,0
500,649,1284,1240,0,0,0
500,650,266,1241,0,0,0
500,650,355,1242,0,0,0
500,650,1034,1243,0,0,0
500,650,1267,1245,0,0,0
500,651,346,1246,0,0,0
500,651,1270,1247,0,0,0
500,652,920,1250,0,0,0
500,652,1259,1251,0,0,0
500,652,1276,1252,0,0,0
500,653,1141,1255,0,0,0
500,654,276,1256,0,0,0
500,654,946,1258,0,0,0
500,654,1039,1259,0,0,0
500,654,1052,1260,0,0,0
500,654,1143,1261,0,0,0
500,654,1146,1262,0,0,0
500,655,204,1263,0,2,0
500,655,1016,1264,0,0,0
500,655,1031,1266,0,0,0
500,656,337,1270,0,0,0
500,656,505,1271,0,0,0
500,657,1045,1275,0,0,0
500,657,1141,1276,0,0,0
500,658,286,1279,0,0,0
500,658,334,1280,0,0,0
500,658,979,1281,0,0,0
500,658,1002,1282,0,0,0
500,658,1033,1283,0,0,0
500,658,1222,1284,0,0,0
500,658,1242,1285,0,0,0
500,658,1261,1286,0,0,0
500,659,276,1287,0,0,0
500,660,372,1290,0,0,0
500,661,279,1292,0,0,0
500,661,290,1293,0,0,0
500,661,983,1295,0,0,0
500,661,1069,1296,0,0,0
500,662,517,1297,0,0,0
500,663,446,1301,0,0,0
500,663,947,1302,0,0,0
500,663,966,1303,0,0,0
500,663,1060,1304,0,0,0
500,663,1138,1306,0,0,0
500,663,1222,1307,0,0,0
500,664,200,1308,0,2,0
500,664,370,1309,0,0,0
500,664,853,1311,0,0,0
500,664,894,1312,0,0,0
500,664,1275,1313,0,0,0
500,665,197,1315,0,2,0
500,665,1019,1317,0,0,0
500,665,1141,1318,0,0,0
500,666,457,1322,0,0,0
500,666,1136,1325,0,0,0
500,666,1218,1327,0,0,0
500,666,1274,1328,0,0,0
500,667,286,1329,0,0,0
500,667,385,1330,0,0,0
500,667,1256,1332,0,0,1
500,667,1257,1333,0,0,1
500,668,1141,1335,0,0,0
500,668,1225,1336,0,0,0
500,668,1271,1337,0,0,0
500,669,250,1338,0,0,0
500,669,260,1339,0,0,0
500,669,1210,1340,0,0,0
500,669,1216,1341,0,0,0
500,670,192,1342,0,0,0
500,670,255,1343,0,0,0
500,670,365,1344,0,0,0
500,670,1054,1346,0,0,0
500,671,384,1350,0,0,0
500,671,891,1351,0,0,0
500,671,942,1352,0,0,0
500,671,1261,1354,0,0,0
500,672,1208,1360,0,0,0
500,673,1229,1362,0,0,0
500,674,240,1364,0,0,0
500,674,245,1365,0,0,0
500,674,269,1366,0,0,0
500,674,924,1368,0,0,0
500,674,1236,1370,0,0,0
500,674,1266,1372,0,0,0
500,675,415,1374,0,0,0
500,675,849,1375,0,1,0
500,675,887,1376,0,0,0
500,675,898,1377,0,0,0
500,675,1229,1378,0,0,0
500,676,524,1381,0,0,0
500,676,926,1382,0,0,0
500,676,1017,1383,0,0,0
500,676,1153,1384,0,0,0
500,677,879,1388,0,0,0
500,677,907,1389,0,0,0
500,677,935,1390,0,0,0
500,679,269,1395,0,0,0
500,679,413,1397,0,0,0
500,679,1052,1399,0,0,0
500,681,186,1401,0,0,0
500,681,1215,1402,0,0,0
500,681,1225,1404,0,0,0
500,681,1245,1405,0,0,0
500,682,1049,1408,0,0,0
500,682,1234,1409,0,0,0
500,683,935,1413,0,0,0
500,684,1152,1416,0,0,0
500,685,1252,1421,0,0,0
500,686,460,1422,0,0,0
500,686,859,1423,0,1,0
500,686,865,1424,0,0,0
500,688,232,1428,0,0,0
500,688,1055,1429,0,0,0
500,689,542,1431,0,0,0
500,689,1045,1432,0,0,0
500,690,187,1434,0,0,0
500,690,217,1435,0,0,0
500,690,1030,1437,0,0,0
500,691,1156,1438,0,0,0
500,691,1210,1439,0,0,0
500,692,862,1440,0,1,0
500,693,1158,1444,0,0,0
500,693,1188,1445,0,0,0
500,693,1254,1448,0,0,0
500,694,222,1449,0,0,0
500,694,862,1450,0,1,0
500,694,1162,1451,0,0,0
500,694,1230,1452,0,0,0
500,695,183,1455,0,0,0
500,695,1038,1457,0,0,0
500,696,468,1458,0,0,0
500,697,216,1462,0,0,0
500,697,917,1464,0,0,0
500,697,924,1465,0,0,0
500,698,220,1467,0,0,0
500,698,935,1469,0,0,0
500,699,470,1473,0,0,0
500,699,933,1474,0,0,0
500,700,947,1477,0,0,0
500,700,1164,1478,0,0,0
500,701,992,1479,0,0,0
500,702,899,1481,0,0,0
500,703,182,1483,0,0,0
500,703,194,1484,0,0,0
500,703,965,1485,0,0,0
500,703,990,1486,0,0,0
500,705,492,1488,0,0,0
500,705,535,1489,0,0,0
500,705,987,1490,0,0,0
500,706,185,1491,0,0,0
500,706,478,1493,0,0,0
500,706,962,1494,0,0,0
500,706,1173,1495,0,0,0
500,707,530,1497,0,0,0
500,707,891,1498,0,0,0
500,707,991,1499,0,0,0
500,708,544,1500,0,0,0
500,708,869,1501,0,1,0
500,708,874,1502,0,0,0
500,709,878,1503,0,0,0
500,710,1184,1504,0,0,0
500,711,473,1505,0,0,0
500,711,503,1506,0,0,0
500,714,1030,1509,0,0,0
500,715,605,1512,0,0,0
500,715,869,1513,0,1,0
500,715,1179,1514,0,0,0
500,716,390,1515,0,0,0
500,717,606,1519,0,0,0
500,717,900,1520,0,0,0
500,718,422,1522,0,0,0
500,718,905,1524,0,0,0
500,718,916,1525,0,0,0
500,719,473,1526,0,0,0
500,722,471,1531,0,0,0
500,722,606,1533,0,0,0
500,722,609,1534,0,1,0
500,722,976,1535,0,0,0
500,723,475,1536,0,0,0
500,723,895,1538,0,0,0
500,724,910,1541,0,0,0
500,724,1177,1542,0,0,0
500,725,409,1543,0,0,0
500,725,1019,1544,0,0,0
500,726,564,1545,0,0,0
500,726,1186,1546,0,0,0
500,728,567,1548,0,0,0
500,728,571,1549,0,0,0
500,728,609,1550,0,0,1
500,729,608,1551,0,0,1
500,730,442,1553,0,0,0
500,730,457,1554,0,0,0
500,730,917,1556,0,0,0
500,731,607,1557,0,0,0
500,731,1172,1558,0,0,0
500,732,939,1559,0,0,0
500,732,1016,1560,0,0,0
500,733,457,1562,0,0,0
500,733,1169,1564,0,0,0
500,734,410,1566,0,0,0
500,734,482,1567,0,0,0
500,735,309,1571,0,0,0
500,735,609,1574,0,1,0
500,735,925,1576,0,0,0
500,736,927,1578,0,0,0
500,737,196,1579,0,0,0
500,737,481,1581,0,0,0
500,738,589,1583,0,0,0
500,738,907,1584,0,0,0
500,738,1169,1585,0,0,0
500,740,318,1588,0,0,0
500,740,325,1589,0,0,0
500,740,406,1590,0,0,0
500,740,972,1592,0,0,0
500,740,1173,1594,0,0,0
500,741,207,1595,0,0,0
500,741,465,1597,0,0,0
500,741,996,1599,0,0,0
500,742,228,1600,0,0,0
500,742,314,1602,0,0,0
500,742,354,1603,0,0,0
500,743,328,1606,0,0,0
500,743,606,1607,0,0,0
500,744,394,1609,0,0,0
500,744,906,1610,0,0,0
500,745,1043,1614,0,0,0
500,746,262,1616,0,0,0
500,746,489,1617,0,0,0
500,746,1190,1618,0,0,0
500,747,462,1619,0,0,0
500,747,560,1620,0,0,0
500,747,1019,1621,0,0,0
500,747,1054,1622,0,0,0
500,748,453,1625,0,0,0
500,748,502,1626,0,0,0
500,748,892,1628,0,0,0
500,748,997,1629,0,0,0
500,748,1046,1630,0,0,0
500,749,389,1631,0,0,0
500,749,587,1632,0,0,0
500,749,919,1633,0,0,0
500,749,1023,1634,0,0,0
500,750,217,1635,0,0,0
500,750,916,1636,0,0,0
500,751,536,1638,0,0,0
500,751,602,1639,0,0,0
500,751,888,1640,0,0,0
500,751,1058,1641,0,0,0
500,752,379,1642,0,0,0
500,752,581,1643,0,0,0
500,752,869,1644,0,1,0
500,752,991,1645,0,0,0
500,752,1178,1648,0,0,0
500,752,1185,1649,0,0,0
500,753,428,1651,0,0,0
500,753,446,1652,0,0,0
500,753,477,1653,0,0,1
500,753,606,1654,0,0,0
500,754,478,1656,0,0,1
500,754,1197,1657,0,0,0
500,755,310,1658,0,0,0
500,755,366,1659,0,0,0
500,755,580,1660,0,0,0
500,755,596,1661,0,0,0
500,755,607,1662,0,0,0
500,756,266,1663,0,0,0
500,756,552,1664,0,0,0
500,757,221,1665,0,0,0
500,757,560,1667,0,0,0
500,758,554,1670,0,0,0
500,758,570,1671,0,0,0
500,759,219,1673,0,0,0
500,759,222,1674,0,0,0
500,759,428,1675,0,0,0
500,760,994,1677,0,0,0
500,760,1060,1678,0,0,0
500,761,214,1679,0,0,0
500,761,305,1680,0,0,0
500,761,314,1681,0,0,0
500,761,556,1682,0,0,1
500,761,601,1684,0,0,0
500,761,1166,1685,0,0,0
500,763,425,1690,0,0,0
500,763,1195,1691,0,0,0
500,765,315,1693,0,0,0
500,766,551,1695,0,0,0
500,766,865,1696,0,0,0
500,766,893,1697,0,0,0
500,766,937,1698,0,0,0
500,767,309,1699,0,0,0
500,768,318,1701,0,0,0
500,768,445,1702,0,0,0
500,768,529,1703,0,0,0
500,768,546,1704,0,0,0
500,768,1095,1705,0,0,0
500,769,354,1707,0,0,0
500,769,419,1709,0,0,0
500,769,880,1711,0,0,0
500,769,948,1713,0,0,0
500,769,1005,1714,0,0,0
500,769,1018,1715,0,0,0
500,769,1040,1716,0,0,0
500,769,1084,1717,0,0,0
500,770,862,1720,0,1,0
500,770,970,1721,0,0,0
500,770,1209,1723,0,0,0
500,771,339,1724,0,0,0
500,771,346,1725,0,0,0
500,771,485,1727,0,0,0
500,771,930,1729,0,0,0
500,771,1197,1731,0,0,0
500,772,922,1735,0,0,0
500,773,385,1737,0,0,0
500,773,903,1739,0,0,0
500,773,1070,1740,0,0,0
500,774,971,1743,0,0,0
500,775,233,1745,0,0,0
500,775,347,1746,0,0,0
500,775,355,1747,0,0,0
500,775,918,1748,0,0,0
500,776,338,1749,0,0,0
500,777,244,1751,0,0,0
500,777,415,1752,0,0,0
500,777,913,1754,0,0,0
500,777,1035,1756,0,0,0
500,778,298,1757,0,0,0
500,778,378,1758,0,0,0
500,778,409,1759,0,0,0
500,778,459,1760,0,0,0
500,778,611,1761,0,1,0
500,779,332,1764,0,0,0
500,779,450,1765,0,0,0
500,779,1169,1767,0,0,0
500,780,233,1768,0,0,0
500,780,247,1769,0,0,0
500,780,325,1770,0,0,0
500,780,610,1772,0,0,0
500,780,1193,1775,0,0,0
500,781,464,1776,0,0,0
500,781,539,1778,0,0,0
500,781,599,1780,0,0,0
500,781,1188,1782,0,0,0
500,782,205,1784,0,0,0
500,782,362,1785,0,0,0
500,782,382,1786,0,0,0
500,782,612,1787,0,0,0
500,782,614,1788,0,1,0
500,784,201,1791,0,0,0
500,784,244,1792,0,0,0
500,784,317,1793,0,0,0
500,785,314,1797,0,0,0
500,785,593,1798,0,0,0
500,785,1161,1799,0,0,0
500,785,1183,1800,0,0,0
500,786,193,1801,0,0,0
500,787,182,1804,0,0,0
500,787,210,1805,0,0,0
500,787,855,1807,0,0,0
500,788,280,1808,0,0,0
500,788,1046,1809,0,0,0
500,789,198,1810,0,0,0
500,789,286,1811,0,0,0
500,789,589,1812,0,0,0
500,790,270,1813,0,0,0
500,790,410,1814,0,0,0
500,790,419,1815,0,0,0
500,790,540,1816,0,0,0
500,791,178,1817,0,0,0
500,791,589,1818,0,0,0
500,792,276,1822,0,0,0
500,792,388,1824,0,0,0
500,792,438,1825,0,0,0
500,792,564,1826,0,0,0
500,794,360,1828,0,0,0
500,794,572,1829,0,0,0
500,794,1049,1830,0,0,0
500,795,170,1831,0,0,0
500,795,251,1832,0,0,0
500,796,398,1835,0,0,0
500,796,452,1836,0,0,0
500,796,609,1837,0,0,0
500,797,356,1840,0,0,0
500,797,377,1841,0,0,0
500,797,381,1842,0,0,0
500,797,531,1844,0,0,0
500,797,620,1845,0,1,0
500,798,576,1847,0,0,0
500,798,601,1848,0,0,0
500,798,906,1849,0,0,0
500,798,1047,1851,0,0,0
500,798,1053,1852,0,0,0
500,799,893,1853,0,0,0
500,800,510,1856,0,0,0
500,800,1056,1858,0,0,0
500,800,1067,1859,0,0,0
500,801,240,1860,0,0,0
500,801,393,1861,0,0,0
500,801,520,1862,0,0,0
500,801,613,1863,0,0,0
500,801,896,1864,0,0,0
500,801,1165,1868,0,0,0
500,802,384,1870,0,0,0
500,802,457,1871,0,0,0
500,802,574,1872,0,0,0
500,803,868,1874,0,0,0
500,803,911,1875,0,0,0
500,803,1042,1876,0,0,0
500,803,1161,1877,0,0,0
500,804,153,1878,0,0,0
500,804,505,1879,0,0,0
500,804,1151,1880,0,0,0
500,805,246,1881,0,0,0
500,805,251,1882,0,0,0
500,805,872,1883,0,0,0
500,806,482,1885,0,0,0
500,807,377,1890,0,0,0
500,807,470,1891,0,0,0
500,807,567,1892,0,0,0
500,807,921,1893,0,0,0
500,808,1083,1894,0,0,0
500,808,1111,1895,0,0,0
500,809,1039,1900,0,0,0
500,809,1105,1901,0,0,0
500,809,1117,1902,0,0,0
500,811,365,1905,0,0,0
500,811,964,1906,0,0,0
500,811,1145,1907,0,0,0
500,812,361,1909,0,0,0
500,812,611,1910,0,0,0
500,813,354,1912,0,0,0
500,813,557,1913,0,0,0
500,814,632,1914,0,0,0
500,814,952,1915,0,0,0
500,814,1031,1916,0,0,0
500,814,1093,1917,0,0,0
500,814,1124,1918,0,0,0
500,814,1159,1919,0,0,0
500,815,836,1921,0,1,0
500,815,858,1922,0,0,0
500,815,1043,1923,0,0,0
500,816,216,1926,0,0,0
500,816,347,1927,0,0,1
500,816,362,1928,0,0,0
500,816,573,1929,0,0,0
500,816,853,1930,0,0,0
500,816,986,1931,0,0,0
500,816,1157,1933,0,0,0
500,817,348,1935,0,0,1
500,817,633,1936,0,0,0
500,818,928,1938,0,0,0
500,818,1095,1939,0,0,0
500,819,1125,1941,0,0,0
500,820,343,1942,0,0,0
500,820,641,1943,0,0,0
500,821,360,1944,0,0,0
500,821,943,1947,0,0,0
500,822,204,1948,0,0,0
500,822,857,1950,0,0,0
500,822,1077,1952,0,0,0
500,822,1111,1953,0,0,0
500,823,389,1954,0,0,0
500,823,629,1955,0,0,0
500,823,833,1956,0,0,1
500,824,386,1957,0,0,0
500,824,458,1958,0,0,0
500,824,639,1960,0,0,0
500,824,832,1961,0,1,1
500,825,361,1963,0,0,0
500,825,461,1964,0,0,0
500,825,994,1965,0,0,0
500,825,1142,1966,0,0,0
500,826,313,1967,0,0,0
500,826,511,1968,0,0,0
500,826,563,1969,0,0,0
500,826,565,1970,0,0,0
500,826,646,1971,0,1,0
500,826,833,1972,0,0,0
500,826,906,1973,0,0,0
500,826,1020,1974,0,0,0
500,827,535,1980,0,0,0
500,827,644,1981,0,0,0
500,827,831,1982,0,0,1
500,827,857,1983,0,0,0
500,827,915,1984,0,0,0
500,827,1148,1985,0,0,0
500,828,306,1986,0,0,0
500,828,998,1989,0,0,0
500,829,649,1991,0,1,0
500,830,323,1994,0,0,0
500,830,525,1995,0,0,0
500,830,599,1996,0,0,1
500,830,843,1997,0,0,0
500,830,866,1998,0,0,0
500,830,875,1999,0,0,0
500,830,880,2000,0,0,0
500,830,1150,2001,0,0,0
500,831,502,2003,0,0,0
500,831,598,2005,0,0,1
500,832,180,2007,0,0,0
500,832,187,2008,0,0,0
500,832,302,2009,0,0,0
500,832,351,2010,0,0,0
500,832,827,2011,0,0,0
500,832,872,2012,0,0,0
500,833,654,2014,0,1,1
500,833,951,2015,0,0,0
500,833,1022,2016,0,0,0
500,834,578,2019,0,0,0
500,834,649,2021,0,0,0
500,834,654,2022,0,0,1
500,834,657,2023,0,1,0
500,834,886,2024,0,0,0
500,834,1026,2025,0,0,0
500,835,350,2027,0,0,0
500,835,467,2028,0,0,0
500,835,602,2029,0,0,0
500,835,655,2030,0,0,1
500,835,1166,2031,0,0,0
500,836,303,2032,0,0,0
500,836,597,2034,0,0,0
500,836,625,2035,0,0,0
500,836,660,2036,0,0,0
500,836,918,2037,0,0,0
500,836,1099,2038,0,0,0
500,837,209,2040,0,0,0
500,837,273,2041,0,0,0
500,837,320,2042,0,0,0
500,837,490,2043,0,0,0
500,837,580,2044,0,0,0
500,837,599,2045,0,0,0
500,837,1149,2047,0,0,0
500,838,411,2049,0,0,0
500,838,916,2051,0,0,0
500,839,204,2054,0,0,0
500,839,364,2056,0,0,0
500,839,461,2057,0,0,0
500,839,479,2058,0,0,0
500,839,609,2059,0,0,0
500,840,1152,2067,0,0,0
500,841,261,2068,0,0,0
500,841,620,2069,0,0,0
500,841,1030,2070,0,0,0
500,841,1034,2071,0,0,0
500,842,340,2072,0,0,0
500,842,668,2075,0,1,1
500,842,842,2076,0,0,0
500,842,895,2077,0,0,0
500,842,1173,2079,0,0,0
500,843,264,2080,0,0,0
500,843,591,2081,0,0,0
500,843,667,2082,0,0,1
500,843,811,2083,0,0,0
500,843,966,2085,0,0,0
500,844,322,2088,0,0,0
500,844,669,2089,0,0,0
500,844,855,2090,0,0,0
500,844,1085,2091,0,0,0
500,844,1157,2092,0,0,0
500,845,808,2093,0,1,0
500,845,828,2094,0,0,0
500,845,1015,2096,0,0,0
500,845,1105,2097,0,0,0
500,845,1199,2099,0,0,0
500,846,249,2101,0,0,0
500,846,429,2102,0,0,0
500,847,537,2103,0,0,0
500,847,815,2105,0,0,0
500,847,1184,2107,0,0,0
500,848,451,2108,0,0,0
500,848,539,2109,0,0,0
500,848,798,2110,0,1,0
500,848,843,2111,0,0,0
500,848,987,2112,0,0,0
500,848,1202,2113,0,0,0
500,849,441,2115,0,0,0
500,849,481,2117,0,0,0
500,849,814,2119,0,0,0
500,849,1140,2121,0,0,0
500,849,1152,2122,0,0,1
500,849,1189,2123,0,0,0
500,850,319,2124,0,0,0
500,850,616,2126,0,0,0
500,850,675,2127,0,0,0
500,850,841,2128,0,0,0
500,850,851,2129,0,0,0
500,850,1151,2131,0,0,1
500,851,532,2133,0,0,0
500,851,1142,2134,0,0,0
500,852,429,2136,0,0,0
500,852,677,2137,0,0,0
500,852,884,2139,0,0,0
500,853,1127,2141,0,0,0
500,853,1201,2143,0,0,0
500,854,312,2145,0,0,0
500,854,493,2149,0,0,0
500,854,585,2150,0,0,0
500,854,619,2152,0,0,0
500,854,862,2154,0,0,0
500,854,1195,2156,0,0,0
500,855,315,2157,0,0,0
500,855,502,2158,0,0,0
500,855,1212,2160,0,0,0
500,856,459,2161,0,0,0
500,857,491,2164,0,0,0
500,857,780,2166,0,1,0
500,857,880,2167,0,0,0
500,857,1208,2168,0,0,0
500,858,333,2170,0,0,0
500,859,588,2175,0,0,0
500,859,993,2176,0,0,0
500,859,1122,2177,0,0,0
500,860,323,2179,0,0,0
500,860,331,2180,0,0,0
500,860,766,2181,0,1,0
500,860,773,2182,0,1,0
500,860,776,2183,0,1,1
500,860,817,2184,0,0,0
500,861,209,2186,0,0,0
500,861,304,2187,0,0,0
500,861,775,2189,0,0,1
500,862,692,2193,0,0,0
500,862,754,2194,0,1,0
500,862,913,2195,0,0,0
500,862,1223,2197,0,0,0
500,863,356,2198,0,0,0
500,864,474,2201,0,0,0
500,864,696,2202,0,1,0
500,864,778,2204,0,0,0
500,864,781,2205,0,0,0
500,864,1111,2206,0,0,0
500,864,1223,2207,0,0,0
500,865,318,2208,0,0,0
500,865,345,2209,0,0,0
500,865,694,2210,0,0,1
500,865,898,2211,0,0,0
500,866,694,2212,0,0,1
500,866,986,2213,0,0,0
500,866,1221,2214,0,0,0
500,866,1225,2215,0,0,0
500,867,350,2216,0,0,0
500,867,960,2217,0,0,0
500,868,203,2218,0,0,0
500,868,702,2220,0,0,0
500,869,309,2223,0,0,0
500,869,723,2224,0,1,0
500,869,729,2225,0,1,0
500,869,738,2226,0,1,0
500,869,1022,2227,0,0,0
500,870,260,2230,0,0,0
500,870,352,2231,0,0,0
500,870,356,2232,0,0,0
500,870,585,2233,0,0,0
500,870,596,2234,0,0,0
500,870,614,2235,0,0,0
500,870,779,2236,0,0,0
500,870,818,2237,0,0,0
500,870,850,2238,0,0,0
500,870,927,2239,0,0,0
500,871,1126,2243,0,0,0
500,871,1134,2244,0,0,0
500,872,333,2245,0,0,0
500,872,430,2246,0,0,0
500,872,466,2247,0,0,0
500,872,700,2249,0,0,0
500,873,516,2252,0,0,0
500,873,781,2255,0,0,0
500,874,91,2256,0,2,0
500,874,224,2257,0,0,0
500,874,605,2260,0,0,0
500,874,690,2261,0,0,0
500,874,816,2262,0,0,0
500,875,621,2265,0,0,0
500,875,626,2266,0,0,0
500,875,730,2267,0,0,0
500,875,898,2269,0,0,0
500,875,1136,2270,0,0,0
500,876,218,2271,0,0,0
500,876,808,2272,0,0,0
500,876,941,2273,0,0,0
500,877,95,2274,0,2,0
500,877,175,2275,0,0,0
500,877,821,2277,0,0,0
500,877,1012,2278,0,0,0
500,878,273,2280,0,0,0
500,878,357,2281,0,0,0
500,878,434,2282,0,0,0
500,878,463,2283,0,0,0
500,878,819,2285,0,0,0
500,878,1000,2286,0,0,0
500,879,96,2287,0,2,0
500,879,187,2288,0,0,0
500,879,986,2292,0,0,0
500,879,1112,2293,0,0,0
500,880,296,2295,0,0,0
500,880,422,2297,0,0,0
500,881,99,2302,0,2,0
500,881,109,2303,0,2,0
500,881,511,2305,0,0,0
500,881,991,2306,0,0,0
500,881,1015,2307,0,0,0
500,882,289,2309,0,0,0
500,882,416,2311,0,0,0
500,882,979,2312,0,0,0
500,883,116,2313,0,2,0
500,883,690,2314,0,0,0
500,883,780,2316,0,0,0
500,884,112,2318,0,2,0
500,884,288,2319,0,0,0
500,884,441,2320,0,0,0
500,884,902,2321,0,0,0
500,884,949,2322,0,0,0
500,884,960,2323,0,0,0
500,884,1109,2324,0,0,0
500,885,1126,2328,0,0,0
500,886,349,2329,0,0,0
500,886,775,2331,0,0,0
500,887,209,2333,0,0,0
500,887,465,2334,0,0,0
500,887,505,2335,0,0,0
500,887,569,2336,0,0,0
500,888,546,2339,0,0,0
500,888,828,2341,0,0,0
500,888,895,2342,0,0,0
500,889,118,2343,0,2,0
500,889,219,2345,0,0,0
500,889,263,2346,0,0,0
500,889,467,2347,0,0,0
500,889,820,2348,0,0,0
500,889,1122,2351,0,0,0
500,891,115,2354,0,2,0
500,891,439,2355,0,0,0
500,891,452,2356,0,0,0
500,891,529,2358,0,0,0
500,891,536,2359,0,0,0
500,891,788,2360,0,0,0
500,891,818,2361,0,0,0
500,891,955,2363,0,0,0
500,891,1106,2365,0,0,0
500,892,190,2366,0,0,0
500,892,202,2367,0,0,0
500,892,218,2368,0,0,0
500,892,487,2370,0,0,0
500,892,773,2372,0,0,0
500,893,294,2374,0,0,0
500,893,561,2377,0,0,0
500,893,718,2378,0,0,0
500,894,116,2381,0,2,0
500,894,555,2382,0,0,0
500,895,205,2383,0,0,0
500,895,791,2386,0,0,0
500,895,954,2387,0,0,0
500,896,195,2389,0,0,0
500,896,214,2390,0,0,0
500,896,220,2391,0,0,0
500,896,674,2393,0,0,0
500,896,839,2394,0,0,0
500,896,1126,2395,0,0,0
500,897,526,2396,0,0,0
500,897,576,2397,0,0,0
500,897,846,2399,0,0,0
500,897,897,2401,0,0,0
500,897,1035,2402,0,0,0
500,897,1115,2403,0,0,0
500,898,211,2404,0,0,0
500,898,451,2405,0,0,0
500,898,1108,2407,0,0,0
500,898,1130,2408,0,0,0
500,900,191,2414,0,0,0
500,900,218,2415,0,0,0
500,900,276,2416,0,0,0
500,900,430,2417,0,0,0
500,900,772,2420,0,0,0
500,900,799,2421,0,0,0
500,900,1113,2422,0,0,0
500,900,1131,2423,0,0,0
500,901,113,2424,0,2,0
500,901,671,2426,0,0,0
500,901,821,2427,0,0,0
500,901,1127,2429,0,0,0
500,902,576,2431,0,0,0
500,903,212,2435,0,0,0
500,903,271,2436,0,0,0
500,903,1046,2438,0,0,0
500,903,1128,2439,0,0,0
500,904,282,2442,0,0,0
500,904,417,2443,0,0,0
500,904,548,2444,0,0,0
500,904,597,2445,0,0,0
500,904,712,2446,0,0,0
500,904,807,2448,0,0,0
500,904,817,2449,0,0,0
500,904,961,2450,0,0,0
500,905,183,2453,0,2,0
500,905,228,2454,0,0,0
500,905,270,2455,0,0,0
500,905,426,2456,0,0,0
500,905,600,2457,0,0,0
500,906,216,2461,0,0,0
500,906,419,2462,0,0,0
500,907,86,2463,0,2,1
500,907,229,2464,0,0,0
500,907,538,2465,0,0,0
500,907,709,2467,0,0,0
500,907,1167,2468,0,0,0
500,908,87,2469,0,2,1
500,908,185,2470,0,2,0
500,908,431,2472,0,0,0
500,908,776,2473,0,0,0
500,909,210,2474,0,0,0
500,909,712,2477,0,0,0
500,909,1193,2478,0,0,0
500,910,297,2480,0,0,0
500,911,114,2483,0,2,0
500,911,214,2484,0,0,0
500,911,441,2486,0,0,0
500,911,536,2487,0,0,0
500,911,814,2489,0,0,0
500,911,863,2490,0,0,0
500,912,396,2493,0,0,0
500,912,404,2494,0,0,0
500,912,1177,2496,0,0,0
500,912,1186,2497,0,0,0
500,913,112,2498,0,2,0
500,913,143,2499,0,2,0
500,913,216,2500,0,0,0
500,913,434,2501,0,0,0
500,913,581,2503,0,0,0
500,913,705,2505,0,0,0
500,913,938,2506,0,0,0
500,913,1141,2507,0,0,0
500,913,1145,2508,0,0,0
500,914,107,2509,0,2,0
500,914,127,2510,0,2,0
500,914,161,2511,0,2,1
500,914,398,2512,0,0,0
500,914,587,2513,0,0,0
500,914,664,2514,0,0,0
500,915,82,2516,0,2,0
500,915,162,2517,0,2,1
500,915,166,2518,0,2,0
500,915,226,2521,0,0,0
500,915,512,2522,0,0,0
500,915,1186,2524,0,0,0
500,916,80,2525,0,2,0
500,916,508,2526,0,0,0
500,917,209,2528,0,0,0
500,917,1168,2529,0,0,0
500,918,212,2533,0,0,0
500,918,813,2536,0,0,0
500,918,868,2537,0,0,0
500,918,1179,2538,0,0,0
500,919,519,2540,0,0,0
500,919,661,2541,0,0,0
500,919,983,2543,0,0,0
500,919,1157,2544,0,0,0
500,920,207,2546,0,0,0
500,920,576,2547,0,0,0
500,920,1271,2548,0,0,0
500,921,275,2550,0,0,0
500,921,554,2552,0,0,0
500,921,772,2554,0,0,0
500,921,1140,2555,0,0,0
500,921,1175,2556,0,0,0
500,922,278,2557,0,0,0
500,922,519,2558,0,0,0
500,922,565,2559,0,0,0
500,922,1145,2560,0,0,1
500,922,1165,2561,0,0,1
500,923,158,2563,0,2,0
500,923,393,2566,0,0,0
500,923,936,2567,0,0,0
500,923,1135,2568,0,0,1
500,923,1144,2569,0,0,1
500,923,1166,2570,0,0,1
500,924,1136,2572,0,0,1
500,924,1153,2573,0,0,0
500,925,432,2574,0,0,0
500,925,532,2575,0,0,0
500,925,1172,2577,0,0,0
500,925,1254,2578,0,0,0
500,926,72,2579,0,2,0
500,926,199,2581,0,0,0
500,926,811,2585,0,0,0
500,926,1265,2587,0,0,0
500,927,78,2588,0,2,0
500,927,373,2590,0,0,0
500,927,1155,2592,0,0,0
500,928,66,2594,0,2,0
500,928,254,2596,0,0,0
500,928,513,2599,0,0,0
500,928,647,2600,0,0,0
500,928,992,2601,0,0,0
500,928,1245,2602,0,0,0
500,928,1259,2603,0,0,0
500,929,80,2604,0,2,0
500,929,151,2605,0,2,0
500,929,434,2606,0,0,0
500,929,559,2607,0,0,0
500,929,587,2608,0,0,0
500,929,716,2610,0,0,0
500,929,1140,2613,0,0,0
500,929,1261,2614,0,0,0
500,930,1162,2616,0,0,0
500,931,1240,2620,0,0,0
500,932,181,2621,0,2,0
500,932,841,2623,0,0,0
500,932,1000,2624,0,0,0
500,932,1140,2625,0,0,0
500,932,1174,2626,0,0,0
500,932,1230,2627,0,0,0
500,933,379,2628,0,0,0
500,933,437,2629,0,0,0
500,933,558,2630,0,0,0
500,933,1102,2632,0,0,1
500,933,1125,2633,0,0,0
500,933,1254,2634,0,0,0
500,934,259,2635,0,0,0
500,934,592,2637,0,0,0
500,934,1103,2640,0,0,1
500,935,143,2641,0,2,0
500,935,251,2642,0,0,0
500,935,1120,2645,0,0,0
500,936,106,2647,0,2,0
500,936,715,2649,0,0,0
500,936,730,2650,0,0,0
500,936,777,2651,0,0,0
500,936,860,2652,0,0,0
500,936,1154,2654,0,0,0
500,936,1220,2656,0,0,0
500,937,104,2658,0,2,0
500,937,847,2661,0,0,0
500,937,1145,2662,0,0,0
500,938,254,2664,0,0,0
500,938,451,2665,0,0,0
500,938,537,2667,0,0,0
500,938,639,2668,0,0,0
500,938,873,2670,0,0,0
500,938,1210,2672,0,0,0
500,939,125,2674,0,2,0
500,939,564,2676,0,0,0
500,939,635,2677,0,0,0
500,939,695,2678,0,0,0
500,939,1135,2680,0,0,0
500,939,1151,2681,0,0,0
500,939,1185,2682,0,0,0
500,939,1188,2683,0,0,0
500,939,1206,2684,0,0,0
500,940,176,2685,0,2,0
500,940,182,2686,0,2,0
500,940,852,2688,0,0,0
500,940,1208,2690,0,0,0
500,940,1225,2691,0,0,0
500,941,139,2693,0,2,0
500,941,371,2695,0,0,0
500,941,468,2696,0,0,0
500,941,860,2699,0,0,0
500,941,913,2700,0,0,0
500,942,253,2701,0,0,0
500,942,592,2704,0,0,0
500,942,803,2705,0,0,0
500,942,1183,2707,0,0,0
500,943,184,2709,0,2,0
500,943,189,2710,0,2,0
500,943,811,2712,0,0,0
500,943,1154,2714,0,0,0
500,944,112,2716,0,2,1
500,944,251,2717,0,0,0
500,944,634,2719,0,0,0
500,944,713,2720,0,0,0
500,944,1102,2723,0,0,0
500,945,111,2726,0,2,1
500,945,469,2727,0,0,0
500,945,475,2728,0,0,0
500,945,505,2729,0,0,0
500,945,872,2731,0,0,0
500,945,908,2732,0,0,0
500,945,1123,2734,0,0,0
500,945,1227,2735,0,0,1
500,946,249,2736,0,0,0
500,946,459,2737,0,0,0
500,946,865,2738,0,0,0
500,946,1228,2739,0,0,1
500,947,688,2741,0,0,0
500,947,1119,2743,0,0,0
500,947,1137,2744,0,0,0
500,947,1173,2745,0,0,0
500,947,1186,2746,0,0,0
500,947,1212,2747,0,0,0
500,948,482,2749,0,0,0
500,948,1046,2750,0,0,0
500,948,1142,2751,0,0,0
500,948,1221,2752,0,0,0
500,949,258,2754,0,0,0
500,949,465,2756,0,0,0
500,950,251,2759,0,0,0
500,950,485,2760,0,0,0
500,950,497,2761,0,0,0
500,950,609,2762,0,0,0
500,950,704,2764,0,0,0
500,950,718,2765,0,0,0
500,950,1215,2767,0,0,0
500,951,185,2768,0,2,0
500,951,1042,2770,0,0,0
500,951,1131,2771,0,0,0
500,951,1233,2773,0,0,0
500,952,255,2775,0,0,0
500,952,655,2777,0,0,0
500,952,880,2778,0,0,0
500,952,1102,2779,0,0,0
500,952,1170,2780,0,0,0
500,953,588,2781,0,0,0
500,953,598,2782,0,0,0
500,954,464,2783,0,0,0
500,954,579,2784,0,0,0
500,954,771,2785,0,0,0
500,954,1181,2788,0,0,0
500,955,365,2791,0,0,0
500,955,509,2792,0,0,0
500,955,600,2793,0,0,0
500,955,680,2794,0,0,0
500,955,699,2795,0,0,0
500,955,1223,2797,0,0,0
500,956,141,2798,0,2,0
500,956,591,2801,0,0,0
500,956,664,2802,0,0,0
500,956,717,2803,0,0,0
500,956,818,2804,0,0,0
500,956,1010,2805,0,0,0
500,956,1043,2806,0,0,0
500,956,1106,2807,0,0,0
500,956,1155,2808,0,0,0
500,956,1170,2809,0,0,0
500,957,367,2810,0,0,0
500,957,637,2811,0,0,0
500,957,1110,2812,0,0,0
500,958,501,2813,0,0,0
500,958,659,2814,0,0,0
500,958,1012,2815,0,0,0
500,959,1210,2817,0,0,0
500,960,373,2819,0,0,0
500,960,459,2820,0,0,0
500,960,591,2821,0,0,0
500,960,673,2823,0,0,0
500,960,767,2825,0,0,0
500,960,1160,2828,0,0,0
500,961,139,2829,0,2,0
500,961,569,2832,0,0,0
500,961,641,2833,0,0,0
500,962,719,2837,0,0,0
500,962,1132,2838,0,0,0
500,963,193,2841,0,2,1
500,963,1146,2844,0,0,0
500,964,192,2848,0,2,1
500,964,598,2849,0,0,0
500,964,1176,2851,0,0,0
500,965,727,2854,0,0,0
500,966,1140,2857,0,0,0
500,966,1215,2858,0,0,0
500,967,329,2859,0,0,0
500,969,99,2862,0,2,0
500,969,599,2863,0,0,0
500,969,905,2864,0,0,0
500,969,1115,2865,0,0,0
500,970,493,2867,0,0,0
500,970,733,2868,0,0,0
500,971,588,2871,0,0,0
500,972,142,2873,0,2,0
500,972,352,2875,0,0,0
500,972,563,2876,0,0,0
500,972,1180,2877,0,0,0
500,973,350,2881,0,0,0
500,973,644,2883,0,0,0
500,973,1186,2884,0,0,0
500,974,247,2886,0,0,0
500,974,319,2888,0,0,0
500,974,716,2889,0,0,0
500,975,52,2891,0,2,0
500,976,351,2894,0,0,0
500,976,353,2895,0,0,0
500,976,487,2896,0,0,0
500,976,564,2897,0,0,0
500,976,1269,2899,0,2,0
500,977,846,2902,0,0,0
500,977,1210,2903,0,0,0
500,978,188,2905,0,2,0
500,978,332,2906,0,0,0
500,978,481,2907,0,0,0
500,978,1172,2908,0,0,0
500,978,1199,2909,0,0,0
500,978,1273,2910,0,2,0
500,979,146,2911,0,2,0
500,979,196,2912,0,2,0
500,979,325,2913,0,0,0
500,979,348,2914,0,0,0
500,979,876,2917,0,0,0
500,979,1136,2918,0,0,0
500,979,1160,2919,0,0,0
500,979,1183,2920,0,0,0
500,980,570,2921,0,0,0
500,980,1266,2923,0,2,0
500,981,178,2924,0,2,0
500,981,484,2926,0,0,0
500,981,501,2927,0,0,0
500,981,504,2928,0,0,0
500,981,709,2929,0,0,0
500,981,875,2930,0,0,0
500,981,880,2931,0,0,0
500,982,198,2933,0,2,0
500,982,580,2934,0,0,0
500,982,640,2935,0,0,0
500,982,665,2936,0,0,0
500,982,1160,2937,0,0,0
500,982,1191,2938,0,0,0
500,983,79,2939,0,2,0
500,983,203,2940,0,2,1
500,983,455,2942,0,0,1
500,983,1204,2944,0,0,0
500,984,202,2945,0,2,1
500,984,321,2946,0,0,0
500,984,456,2947,0,0,1
500,984,469,2948,0,0,0
500,984,877,2949,0,0,0
500,985,499,2950,0,0,0
500,985,555,2951,0,0,0
500,985,746,2952,0,0,0
500,985,1263,2953,0,2,0
500,986,867,2956,0,0,0
500,986,1236,2958,0,0,0
500,986,1245,2959,0,0,0
500,987,176,2960,0,2,0
500,987,444,2961,0,0,0
500,987,639,2963,0,0,0
500,987,1029,2964,0,0,0
500,987,1165,2967,0,0,0
500,987,1195,2968,0,0,0
500,987,1327,2970,0,2,0
500,988,657,2973,0,0,0
500,988,1157,2975,0,0,0
500,989,434,2978,0,0,0
500,989,625,2979,0,0,0
500,989,696,2980,0,0,0
500,989,721,2981,0,0,0
500,989,1129,2983,0,0,0
500,989,1155,2984,0,0,0
500,989,1246,2985,0,0,0
500,989,1267,2986,0,2,0
500,990,426,2988,0,0,0
500,990,502,2990,0,0,0
500,990,703,2991,0,0,0
500,990,1096,2993,0,0,1
500,990,1158,2994,0,0,0
500,990,1190,2995,0,0,0
500,991,617,2998,0,0,0
500,991,750,2999,0,0,0
500,991,907,3000,0,0,0
500,991,1095,3001,0,0,1
500,991,1101,3002,0,0,0
500,991,1274,3003,0,2,0
500,991,1293,3004,0,2,0
500,992,585,3005,0,0,0
500,992,633,3006,0,0,0
500,992,1136,3007,0,0,0
500,992,1189,3008,0,0,0
500,992,1239,3009,0,0,0
500,992,1249,3010,0,0,0
500,992,1264,3011,0,2,0
500,992,1271,3012,0,2,1
500,992,1291,3013,0,2,1
500,993,55,3014,0,2,0
500,993,792,3016,0,0,0
500,993,816,3017,0,0,0
500,993,900,3018,0,0,0
500,993,1093,3019,0,0,0
500,993,1120,3020,0,0,0
500,993,1122,3021,0,0,0
500,993,1201,3022,0,0,0
500,993,1214,3023,0,2,0
500,993,1272,3025,0,2,1
500,993,1292,3026,0,2,1
500,994,79,3027,0,2,0
500,994,342,3028,0,0,0
500,994,484,3030,0,0,0
500,994,506,3031,0,0,0
500,994,772,3032,0,0,0
500,994,1136,3033,0,0,0
500,994,1183,3034,0,0,0
500,994,1319,3036,0,2,0
500,995,690,3039,0,0,0
500,995,813,3040,0,0,0
500,995,1223,3041,0,2,0
500,996,165,3042,0,2,0
500,996,421,3044,0,0,0
500,996,783,3045,0,0,0
500,996,1138,3047,0,0,0
500,996,1199,3049,0,0,0
500,997,1135,3052,0,0,0
500,997,1167,3053,0,0,0
500,997,1195,3054,0,0,0
500,997,1218,3055,0,2,0
500,997,1226,3056,0,2,0
500,997,1242,3057,0,0,0
500,998,284,3058,0,0,0
500,998,673,3059,0,0,0
500,998,804,3060,0,0,0
500,998,1179,3061,0,0,0
500,998,1220,3062,0,2,0
500,999,108,3063,0,2,0
500,999,355,3064,0,0,0
500,999,489,3065,0,0,0
500,999,493,3066,0,0,0
500,999,630,3067,0,0,0
500,999,780,3069,0,0,0
500,999,1144,3072,0,0,1
500,999,1164,3073,0,0,0
500,999,1201,3074,0,0,0
500,1000,331,3076,0,0,0
500,1000,343,3077,0,0,0
500,1000,686,3078,0,0,0
500,1000,1145,3079,0,0,1
500,1000,1159,3080,0,0,0
500,1000,1223,3082,0,2,0
500,1000,1318,3084,0,2,0
500,1001,72,3085,0,2,0
500,1001,609,3088,0,0,0
500,1001,623,3089,0,0,0
500,1001,703,3090,0,0,0
500,1001,1135,3093,0,0,0
500,1001,1184,3095,0,0,0
500,1001,1215,3096,0,0,0
500,1001,1258,3097,0,2,0
500,1001,1263,3098,0,2,0
500,1002,430,3099,0,0,0
500,1002,769,3100,0,0,0
500,1002,1144,3101,0,0,0
500,1003,316,3103,0,0,0
500,1003,477,3104,0,0,0
500,1003,830,3107,0,0,0
500,1003,1134,3109,0,0,0
500,1003,1193,3110,0,0,0
500,1004,301,3111,0,0,0
500,1004,875,3116,0,0,0
500,1004,1141,3119,0,0,0
500,1004,1156,3120,0,0,0
500,1004,1196,3121,0,0,0
500,1004,1272,3122,0,2,0
500,1005,433,3124,0,0,0
500,1005,649,3125,0,0,0
500,1005,1174,3127,0,0,0
500,1005,1228,3130,0,2,1
500,1005,1250,3131,0,2,0
500,1006,399,3132,0,0,0
500,1006,439,3133,0,0,0
500,1006,1229,3137,0,2,1
500,1007,475,3138,0,0,0
500,1007,675,3140,0,0,0
500,1007,947,3142,0,0,0
500,1007,1208,3143,0,0,0
500,1008,1129,3145,0,0,0
500,1008,1135,3146,0,0,0
500,1008,1152,3147,0,0,0
500,1008,1324,3148,0,2,0
500,1009,297,3149,0,0,0
500,1009,330,3151,0,0,0
500,1009,611,3155,0,0,0
500,1009,1150,3156,0,0,0
500,1010,282,3158,0,0,0
500,1010,349,3159,0,0,0
500,1010,571,3160,0,0,0
500,1010,1133,3162,0,0,0
500,1010,1229,3164,0,2,0
500,1011,311,3165,0,0,0
500,1011,693,3166,0,0,0
500,1011,724,3167,0,0,0
500,1011,811,3169,0,0,0
500,1011,938,3171,0,0,0
500,1011,1167,3172,0,0,0
500,1012,116,3173,0,2,0
500,1012,338,3175,0,0,0
500,1012,477,3176,0,0,0
500,1012,1242,3179,0,2,0
500,1012,1249,3180,0,2,0
500,1013,298,3181,0,0,0
500,1013,302,3182,0,0,0
500,1013,336,3183,0,0,0
500,1014,300,3184,0,0,0
500,1014,643,3185,0,0,0
500,1014,840,3187,0,0,0
500,1014,898,3188,0,0,0
500,1014,1139,3189,0,0,0
500,1014,1228,3190,0,2,0
500,1014,1232,3191,0,2,0
500,1015,342,3193,0,0,0
500,1015,379,3194,0,0,0
500,1015,400,3195,0,0,0
500,1015,485,3196,0,0,0
500,1015,710,3197,0,0,0
500,1016,78,3201,0,2,0
500,1016,301,3202,0,0,0
500,1016,494,3203,0,0,0
500,1016,640,3205,0,0,0
500,1016,717,3206,0,0,0
500,1016,940,3208,0,0,0
500,1017,122,3209,0,2,1
500,1017,699,3210,0,0,0
500,1017,1153,3211,0,0,0
500,1018,123,3212,0,2,1
500,1018,302,3214,0,0,0
500,1018,342,3216,0,0,0
500,1018,474,3217,0,0,0
500,1018,779,3218,0,0,0
500,1018,1131,3219,0,0,0
500,1019,459,3223,0,0,0
500,1019,469,3224,0,0,0
500,1019,785,3225,0,0,0
500,1019,806,3226,0,0,0
500,1019,1247,3228,0,2,0
500,1020,346,3232,0,0,0
500,1020,476,3233,0,0,0
500,1020,625,3236,0,0,0
500,1020,669,3238,0,0,0
500,1020,801,3239,0,0,0
500,1020,851,3240,0,0,0
500,1020,946,3241,0,0,0
500,1021,266,3243,0,0,0
500,1021,271,3244,0,0,0
500,1021,407,3246,0,0,0
500,1021,652,3248,0,0,0
500,1022,386,3249,0,0,0
500,1022,395,3250,0,0,0
500,1022,1150,3251,0,0,0
500,1022,1163,3252,0,0,0
500,1022,1231,3253,0,2,0
500,1023,665,3254,0,0,0
500,1023,1181,3255,0,0,0
500,1024,300,3257,0,0,0
500,1024,952,3258,0,0,0
500,1025,389,3261,0,0,0
500,1025,464,3262,0,0,0
500,1025,701,3263,0,0,0
500,1025,712,3264,0,0,0
500,1025,1157,3265,0,0,0
500,1025,1240,3266,0,2,0
500,1025,1265,3267,0,2,0
500,1026,347,3270,0,0,0
500,1026,1233,3273,0,2,0
500,1027,464,3275,0,0,0
500,1027,792,3276,0,0,0
500,1027,795,3277,0,0,0
500,1028,602,3279,0,0,0
500,1028,732,3280,0,0,0
500,1028,1235,3281,0,2,0
500,1028,1241,3282,0,2,0
500,1029,352,3283,0,0,0
500,1029,699,3286,0,0,0
500,1029,1145,3288,0,0,0
500,1030,472,3290,0,0,0
500,1030,586,3291,0,0,0
500,1030,876,3292,0,0,0
500,1031,390,3294,0,0,0
500,1031,423,3296,0,0,0
500,1031,487,3297,0,0,0
500,1031,605,3299,0,0,0
500,1031,678,3300,0,0,0
500,1031,797,3301,0,0,0
500,1031,1238,3303,0,2,0
500,1032,470,3305,0,0,0
500,1032,656,3306,0,0,0
500,1032,737,3307,0,0,0
500,1032,753,3308,0,0,0
500,1032,808,3309,0,0,0
500,1032,1261,3310,0,2,0
500,1034,472,3315,0,0,0
500,1034,615,3316,0,0,0
500,1034,742,3317,0,0,0
500,1034,1144,3318,0,0,0
500,1035,793,3320,0,0,0
500,1035,949,3321,0,0,0
500,1035,1262,3322,0,2,0
500,1035,1268,3323,0,2,0
500,1036,280,3324,0,0,0
500,1036,374,3325,0,0,0
500,1036,725,3327,0,0,0
500,1036,1153,3328,0,0,0
500,1037,424,3331,0,0,0
500,1037,435,3332,0,0,0
500,1037,716,3333,0,0,0
500,1037,1156,3336,0,0,0
500,1037,1173,3337,0,0,0
500,1037,1266,3338,0,2,0
500,1038,593,3339,0,0,0
500,1038,1271,3340,0,2,0
500,1039,953,3341,0,0,0
500,1039,1281,3343,0,2,0
500,1040,386,3344,0,0,0
500,1040,587,3347,0,0,0
500,1040,591,3348,0,0,0
500,1040,836,3349,0,0,0
500,1040,1225,3350,0,2,0
500,1041,603,3353,0,0,0
500,1041,1158,3356,0,0,1
500,1041,1176,3357,0,0,0
500,1041,1241,3358,0,2,0
500,1042,971,3360,0,0,0
500,1042,1147,3361,0,0,0
500,1042,1159,3362,0,0,1
500,1042,1243,3363,0,2,0
500,1043,428,3364,0,0,0
500,1043,654,3366,0,0,0
500,1043,965,3367,0,0,1
500,1043,987,3368,0,0,0
500,1044,964,3370,0,0,1
500,1044,968,3371,0,0,0
500,1044,1161,3372,0,0,0
500,1045,289,3373,0,0,0
500,1045,305,3374,0,0,0
500,1045,422,3375,0,0,1
500,1045,883,3376,0,0,0
500,1045,1147,3377,0,0,0
500,1045,1177,3378,0,0,0
500,1046,421,3379,0,0,1
500,1046,582,3380,0,0,0
500,1046,1150,3383,0,0,0
500,1047,609,3386,0,0,0
500,1047,703,3387,0,0,0
500,1047,1176,3388,0,0,0
500,1048,301,3390,0,0,0
500,1048,578,3392,0,0,0
500,1048,713,3393,0,0,0
500,1048,882,3394,0,0,0
500,1048,990,3395,0,0,0
500,1049,346,3397,0,0,0
500,1049,392,3398,0,0,0
500,1049,792,3400,0,0,0
500,1049,1222,3404,0,2,1
500,1049,1223,3405,0,2,1
500,1049,1249,3406,0,2,0
500,1050,359,3407,0,0,0
500,1050,402,3408,0,0,0
500,1050,683,3409,0,0,0
500,1050,1073,3410,0,0,0
500,1050,1298,3411,0,2,0
500,1051,589,3412,0,0,0
500,1051,609,3413,0,0,0
500,1051,716,3415,0,0,0
500,1051,1070,3416,0,0,0
500,1051,1303,3419,0,2,0
500,1052,400,3420,0,0,0
500,1052,428,3422,0,0,0
500,1052,613,3423,0,0,0
500,1052,687,3424,0,0,0
500,1052,707,3425,0,0,0
500,1053,347,3427,0,0,0
500,1053,391,3428,0,0,0
500,1053,412,3429,0,0,0
500,1053,725,3432,0,0,0
500,1053,740,3433,0,0,0
500,1054,332,3434,0,0,0
500,1054,352,3435,0,0,0
500,1054,356,3436,0,0,0
500,1054,407,3437,0,0,0
500,1054,592,3438,0,0,0
500,1054,597,3439,0,0,0
500,1054,706,3440,0,0,0
500,1054,1250,3441,0,2,0
500,1055,551,3443,0,0,0
500,1055,959,3445,0,0,0
500,1056,336,3446,0,0,0
500,1056,397,3447,0,0,0
500,1056,576,3449,0,0,0
500,1056,689,3450,0,0,0
500,1056,849,3451,0,0,0
500,1056,978,3452,0,0,0
500,1056,1195,3454,0,0,0
500,1056,1248,3455,0,2,0
500,1057,382,3458,0,0,0
500,1057,747,3459,0,0,0
500,1057,984,3460,0,0,1
500,1057,1159,3461,0,0,0
500,1058,983,3463,0,0,1
500,1059,356,3464,0,0,0
500,1059,425,3466,0,0,0
500,1059,427,3467,0,0,0
500,1059,554,3468,0,0,0
500,1059,583,3469,0,0,0
500,1059,606,3470,0,0,0
500,1059,739,3471,0,0,0
500,1059,1158,3472,0,0,0
500,1059,1198,3474,0,0,0
500,1059,1223,3476,0,2,0
500,1059,1247,3477,0,2,0
500,1060,572,3478,0,0,0
500,1060,706,3479,0,0,0
500,1060,974,3481,0,0,0
500,1060,987,3482,0,0,0
500,1061,737,3484,0,0,0
500,1061,1061,3486,0,0,0
500,1061,1183,3488,0,0,0
500,1062,603,3490,0,0,0
500,1062,797,3492,0,0,0
500,1062,843,3493,0,0,0
500,1062,963,3494,0,0,0
500,1062,1172,3495,0,0,0
500,1063,339,3496,0,0,0
500,1063,1181,3499,0,2,0
500,1064,652,3501,0,0,0
500,1064,690,3502,0,0,0
500,1065,867,3503,0,0,0
500,1065,872,3504,0,0,0
500,1065,1021,3505,0,0,0
500,1066,546,3507,0,0,0
500,1066,1180,3509,0,2,0
500,1067,569,3510,0,0,0
500,1067,712,3511,0,0,0
500,1067,953,3512,0,0,0
500,1067,1016,3514,0,0,0
500,1067,1029,3515,0,0,0
500,1067,1045,3516,0,0,0
500,1067,1247,3517,0,2,0
500,1068,292,3518,0,0,0
500,1068,743,3520,0,0,0
500,1068,1171,3521,0,0,0
500,1068,1181,3522,0,2,0
500,1069,362,3525,0,0,0
500,1069,712,3527,0,0,0
500,1069,1188,3528,0,2,0
500,1071,695,3533,0,0,0
500,1071,862,3535,0,0,0
500,1071,1007,3536,0,0,0
500,1071,1009,3537,0,0,0
500,1071,1075,3539,0,0,0
500,1072,556,3541,0,0,0
500,1072,568,3542,0,0,0
500,1072,802,3543,0,0,0
500,1073,1081,3544,0,0,0
500,1074,347,3545,0,0,0
500,1075,1168,3549,0,0,0
500,1076,329,3550,0,0,0
500,1076,354,3551,0,0,0
500,1076,602,3554,0,0,0
500,1077,368,3555,0,0,0
500,1077,743,3556,0,0,0
500,1077,1165,3559,0,0,0
500,1078,371,3560,0,0,0
500,1078,564,3561,0,0,0
500,1078,600,3562,0,0,0
500,1078,662,3563,0,0,0
500,1079,342,3566,0,0,0
500,1080,350,3569,0,0,1
500,1080,369,3571,0,0,0
500,1080,1262,3574,0,2,0
500,1081,716,3578,0,0,0
500,1081,1168,3579,0,0,0
500,1081,1256,3580,0,2,1
500,1082,989,3584,0,0,0
500,1082,1195,3586,0,2,0
500,1082,1257,3588,0,2,1
500,1083,729,3589,0,0,0
500,1084,584,3591,0,0,0
500,1084,672,3592,0,0,0
500,1084,1165,3593,0,0,1
500,1085,336,3594,0,0,1
500,1085,696,3597,0,0,0
500,1085,815,3598,0,0,0
500,1085,1028,3600,0,0,0
500,1085,1166,3601,0,0,1
500,1086,337,3602,0,0,1
500,1086,529,3604,0,0,0
500,1086,705,3606,0,0,0
500,1087,511,3607,0,0,0
500,1087,667,3608,0,0,0
500,1088,346,3610,0,0,0
500,1088,599,3611,0,0,0
500,1088,678,3612,0,0,0
500,1088,711,3613,0,0,0
500,1088,994,3614,0,0,0
500,1089,340,3615,0,0,0
500,1089,619,3618,0,0,0
500,1091,319,3622,0,0,0
500,1091,602,3623,0,0,0
500,1091,907,3624,0,0,1
500,1091,996,3625,0,0,0
500,1092,592,3628,0,0,0
500,1092,908,3629,0,0,1
500,1093,361,3631,0,0,0
500,1093,477,3632,0,0,0
500,1093,519,3633,0,0,0
500,1093,680,3634,0,0,0
500,1093,984,3635,0,0,0
500,1095,669,3638,0,0,0
500,1095,748,3639,0,0,0
500,1096,334,3641,0,0,0
500,1096,518,3642,0,0,0
500,1097,981,3646,0,0,0
500,1097,1199,3647,0,2,0
500,1098,346,3648,0,0,0
500,1098,690,3650,0,0,0
500,1098,819,3651,0,0,0
500,1098,1294,3653,0,2,0
500,1099,360,3655,0,0,0
500,1099,513,3656,0,0,0
500,1099,822,3657,0,0,0
500,1099,913,3658,0,0,0
500,1100,521,3660,0,0,0
500,1100,549,3661,0,0,0
500,1100,710,3662,0,0,0
500,1100,981,3663,0,0,0
500,1100,1042,3664,0,0,0
500,1103,474,3668,0,0,0
500,1103,667,3669,0,0,0
500,1103,999,3670,0,0,0
500,1104,506,3673,0,0,0
500,1104,907,3676,0,0,0
500,1104,1046,3679,0,0,0
500,1105,898,3681,0,0,0
500,1105,1001,3682,0,0,0
500,1105,1241,3683,0,2,0
500,1106,883,3684,0,0,0
500,1107,917,3690,0,0,0
500,1108,481,3692,0,0,0
500,1108,885,3694,0,0,0
500,1109,543,3696,0,0,0
500,1110,554,3700,0,0,0
500,1110,823,3702,0,0,0
500,1110,1194,3704,0,2,0
500,1111,530,3706,0,0,0
500,1112,487,3708,0,0,0
500,1112,907,3709,0,0,0
500,1113,551,3710,0,0,0
500,1113,692,3711,0,0,1
500,1114,693,3714,0,0,1
500,1114,750,3716,0,0,0
500,1114,1039,3717,0,0,0
500,1115,488,3719,0,0,0
500,1115,528,3720,0,0,0
500,1115,697,3721,0,0,0
500,1116,426,3725,0,0,0
500,1116,440,3726,0,0,0
500,1117,449,3728,0,0,0
500,1117,1048,3730,0,0,0
500,1118,754,3732,0,0,0
500,1118,886,3733,0,0,0
500,1119,492,3734,0,0,0
500,1119,537,3735,0,0,0
500,1119,552,3736,0,0,0
500,1119,1043,3737,0,0,1
500,1120,554,3739,0,0,0
500,1120,733,3740,0,0,0
500,1120,1044,3742,0,0,1
500,1121,533,3744,0,0,0
500,1121,692,3745,0,0,0
500,1121,760,3746,0,0,0
500,1121,765,3747,0,0,0
500,1122,431,3750,0,0,0
500,1122,436,3751,0,0,0
500,1122,943,3752,0,0,0
500,1123,422,3753,0,0,0
500,1123,456,3754,0,0,0
500,1123,484,3755,0,0,0
500,1123,540,3757,0,0,0
500,1123,696,3758,0,0,0
500,1123,742,3759,0,0,0
500,1123,927,3760,0,0,0
500,1124,411,3763,0,0,0
500,1124,427,3764,0,0,0
500,1124,546,3765,0,0,0
500,1125,449,3766,0,0,0
500,1125,519,3768,0,0,0
500,1125,587,3769,0,0,0
500,1125,726,3770,0,0,0
500,1126,408,3772,0,0,0
500,1126,441,3773,0,0,0
500,1126,488,3774,0,0,0
500,1126,698,3776,0,0,0
500,1127,424,3777,0,0,0
500,1127,689,3778,0,0,0
500,1127,706,3779,0,0,0
500,1127,817,3780,0,0,0
500,1128,444,3782,0,0,0
500,1128,933,3787,0,0,0
500,1129,935,3789,0,0,0
500,1130,468,3791,0,0,0
500,1130,708,3792,0,0,0
500,1130,764,3793,0,0,0
500,1130,778,3794,0,0,0
500,1130,1084,3795,0,0,0
500,1130,1090,3796,0,0,0
500,1130,1093,3797,0,0,0
500,1132,489,3801,0,0,0
500,1132,594,3802,0,0,0
500,1132,686,3804,0,0,0
500,1132,753,3805,0,0,0
500,1133,401,3807,0,0,0
500,1133,436,3808,0,0,0
500,1133,441,3809,0,0,0
500,1133,1068,3812,0,0,1
500,1134,740,3813,0,0,0
500,1134,888,3814,0,0,0
500,1134,1046,3815,0,0,0
500,1134,1069,3816,0,0,1
500,1134,1074,3817,0,0,0
500,1135,434,3818,0,0,0
500,1135,480,3819,0,0,0
500,1135,485,3820,0,0,0
500,1135,576,3821,0,0,0
500,1136,684,3824,0,0,0
500,1138,486,3828,0,0,0
500,1139,459,3830,0,0,0
500,1139,519,3831,0,0,0
500,1139,587,3832,0,0,0
500,1140,453,3836,0,0,0
500,1140,926,3837,0,0,0
500,1140,942,3838,0,0,0
500,1140,1052,3839,0,0,0
500,1141,505,3840,0,0,0
500,1141,710,3842,0,0,0
500,1141,767,3843,0,0,0
500,1141,1076,3844,0,0,0
500,1142,747,3845,0,0,0
500,1142,757,3846,0,0,0
500,1142,810,3847,0,0,0
500,1142,889,3848,0,0,0
500,1142,1041,3850,0,0,0
500,1143,432,3852,0,0,0
500,1143,573,3853,0,0,0
500,1143,598,3854,0,0,0
500,1143,744,3856,0,0,0
500,1143,920,3857,0,0,0
500,1143,1060,3858,0,0,0
500,1144,492,3860,0,0,0
500,1144,582,3861,0,0,0
500,1144,674,3862,0,0,0
500,1144,750,3863,0,0,0
500,1144,875,3865,0,0,0
500,1144,1057,3866,0,0,0
500,1144,1092,3867,0,0,0
500,1145,462,3868,0,0,0
500,1146,435,3871,0,0,0
500,1146,482,3872,0,0,0
500,1146,499,3873,0,0,0
500,1146,927,3875,0,0,0
500,1148,891,3879,0,0,0
500,1149,485,3880,0,0,0
500,1149,673,3882,0,0,0
500,1149,762,3884,0,0,0
500,1149,889,3885,0,0,0
500,1149,1056,3886,0,0,0
500,1149,1082,3887,0,0,0
500,1150,428,3888,0,0,0
500,1150,431,3889,0,0,0
500,1150,497,3890,0,0,0
500,1150,921,3891,0,0,0
500,1150,1048,3892,0,0,0
500,1150,1059,3893,0,0,0
500,1152,494,3894,0,0,0
500,1152,601,3895,0,0,0
500,1154,488,3901,0,0,0
500,1154,886,3902,0,0,0
500,1154,936,3903,0,0,0
500,1154,948,3904,0,0,0
500,1154,1051,3905,0,0,0
500,1155,516,3906,0,0,0
500,1155,868,3907,0,0,0
500,1156,606,3909,0,0,0
500,1156,716,3910,0,0,0
500,1156,1051,3911,0,0,0
500,1158,422,3913,0,0,0
500,1158,677,3914,0,0,0
500,1158,716,3915,0,0,0
500,1158,726,3916,0,0,0
500,1158,887,3917,0,0,0
500,1158,1088,3918,0,0,0
500,1159,416,3919,0,0,0
500,1161,477,3927,0,0,0
500,1161,739,3928,0,0,0
500,1161,860,3929,0,0,0
500,1161,1046,3930,0,0,0
500,1161,1064,3932,0,0,0
500,1162,496,3933,0,0,0
500,1162,723,3934,0,0,0
500,1162,735,3935,0,0,0
500,1162,1050,3936,0,0,0
500,1162,1105,3937,0,0,1
500,1163,867,3938,0,0,0
500,1163,914,3939,0,0,0
500,1163,1104,3940,0,0,1
500,1164,1109,3945,0,0,0
500,1165,523,3948,0,0,0
500,1165,711,3951,0,0,0
500,1165,976,3952,0,0,0
500,1166,469,3955,0,0,0
500,1166,676,3956,0,0,0
500,1166,708,3957,0,0,0
500,1166,954,3959,0,0,0
500,1166,1051,3961,0,0,0
500,1167,780,3963,0,0,0
500,1167,966,3964,0,0,0
500,1167,1042,3965,0,0,0
500,1168,448,3968,0,0,0
500,1168,558,3969,0,0,0
500,1168,714,3971,0,0,0
500,1168,871,3972,0,0,0
500,1168,895,3973,0,0,0
500,1168,961,3974,0,0,0
500,1168,1106,3975,0,2,0
500,1169,501,3977,0,0,0
500,1169,674,3978,0,0,0
500,1169,742,3979,0,0,0
500,1170,434,3981,0,0,0
500,1171,450,3984,0,0,1
500,1171,454,3985,0,0,0
500,1171,659,3987,0,0,0
500,1171,700,3988,0,0,0
500,1171,736,3989,0,0,0
500,1171,877,3991,0,0,0
500,1171,896,3992,0,0,0
500,1171,952,3993,0,0,0
500,1172,424,3996,0,0,0
500,1172,451,3997,0,0,1
500,1172,508,3998,0,0,1
500,1172,745,4000,0,0,0
500,1173,509,4002,0,0,1
500,1173,553,4003,0,0,0
500,1173,707,4004,0,0,0
500,1173,971,4006,0,0,0
500,1173,1059,4007,0,0,0
500,1174,436,4008,0,0,0
500,1174,666,4009,0,0,0
500,1175,469,4011,0,0,0
500,1175,661,4012,0,0,0
500,1175,709,4013,0,0,0
500,1175,973,4014,0,0,0
500,1176,427,4015,0,0,0
500,1176,463,4016,0,0,0
500,1176,735,4017,0,0,0
500,1176,978,4020,0,0,0
500,1177,549,4021,0,0,0
500,1177,726,4023,0,0,0
500,1177,1112,4026,0,2,0
500,1178,698,4028,0,0,0
500,1178,1108,4030,0,2,0
500,1179,1059,4031,0,0,1
500,1180,472,4032,0,0,0
500,1180,568,4033,0,0,0
500,1180,1060,4036,0,0,1
500,1181,732,4040,0,0,0
500,1181,956,4041,0,0,0
500,1182,658,4045,0,0,0
500,1183,961,4049,0,0,0
500,1184,470,4052,0,0,0
500,1184,734,4054,0,0,0
500,1184,1101,4056,0,2,1
500,1185,714,4058,0,0,0
500,1185,1100,4060,0,2,1
500,1186,465,4061,0,0,0
500,1186,542,4062,0,0,0
500,1186,571,4063,0,0,0
500,1186,650,4064,0,0,0
500,1186,719,4065,0,0,0
500,1186,855,4066,0,0,0
500,1188,559,4072,0,0,0
500,1188,955,4073,0,0,0
500,1188,1093,4074,0,2,0
500,1189,440,4075,0,0,0
500,1189,473,4077,0,0,0
500,1189,938,4078,0,0,0
500,1189,1121,4079,0,2,0
500,1189,1124,4080,0,2,0
500,1190,494,4081,0,0,1
500,1190,553,4082,0,0,0
500,1190,978,4084,0,0,0
500,1191,493,4085,0,0,1
500,1191,590,4087,0,0,0
500,1191,852,4089,0,0,0
500,1192,500,4091,0,0,0
500,1192,711,4093,0,0,0
500,1193,730,4097,0,0,0
500,1193,735,4098,0,0,0
500,1194,437,4099,0,0,0
500,1194,577,4100,0,0,0
500,1195,562,4102,0,0,0
500,1195,585,4103,0,0,0
500,1195,860,4106,0,0,0
500,1195,970,4108,0,0,0
500,1195,976,4109,0,0,0
500,1195,1082,4111,0,2,0
500,1196,581,4112,0,0,0
500,1196,789,4114,0,0,0
500,1196,972,4116,0,0,0
500,1196,1106,4117,0,2,0
500,1197,894,4121,0,0,0
500,1197,970,4122,0,0,0
500,1198,483,4125,0,0,0
500,1198,584,4126,0,0,1
500,1199,585,4128,0,0,1
500,1199,863,4130,0,0,0
500,1200,485,4133,0,0,0
500,1200,490,4134,0,0,0
500,1201,780,4136,0,0,0
500,1201,787,4137,0,0,0
500,1202,554,4138,0,0,0
500,1202,849,4139,0,0,0
500,1202,860,4140,0,0,0
500,1202,906,4141,0,0,0
500,1203,564,4143,0,0,0
500,1204,890,4146,0,0,0
500,1204,903,4147,0,0,0
500,1206,476,4152,0,0,0
500,1206,479,4153,0,0,0
500,1206,499,4154,0,0,0
500,1206,561,4156,0,0,0
500,1207,543,4157,0,0,0
500,1207,684,4158,0,0,0
500,1207,717,4159,0,0,0
500,1207,869,4160,0,0,0
500,1207,887,4161,0,0,0
500,1208,496,4162,0,0,0
500,1208,502,4163,0,0,0
500,1209,545,4167,0,0,0
500,1209,550,4168,0,0,0
500,1209,792,4169,0,0,0
500,1209,846,4170,0,0,0
500,1209,896,4171,0,0,0
500,1210,473,4172,0,0,0
500,1210,652,4173,0,0,0
500,1211,477,4176,0,0,0
500,1211,873,4178,0,0,0
500,1212,647,4183,0,0,0
500,1212,680,4185,0,0,0
500,1213,835,4186,0,0,0
500,1214,726,4187,0,0,0
500,1214,860,4190,0,0,0
500,1214,873,4191,0,0,0
500,1214,907,4192,0,0,0
500,1215,508,4195,0,0,0
500,1215,567,4196,0,0,0
500,1216,691,4200,0,0,0
500,1216,793,4201,0,0,1
500,1216,842,4202,0,0,0
500,1217,508,4203,0,0,0
500,1217,563,4204,0,0,0
500,1217,792,4205,0,0,1
500,1218,528,4207,0,0,0
500,1218,550,4208,0,0,0
500,1218,557,4209,0,0,0
500,1218,733,4210,0,0,0
500,1218,783,4211,0,0,0
500,1218,866,4212,0,0,0
500,1218,870,4213,0,0,0
500,1219,560,4215,0,0,0
500,1220,555,4217,0,0,0
500,1220,744,4219,0,0,0
500,1220,785,4220,0,0,0
500,1220,794,4221,0,0,0
500,1220,831,4222,0,0,0
500,1220,842,4223,0,0,0
500,1221,573,4225,0,0,0
500,1221,848,4227,0,0,1
500,1222,849,4229,0,0,1
500,1222,855,4230,0,0,0
500,1224,657,4235,0,0,0
500,1224,672,4236,0,0,0
500,1224,978,4237,0,0,0
500,1224,983,4238,0,0,0
500,1224,1011,4239,0,0,0
500,1226,913,4241,0,0,0
500,1226,981,4242,0,0,0
500,1227,540,4244,0,0,0
500,1227,840,4245,0,0,0
500,1227,990,4246,0,0,0
500,1228,691,4247,0,0,0
500,1228,836,4249,0,0,0
500,1229,567,4251,0,0,0
500,1229,687,4252,0,0,0
500,1229,934,4256,0,0,0
500,1230,561,4257,0,0,0
500,1230,1007,4259,0,0,0
500,1231,538,4261,0,0,0
500,1232,658,4263,0,0,0
500,1232,695,4264,0,0,0
500,1232,741,4265,0,0,0
500,1232,917,4266,0,0,0
500,1232,983,4268,0,0,0
500,1233,1008,4271,0,0,0
500,1234,942,4274,0,0,0
500,1234,988,4275,0,0,0
500,1235,971,4278,0,0,0
500,1236,730,4280,0,0,0
500,1236,753,4281,0,0,0
500,1237,540,4282,0,0,0
500,1237,653,4283,0,0,0
500,1237,893,4285,0,0,0
500,1239,661,4290,0,0,0
500,1239,737,4291,0,0,0
500,1239,799,4292,0,0,0
500,1239,877,4293,0,0,0
500,1239,916,4294,0,0,0
500,1240,700,4296,0,0,0
500,1240,775,4297,0,0,0
500,1241,545,4300,0,0,0
500,1241,857,4302,0,0,0
500,1241,921,4303,0,0,0
500,1242,491,4306,0,0,0
500,1242,560,4307,0,0,0
500,1242,651,4308,0,0,0
500,1242,895,4312,0,0,0
500,1242,979,4313,0,0,0
500,1242,992,4314,0,0,0
500,1243,932,4316,0,0,0
500,1244,557,4320,0,0,0
500,1244,669,4322,0,0,0
500,1245,767,4325,0,0,0
500,1245,770,4326,0,0,0
500,1245,915,4328,0,0,0
500,1245,920,4329,0,0,0
500,1245,965,4330,0,0,0
500,1246,862,4332,0,0,0
500,1246,958,4333,0,0,0
500,1247,488,4335,0,0,0
500,1247,524,4336,0,0,0
500,1247,537,4337,0,0,0
500,1247,845,4339,0,0,0
500,1248,637,4342,0,0,0
500,1248,790,4343,0,0,0
500,1248,860,4344,0,0,0
500,1248,925,4345,0,0,0
500,1249,487,4346,0,0,1
500,1249,684,4347,0,0,0
500,1249,854,4349,0,0,0
500,1249,902,4350,0,0,0
500,1250,486,4352,0,0,1
500,1250,514,4353,0,0,0
500,1250,681,4354,0,0,0
500,1250,870,4356,0,0,0
500,1250,994,4357,0,0,0
500,1251,494,4358,0,0,0
500,1251,625,4360,0,0,0
500,1251,901,4364,0,0,0
500,1251,986,4365,0,0,0
500,1252,542,4368,0,0,0
500,1252,690,4369,0,0,0
500,1253,432,4373,0,2,0
500,1253,532,4374,0,0,0
500,1253,637,4376,0,0,0
500,1253,703,4377,0,0,0
500,1253,1009,4378,0,0,0
500,1253,1013,4379,0,0,0
500,1254,492,4380,0,0,0
500,1254,894,4384,0,0,0
500,1254,1005,4385,0,0,0
500,1255,424,4386,0,2,0
500,1255,531,4387,0,0,0
500,1255,620,4388,0,0,0
500,1255,635,4389,0,0,0
500,1255,661,4390,0,0,0
500,1255,842,4391,0,0,0
500,1255,928,4393,0,0,0
500,1255,977,4395,0,0,0
500,1256,488,4396,0,0,0
500,1256,505,4397,0,0,0
500,1256,912,4399,0,0,0
500,1256,972,4400,0,0,0
500,1256,975,4401,0,0,0
500,1257,743,4403,0,0,0
500,1257,978,4405,0,0,0
500,1258,919,4406,0,0,0
500,1258,976,4407,0,0,0
500,1259,934,4413,0,0,0
500,1259,940,4414,0,0,0
500,1259,1005,4415,0,0,1
500,1260,468,4416,0,0,0
500,1260,524,4417,0,0,0
500,1260,647,4418,0,0,0
500,1260,711,4419,0,0,0
500,1260,1006,4420,0,0,1
500,1261,739,4423,0,0,0
500,1261,910,4424,0,0,0
500,1262,908,4429,0,0,0
500,1262,919,4430,0,0,0
500,1263,710,4433,0,0,0
500,1263,947,4434,0,0,1
500,1263,998,4435,0,0,0
500,1264,548,4436,0,0,0
500,1264,886,4439,0,0,0
500,1264,888,4440,0,0,0
500,1264,896,4441,0,0,0
500,1264,948,4442,0,0,1
500,1265,522,4443,0,0,0
500,1265,609,4444,0,0,0
500,1265,644,4445,0,0,0
500,1267,517,4453,0,0,0
500,1267,541,4454,0,0,0
500,1267,898,4457,0,0,0
500,1267,902,4458,0,0,0
500,1267,975,4460,0,0,0
500,1267,999,4461,0,0,0
500,1268,546,4462,0,0,0
500,1268,717,4464,0,0,0
500,1268,802,4465,0,2,0
500,1268,892,4466,0,0,0
500,1268,973,4467,0,0,0
500,1269,712,4469,0,0,0
500,1270,451,4470,0,2,0
500,1270,638,4471,0,0,0
500,1270,799,4472,0,2,0
500,1270,836,4473,0,0,0
500,1270,838,4474,0,0,0
500,1271,549,4477,0,0,0
500,1271,628,4478,0,0,0
500,1271,647,4479,0,0,0
500,1272,452,4481,0,2,0
500,1272,621,4483,0,0,0
500,1272,801,4484,0,2,0
500,1272,1011,4485,0,0,0
500,1273,473,4487,0,2,0
500,1273,637,4489,0,0,0
500,1273,1000,4492,0,2,0
500,1274,488,4493,0,0,0
500,1274,515,4494,0,0,1
500,1274,883,4496,0,0,0
500,1274,918,4497,0,0,1
500,1274,974,4498,0,0,0
500,1274,1018,4499,0,0,0
500,1275,516,4500,0,0,1
500,1275,673,4503,0,0,0
500,1275,690,4504,0,0,0
500,1275,701,4505,0,0,0
500,1275,710,4506,0,0,0
500,1275,917,4508,0,0,1
500,1275,1002,4509,0,2,0
500,1275,1015,4510,0,0,0
500,1276,553,4512,0,0,0
500,1277,421,4517,0,2,0
500,1277,582,4518,0,0,0
500,1277,839,4520,0,0,0
500,1277,899,4522,0,0,0
500,1278,836,4524,0,0,0
500,1278,906,4525,0,0,0
500,1279,814,4533,0,0,0
500,1280,477,4535,0,2,0
500,1280,522,4536,0,0,0
500,1280,707,4537,0,0,0
500,1281,423,4538,0,2,0
500,1281,450,4539,0,2,0
500,1281,453,4540,0,2,0
500,1281,662,4542,0,0,0
500,1282,536,4545,0,0,0
500,1282,562,4546,0,0,0
500,1282,642,4547,0,0,0
500,1282,1005,4549,0,2,0
500,1283,481,4551,0,2,0
500,1283,515,4552,0,0,0
500,1283,644,4553,0,0,0
500,1283,900,4555,0,0,0
500,1283,904,4556,0,0,0
500,1283,1003,4557,0,2,0
500,1284,517,4558,0,0,0
500,1284,572,4559,0,0,0
500,1285,446,4563,0,2,0
500,1285,560,4564,0,0,0
500,1286,430,4565,0,2,0
500,1287,439,4568,0,2,0
500,1287,970,4570,0,0,0
500,1287,983,4571,0,0,0
500,1288,574,4572,0,0,0
500,1289,484,4575,0,2,0
500,1289,584,4576,0,0,1
500,1289,702,4579,0,0,0
500,1289,710,4580,0,0,0
500,1289,776,4581,0,2,0
500,1289,831,4582,0,0,0
500,1290,566,4584,0,0,0
500,1290,576,4585,0,0,0
500,1290,585,4586,0,0,1
500,1291,616,4590,0,2,0
500,1291,686,4591,0,0,0
500,1291,789,4592,0,2,0
500,1291,801,4593,0,2,0
500,1292,498,4595,0,2,0
500,1292,507,4596,0,2,0
500,1293,524,4600,0,0,0
500,1295,428,4604,0,2,0
500,1295,512,4605,0,2,0
500,1295,698,4606,0,0,0
500,1295,797,4607,0,2,0
500,1296,493,4608,0,2,0
500,1296,519,4609,0,0,0
500,1296,621,4611,0,2,0
500,1297,537,4615,0,2,0
500,1299,535,4619,0,2,0
500,1299,827,4620,0,2,0
500,1299,868,4621,0,2,0
500,1300,800,4622,0,2,0
500,1302,704,4623,0,0,0
500,1303,869,4626,0,2,0
500,1304,1013,4629,0,2,0
500,1306,460,4631,0,2,0
500,1306,874,4632,0,2,0
500,1307,1016,4634,0,2,0
500,1310,720,4637,0,0,0
500,1310,973,4639,0,2,0
500,1311,819,4641,0,2,0
500,1313,821,4642,0,2,0
500,1314,1004,4645,0,2,0
500,1315,618,4647,0,2,0
500,1317,512,4648,0,2,0
500,1317,619,4649,0,2,0
500,1317,990,4651,0,2,0
500,1318,878,4652,0,2,0
500,1318,1003,4653,0,2,0
500,1320,634,4659,0,2,0
500,1323,529,4662,0,2,0
500,1323,541,4663,0,2,0
500,1323,973,4665,0,2,0
500,1324,548,4666,0,2,0
500,1324,962,4667,0,2,0
500,1324,976,4668,0,2,0
500,1325,531,4669,0,2,0
500,1327,965,4670,0,2,0
500,1329,1001,4672,0,2,0
500,1329,1042,4673,0,2,1
500,1330,963,4675,0,2,1
500,1330,1025,4676,0,2,0
500,1330,1042,4677,0,2,1
500,1331,964,4679,0,2,1
500,1334,957,4680,0,2,0
500,1336,955,4681,0,2,0
500,1345,995,4685,0,2,0
500,1361,996,4688,0,2,0
500,1362,989,4689,0,2,0
500,1362,1008,4690,0,2,1
500,1363,1007,4691,0,2,1
500,1364,962,4692,0,2,0
500,1364,1001,4693,0,2,0
500,1368,1011,4694,0,2,0
500,1371,973,4696,0,2,0
500,1375,971,4698,0,2,0
500,1378,966,4699,0,2,0
500,1379,969,4700,0,2,0
500,1382,970,4701,0,2,0
500,1384,1015,4702,0,2,0
500,1385,971,4703,0,2,0
500,1387,1018,4704,0,2,0
500,1390,998,4705,0,2,1
500,1391,960,4706,0,2,0
500,1391,997,4707,0,2,1
